run_id,episode,sim_env_id,policy_name,slam_mode,Psucc_episode,tau_i_sec,Dinc_episode,Aloc_episode,Econ_Wh_episode,Etime_sec_episode,coverage_C,mu_cvg_final,waypoints_reached,pre_drift_alerts,mean_speed_mps,mean_mu_T,mean_mu_L,mean_mu_W,mean_mu_A,reward_sum,op_cbrs_lib_hits,op_cbrs_lib_misses,op_cbrs_lib_misses_no_lib,op_cbrs_lib_hit_ratio,terminated,truncated
20260515_191340,2,e1,PPO-OSD+Fuzzy-NoOPCBRS-Source-e1,proxy,0,72.0,0,0.98,3.950084801530201,0.0,0.375,0.28218750000000004,10,18,0.7204095113608572,0.6525069444444442,1.0,0.28762125035720315,0.9142344458592645,664.4844763727325,0,0,900,0.0,0,1
20260515_191340,3,e1,PPO-OSD+Fuzzy-NoOPCBRS-Source-e1,proxy,0,72.0,0,0.9855555555555555,3.993547116940627,0.0,0.375,0.30625,11,16,0.7631071586079068,0.5952480158730158,1.0,0.9204118876019787,0.9195017340740494,692.2158651723902,0,0,900,0.0,0,1
20260515_191340,4,e1,PPO-OSD+Fuzzy-NoOPCBRS-Source-e1,proxy,0,72.0,0,0.9933333333333333,3.97220506854272,0.0,0.375,0.30625,11,18,0.7422815983825259,0.6389474206349208,1.0,0.6601262792549567,0.8987409661818074,686.3370413769043,0,0,900,0.0,0,1
20260515_191340,5,e1,PPO-OSD+Fuzzy-NoOPCBRS-Source-e1,proxy,0,72.0,1,0.9888888888888889,3.9628516940002427,0.0,0.375,0.30625,11,15,0.7326575508713722,0.6334732142857142,1.0,0.46972429950898653,0.9168381828354247,684.9527665146818,0,0,900,0.0,0,1
20260515_191340,6,e1,PPO-OSD+Fuzzy-NoOPCBRS-Source-e1,proxy,0,72.0,0,0.9911111111111112,4.007535189612485,0.0,0.375,0.30625,11,24,0.7768189883563253,0.5844087301587302,1.0,1.0,0.9197446465895815,696.3823314492422,0,0,900,0.0,0,1
20260515_191340,7,e1,PPO-OSD+Fuzzy-NoOPCBRS-Source-e1,proxy,0,72.0,0,0.9788888888888889,3.995919063588161,0.0,0.375,0.30625,11,8,0.7652717746297518,0.5922807539682539,1.0,0.7966342458103428,0.9197896483828334,692.5990252792462,0,0,900,0.0,0,1
20260515_191340,8,e1,PPO-OSD+Fuzzy-NoOPCBRS-Source-e1,proxy,0,72.0,0,0.9866666666666667,3.9627765262678474,0.0,0.375,0.30625,11,6,0.7332411227126916,0.634623015873016,1.0,0.4352099068507878,0.9167369333287301,685.7212919365084,0,0,900,0.0,0,1
20260515_191340,9,e1,PPO-OSD+Fuzzy-NoOPCBRS-Source-e1,proxy,0,72.0,0,0.9933333333333333,3.957030609579133,0.0,0.375,0.26742187500000003,11,9,0.7275270308554173,0.6418660714285713,1.0,0.30279262209867636,0.9147415520015384,684.0878143284077,0,0,900,0.0,0,1
20260515_191340,10,e1,PPO-OSD+Fuzzy-NoOPCBRS-Source-e1,proxy,0,72.0,3,0.9933333333333333,3.9829459193611583,0.0,0.375,0.30625,11,20,0.752269080678622,0.6051636904761903,1.0,0.6683295003207406,0.9184526770334277,688.4577350319503,0,0,900,0.0,0,1
20260515_191340,11,e1,PPO-OSD+Fuzzy-NoOPCBRS-Source-e1,proxy,0,72.0,2,0.99,3.965669103867067,0.0,0.375,0.30625,11,17,0.7359015128844314,0.6316230158730162,1.0,0.4579273533299391,0.9172353002180647,685.7356966059237,0,0,900,0.0,0,1
20260515_191340,12,e1,PPO-OSD+Fuzzy-NoOPCBRS-Source-e1,proxy,0,72.0,1,0.9788888888888889,3.9986688984909198,0.0,0.375,0.30625,11,16,0.7685490746299426,0.5924523809523808,1.0,0.8082770309827387,0.9193187342256457,693.5280831981842,0,0,900,0.0,0,1
20260515_191340,13,e1,PPO-OSD+Fuzzy-NoOPCBRS-Source-e1,proxy,0,72.0,1,0.9922222222222222,3.993825712894745,0.0,0.375,0.30625,11,16,0.76370404591163,0.5972886904761905,1.0,0.7222137683876664,0.9193889780697851,692.6954405333037,0,0,900,0.0,0,1
20260515_191340,14,e1,PPO-OSD+Fuzzy-NoOPCBRS-Source-e1,proxy,0,72.0,1,0.9866666666666667,3.9923861992118104,0.0,0.375,0.30625,11,10,0.762425522406896,0.6002202380952381,1.0,0.6779578220572473,0.9196657233975001,692.2394172871966,0,0,900,0.0,0,1
20260515_191340,15,e1,PPO-OSD+Fuzzy-NoOPCBRS-Source-e1,proxy,0,72.0,0,0.9777777777777777,3.99267730955352,0.0,0.375,0.30625,11,42,0.7623442308604718,0.5957500000000001,1.0,0.79504153245617,0.9190208391952148,691.6589806505259,0,0,900,0.0,0,1
20260515_191340,16,e1,PPO-OSD+Fuzzy-NoOPCBRS-Source-e1,proxy,0,72.0,0,0.9911111111111112,4.006730793544088,0.0,0.375,0.30625,11,18,0.7758820294340452,0.5851765873015872,1.0,0.9168376255743187,0.9202018561028802,696.2645754251342,0,0,900,0.0,0,1
20260515_191340,17,e1,PPO-OSD+Fuzzy-NoOPCBRS-Source-e1,proxy,0,72.0,1,0.9777777777777777,3.9720487810400287,0.0,0.375,0.30625,11,8,0.7424889536201954,0.6225853174603173,1.0,0.416524885586099,0.9173898407977075,686.7442540938536,0,0,900,0.0,0,1
20260515_191340,18,e1,PPO-OSD+Fuzzy-NoOPCBRS-Source-e1,proxy,0,72.0,0,0.9955555555555555,3.9831306509629365,0.0,0.375,0.30625,11,24,0.7530500660174423,0.6089017857142858,1.0,0.5485816540421068,0.9188388274866155,690.3218249649149,0,0,900,0.0,0,1
20260515_191340,19,e1,PPO-OSD+Fuzzy-NoOPCBRS-Source-e1,proxy,0,72.0,1,0.9866666666666667,3.99192609451366,0.0,0.375,0.30625,11,31,0.761858664204677,0.6010367063492063,1.0,0.5780047141922166,0.9189834835930492,692.1578445167111,0,0,900,0.0,0,1
20260515_191340,20,e1,PPO-OSD+Fuzzy-NoOPCBRS-Source-e1,proxy,0,72.0,2,0.9866666666666667,3.993198100534212,0.0,0.375,0.30625,11,28,0.7632486834625403,0.5975932539682539,1.0,0.5778303542828519,0.9192640647470649,691.6298202369244,0,0,900,0.0,0,1
20260515_191340,21,e1,PPO-OSD+Fuzzy-NoOPCBRS-Source-e1,proxy,0,72.0,1,0.9877777777777778,3.973401511779756,0.0,0.375,0.30625,11,19,0.743418836593628,0.6159573412698413,1.0,0.4206902868565219,0.9185979185060217,687.0975558266503,0,0,900,0.0,0,1
20260515_191340,22,e1,PPO-OSD+Fuzzy-NoOPCBRS-Source-e1,proxy,0,72.0,0,0.9666666666666667,3.969073550813267,0.0,0.375,0.30625,11,15,0.7394135111901495,0.6263204365079367,1.0,0.37276340356073034,0.917508836588046,686.1223147850679,0,0,900,0.0,0,1
20260515_191340,23,e1,PPO-OSD+Fuzzy-NoOPCBRS-Source-e1,proxy,0,72.0,1,0.9933333333333333,3.9980234461601176,0.0,0.375,0.30625,11,27,0.7676056800120407,0.5918303571428571,1.0,0.7165742000039811,0.9190217534370754,693.4540564888775,0,0,900,0.0,0,1
20260515_191340,24,e1,PPO-OSD+Fuzzy-NoOPCBRS-Source-e1,proxy,0,72.0,2,0.9855555555555555,4.009332409527854,0.0,0.375,0.30625,11,16,0.7781887339883381,0.5827113095238092,1.0,0.8386657084243985,0.9201893638495657,695.9441735720864,0,0,900,0.0,0,1
20260515_191340,25,e1,PPO-OSD+Fuzzy-NoOPCBRS-Source-e1,proxy,0,72.0,1,0.9877777777777778,3.9989236103936836,0.0,0.375,0.30625,11,23,0.768534578267071,0.591733134920635,1.0,0.7265148437808083,0.9200884300234916,693.6427066931873,0,0,900,0.0,0,1
20260515_191340,26,e1,PPO-OSD+Fuzzy-NoOPCBRS-Source-e1,proxy,0,72.0,0,0.9722222222222222,3.9856865990075474,0.0,0.375,0.30625,11,11,0.7557427771223916,0.606848214285714,1.0,0.6284559800816395,0.9183812264785925,690.3364845159268,0,0,900,0.0,0,1
20260515_191340,27,e1,PPO-OSD+Fuzzy-NoOPCBRS-Source-e1,proxy,0,72.0,0,0.9888888888888889,3.975561205889096,0.0,0.375,0.30625,11,9,0.745575656907426,0.6180436507936511,1.0,0.43379964656999437,0.9180897033717313,687.9772676206268,0,0,900,0.0,0,1
20260515_191340,28,e1,PPO-OSD+Fuzzy-NoOPCBRS-Source-e1,proxy,0,72.0,4,0.9777777777777777,3.9820532893590923,0.0,0.375,0.30625,11,44,0.7522265576985148,0.610609126984127,1.0,0.4665590914719318,0.9183498398734568,688.1109751816978,0,0,900,0.0,0,1
20260515_191340,29,e1,PPO-OSD+Fuzzy-NoOPCBRS-Source-e1,proxy,0,72.0,0,0.9888888888888889,3.9879278959262883,0.0,0.375,0.30625,11,21,0.757902619904942,0.6017430555555554,1.0,0.5501776692666343,0.9193271336676887,691.0868583535408,0,0,900,0.0,0,1
20260515_191340,30,e1,PPO-OSD+Fuzzy-NoOPCBRS-Source-e1,proxy,0,72.0,0,0.9955555555555555,4.005742706783104,0.0,0.375,0.30625,11,16,0.7756372657087114,0.5862162698412697,1.0,0.700922415003103,0.9201736112147628,695.9820242978021,0,0,900,0.0,0,1
20260515_191340,31,e1,PPO-OSD+Fuzzy-NoOPCBRS-Source-e1,proxy,0,72.0,2,0.9944444444444445,3.9839797141668125,0.0,0.375,0.30625,11,15,0.7538478236065971,0.607923611111111,1.0,0.510493011519842,0.9178573991307395,689.5664942506961,0,0,900,0.0,0,1
20260515_191340,32,e1,PPO-OSD+Fuzzy-NoOPCBRS-Source-e1,proxy,0,72.0,1,0.9922222222222222,3.9725878546661826,0.0,0.375,0.30625,11,37,0.742800000326501,0.6225625000000002,1.0,0.39917573153771196,0.9177201966105754,687.5596271495707,0,0,900,0.0,0,1
20260515_191340,33,e1,PPO-OSD+Fuzzy-NoOPCBRS-Source-e1,proxy,0,72.0,1,0.9788888888888889,3.9653789931004346,0.0,0.375,0.30625,11,16,0.7356984767648909,0.6311567460317461,1.0,0.3513325219288214,0.9173609559786404,685.4748748684456,0,0,900,0.0,0,1
20260515_191340,34,e1,PPO-OSD+Fuzzy-NoOPCBRS-Source-e1,proxy,0,72.0,2,0.9888888888888889,3.9918585457233404,0.0,0.375,0.30625,11,26,0.7615420800613032,0.5992519841269841,1.0,0.7979169106057398,0.9192172629903586,691.6842674746201,0,0,900,0.0,0,1
20260515_191340,35,e1,PPO-OSD+Fuzzy-NoOPCBRS-Source-e1,proxy,0,72.0,1,0.9944444444444445,3.9604326363902627,0.0,0.375,0.30625,11,4,0.7308445394370291,0.63771626984127,1.0,0.30787641981402825,0.9157841754216623,684.8239558735846,0,0,900,0.0,0,1
20260515_191340,36,e1,PPO-OSD+Fuzzy-NoOPCBRS-Source-e1,proxy,0,72.0,0,0.9677777777777777,3.959815602257737,0.0,0.375,0.30625,11,20,0.7303513546453582,0.6399841269841272,1.0,0.3136496959094127,0.9162039706036794,684.6464125678415,0,0,900,0.0,0,1
20260515_191340,37,e1,PPO-OSD+Fuzzy-NoOPCBRS-Source-e1,proxy,0,72.0,0,0.9777777777777777,3.958929398852917,0.0,0.375,0.2625,11,13,0.7294772152105967,0.6383382936507935,1.0,0.262774231208419,0.9161439821212032,684.3522348711274,0,0,900,0.0,0,1
20260515_191340,38,e1,PPO-OSD+Fuzzy-NoOPCBRS-Source-e1,proxy,0,72.0,0,0.9944444444444445,3.974920466448375,0.0,0.375,0.30625,11,9,0.7452951942218674,0.6215000000000002,1.0,0.5747012720248252,0.9183555252039455,689.1199798758167,0,0,900,0.0,0,1
20260515_191340,39,e1,PPO-OSD+Fuzzy-NoOPCBRS-Source-e1,proxy,0,72.0,0,0.99,3.9969593646304498,0.0,0.375,0.30625,11,18,0.7661203461885452,0.589876984126984,1.0,0.8300372525327476,0.9195848166816702,693.1643848192772,0,0,900,0.0,0,1
20260515_191340,40,e1,PPO-OSD+Fuzzy-NoOPCBRS-Source-e1,proxy,0,72.0,2,0.9733333333333334,3.9550841163620705,0.0,0.375,0.27234375,10,20,0.7258747148182657,0.6462490079365079,1.0,0.3476558107313439,0.9153484333542844,665.0228305367922,0,0,900,0.0,0,1
20260515_191340,41,e1,PPO-OSD+Fuzzy-NoOPCBRS-Source-e1,proxy,0,72.0,1,0.9944444444444445,3.971396925234288,0.0,0.375,0.30625,11,19,0.7410073618094126,0.6217916666666667,1.0,0.5688988247822386,0.9180126629279135,686.9917121930471,0,0,900,0.0,0,1
20260515_191340,42,e1,PPO-OSD+Fuzzy-NoOPCBRS-Source-e1,proxy,0,72.0,1,0.9788888888888889,3.9617881281496805,0.0,0.375,0.30625,11,20,0.7318294369346565,0.6356884920634919,1.0,0.45262411720487755,0.9161141999243512,684.7991899691995,0,0,900,0.0,0,1
20260515_191340,43,e1,PPO-OSD+Fuzzy-NoOPCBRS-Source-e1,proxy,0,72.0,1,0.9944444444444445,3.963939761214872,0.0,0.375,0.30625,11,10,0.7344649126629035,0.6337837301587304,1.0,0.4947159796655406,0.9173743701824498,685.9820042684838,0,0,900,0.0,0,1
20260515_191340,44,e1,PPO-OSD+Fuzzy-NoOPCBRS-Source-e1,proxy,0,72.0,0,0.9777777777777777,3.9666310202199093,0.0,0.375,0.30625,11,22,0.7364831246435642,0.6286428571428573,1.0,0.5175358098790521,0.9170881178145113,685.8436204496638,0,0,900,0.0,0,1
20260515_191340,45,e1,PPO-OSD+Fuzzy-NoOPCBRS-Source-e1,proxy,0,72.0,1,0.9833333333333333,3.9734353557482587,0.0,0.375,0.30625,11,35,0.7432761564188534,0.6194236111111113,1.0,0.5954992107037924,0.9179988256241702,687.1723375281045,0,0,900,0.0,0,1
20260515_191340,46,e1,PPO-OSD+Fuzzy-NoOPCBRS-Source-e1,proxy,0,72.0,1,0.9944444444444445,3.990705166629756,0.0,0.375,0.30625,11,7,0.7602605656451649,0.6004246031746032,1.0,0.8160832633992634,0.9193966544777188,691.8875084951144,0,0,900,0.0,0,1
20260515_191340,47,e1,PPO-OSD+Fuzzy-NoOPCBRS-Source-e1,proxy,0,72.0,1,0.9977777777777778,3.9791166049867153,0.0,0.37015854049435537,0.3006016305767479,11,15,0.7485347306728363,0.6268968253968256,0.9139296087885281,0.8879754376409544,0.9003151615955695,687.520980786071,0,0,900,0.0,0,1
20260515_191340,48,e1,PPO-OSD+Fuzzy-NoOPCBRS-Source-e1,proxy,0,72.0,2,0.99,3.9565626948804167,0.0,0.375,0.27234375,10,26,0.7270423771275414,0.6456140873015872,1.0,0.44865471260778034,0.9149380422238685,665.8853830824997,0,0,900,0.0,0,1
20260515_191340,49,e1,PPO-OSD+Fuzzy-NoOPCBRS-Source-e1,proxy,0,72.0,1,0.9766666666666667,3.955581310508737,0.0,0.375,0.27234375,10,13,0.7259059339099461,0.6434662698412696,1.0,0.39240620840157253,0.9144579480304733,664.7789073853811,0,0,900,0.0,0,1
20260515_191340,50,e1,PPO-OSD+Fuzzy-NoOPCBRS-Source-e1,proxy,0,72.0,2,0.98,3.9484888141034804,0.0,0.375,0.28710937500000006,10,18,0.718737834940354,0.6538025793650794,1.0,0.27337414407647725,0.9144738503254057,663.0365650110497,0,0,900,0.0,0,1
20260515_191340,51,e1,PPO-OSD+Fuzzy-NoOPCBRS-Source-e1,proxy,0,72.0,1,0.9877777777777778,4.009083510602106,0.0,0.375,0.30625,11,19,0.7783981200721529,0.58547123015873,1.0,0.9828377798843083,0.9200416463190966,696.4171282422027,0,0,900,0.0,0,1
20260515_191340,52,e1,PPO-OSD+Fuzzy-NoOPCBRS-Source-e1,proxy,0,72.0,1,0.9844444444444445,3.9684814391950614,0.0,0.375,0.30625,11,15,0.7383440890577104,0.6242113095238098,1.0,0.4537281786223266,0.9170550012434993,685.5961974354442,0,0,900,0.0,0,1
20260515_191340,53,e1,PPO-OSD+Fuzzy-NoOPCBRS-Source-e1,proxy,0,72.0,0,0.9911111111111112,4.010451623502987,0.0,0.375,0.30625,11,4,0.7791988106237517,0.581813492063492,1.0,0.8949142294618108,0.9195068620855876,696.7475776707131,0,0,900,0.0,0,1
20260515_191340,54,e1,PPO-OSD+Fuzzy-NoOPCBRS-Source-e1,proxy,0,72.0,0,0.99,3.963197287333005,0.0,0.375,0.30625,11,22,0.7335655345519384,0.635063492063492,1.0,0.272132844238007,0.9167303003915973,685.4604394736308,0,0,900,0.0,0,1
20260515_191340,55,e1,PPO-OSD+Fuzzy-NoOPCBRS-Source-e1,proxy,0,72.0,2,0.97,3.97232862369847,0.0,0.3676416518614206,0.29766526050499076,11,27,0.7423392263385985,0.6233561507936508,0.8691849219808243,0.4804595824368187,0.9177578822490587,686.1969990156173,0,0,900,0.0,0,1
20260515_191340,56,e1,PPO-OSD+Fuzzy-NoOPCBRS-Source-e1,proxy,0,72.0,2,0.9644444444444444,3.9659193908247943,0.0,0.375,0.30625,11,25,0.7361214855810007,0.6298154761904765,1.0,0.22374194999603428,0.9170791155598303,684.7944617743146,0,0,900,0.0,0,1
20260515_191340,57,e1,PPO-OSD+Fuzzy-NoOPCBRS-Source-e1,proxy,0,72.0,0,0.9766666666666667,3.9637063755018236,0.0,0.375,0.30625,11,11,0.7342634493940406,0.6334890873015875,1.0,0.09294047356386119,0.9170920762223086,685.4748921495335,0,0,900,0.0,0,1
20260515_191340,58,e1,PPO-OSD+Fuzzy-NoOPCBRS-Source-e1,proxy,0,72.0,2,0.9911111111111112,4.03848042982074,0.0,0.375,0.30625,12,35,0.8055227285623551,0.561836309523809,1.0,1.0,0.9202028735464052,721.5644652485009,0,0,900,0.0,0,1
20260515_191340,59,e1,PPO-OSD+Fuzzy-NoOPCBRS-Source-e1,proxy,0,72.0,1,0.9744444444444444,4.010632930715415,0.0,0.375,0.30625,11,18,0.7804264404045211,0.5845446428571427,1.0,0.7019180608045188,0.9196209270098349,696.4340160520418,0,0,900,0.0,0,1
20260515_191340,60,e1,PPO-OSD+Fuzzy-NoOPCBRS-Source-e1,proxy,0,72.0,2,0.9822222222222222,4.0247642420469605,0.0,0.375,0.30625,11,14,0.7930745531453026,0.572455357142857,1.0,0.8563331115392505,0.919354893386676,699.4301758297497,0,0,900,0.0,0,1
20260515_191340,61,e1,PPO-OSD+Fuzzy-NoOPCBRS-Source-e1,proxy,0,72.0,0,0.9933333333333333,4.023067588504351,0.0,0.375,0.30625,11,5,0.791472101741367,0.5743373015873013,1.0,0.9268553413657017,0.9198983414635009,700.7465679883146,0,0,900,0.0,0,1
20260515_191340,62,e1,PPO-OSD+Fuzzy-NoOPCBRS-Source-e1,proxy,0,72.0,1,0.9911111111111112,3.971640032013642,0.0,0.375,0.30625,11,16,0.7417713563640912,0.6239166666666669,1.0,0.33994164676402744,0.9180000728969806,687.3375823808273,0,0,900,0.0,0,1
20260515_191340,63,e1,PPO-OSD+Fuzzy-NoOPCBRS-Source-e1,proxy,0,72.0,1,0.9866666666666667,4.004628685447246,0.0,0.375,0.30625,11,37,0.7742601632078489,0.5877162698412699,1.0,0.8320256063252601,0.9151555313132,694.4198345461753,0,0,900,0.0,0,1
20260515_191340,64,e1,PPO-OSD+Fuzzy-NoOPCBRS-Source-e1,proxy,0,72.0,0,0.9877777777777778,4.003930856464097,0.0,0.375,0.30625,11,11,0.7736567656530274,0.5887559523809521,1.0,0.7116656261730099,0.9201720346027513,695.215336547922,0,0,900,0.0,0,1
20260515_191340,65,e1,PPO-OSD+Fuzzy-NoOPCBRS-Source-e1,proxy,0,72.0,0,0.9777777777777777,3.9878994234038205,0.0,0.375,0.30625,11,24,0.7579284930891461,0.6032946428571427,1.0,0.4971464247869863,0.9191535108761544,691.138902364011,0,0,900,0.0,0,1
20260515_191340,66,e1,PPO-OSD+Fuzzy-NoOPCBRS-Source-e1,proxy,0,72.0,0,0.9866666666666667,3.962089974719132,0.0,0.375,0.30625,11,22,0.732636463145415,0.6360902777777778,1.0,0.22779443684964903,0.9172020995176424,685.0085100701305,0,0,900,0.0,0,1
20260515_191340,67,e1,PPO-OSD+Fuzzy-NoOPCBRS-Source-e1,proxy,0,72.0,4,0.9733333333333334,3.968459857519959,0.0,0.375,0.30625,11,21,0.7384185535874632,0.6263462301587304,1.0,0.27044381276382373,0.917757515306584,684.5996577070066,0,0,900,0.0,0,1
20260515_191340,68,e1,PPO-OSD+Fuzzy-NoOPCBRS-Source-e1,proxy,0,72.0,1,0.98,3.989083275559955,0.0,0.375,0.30625,11,20,0.7592415288256275,0.6017688492063492,1.0,0.49796266053118954,0.9191675853270485,691.0200846607569,0,0,900,0.0,0,1
20260515_191340,69,e1,PPO-OSD+Fuzzy-NoOPCBRS-Source-e1,proxy,0,72.0,1,0.9944444444444445,4.015171570560287,0.0,0.375,0.30625,11,15,0.7844736032519075,0.5789662698412696,1.0,0.7938598801174135,0.9196719527506708,698.1127575871054,0,0,900,0.0,0,1
20260515_191340,70,e1,PPO-OSD+Fuzzy-NoOPCBRS-Source-e1,proxy,0,72.0,0,0.9977777777777778,4.033231348468522,0.0,0.375,0.30625,12,17,0.8006488083634111,0.5662678571428567,1.0,1.0,0.9197961483933726,721.2865771966995,0,0,900,0.0,0,1
20260515_191340,71,e1,PPO-OSD+Fuzzy-NoOPCBRS-Source-e1,proxy,0,72.0,3,0.9933333333333333,4.001084899548712,0.0,0.375,0.30625,11,13,0.7708378625247213,0.5904146825396825,1.0,0.6543807330298901,0.9194512634381168,693.4267559427617,0,0,900,0.0,0,1
20260515_191340,72,e1,PPO-OSD+Fuzzy-NoOPCBRS-Source-e1,proxy,0,72.0,0,0.9833333333333333,3.9833887067877796,0.0,0.375,0.30625,11,24,0.75369948140449,0.6090446428571428,1.0,0.45029826692505726,0.9183999752170519,690.0628989673867,0,0,900,0.0,0,1
20260515_191340,73,e1,PPO-OSD+Fuzzy-NoOPCBRS-Source-e1,proxy,0,72.0,1,0.9922222222222222,3.978388299082362,0.0,0.375,0.30625,11,8,0.7483831215732627,0.613650793650794,1.0,0.43532068611396385,0.9186208942010828,688.6166079233031,0,0,900,0.0,0,1
20260515_191340,74,e1,PPO-OSD+Fuzzy-NoOPCBRS-Source-e1,proxy,0,72.0,1,0.9855555555555555,3.996997138415872,0.0,0.375,0.30625,11,22,0.7663636703954803,0.5908680555555554,1.0,0.7220383896977864,0.9189839262692944,692.5292101367402,0,0,900,0.0,0,1
20260515_191340,75,e1,PPO-OSD+Fuzzy-NoOPCBRS-Source-e1,proxy,0,72.0,0,0.9755555555555555,3.9881868207285103,0.0,0.375,0.30625,11,21,0.7578522489302688,0.6032331349206349,1.0,0.6454002708667964,0.9184107841442639,690.5035271059996,0,0,900,0.0,0,1
20260515_191340,76,e1,PPO-OSD+Fuzzy-NoOPCBRS-Source-e1,proxy,0,72.0,0,0.9777777777777777,3.99619825481012,0.0,0.375,0.30625,11,17,0.7661101727187634,0.5960674603174603,1.0,0.6462954361947038,0.9197528671062793,693.16619758991,0,0,900,0.0,0,1
20260515_191340,77,e1,PPO-OSD+Fuzzy-NoOPCBRS-Source-e1,proxy,0,72.0,3,0.9911111111111112,4.018077935537622,0.0,0.375,0.30625,11,27,0.7872256155477629,0.5782926587301586,1.0,0.9050073497462585,0.9197937044575475,698.4710311562764,0,0,900,0.0,0,1
20260515_191340,78,e1,PPO-OSD+Fuzzy-NoOPCBRS-Source-e1,proxy,0,72.0,1,0.99,3.9864665040897536,0.0,0.375,0.30625,11,2,0.7562665532032649,0.6071527777777777,1.0,0.4745335595081475,0.9102484548551514,689.5883485445078,0,0,900,0.0,0,1
20260515_191340,79,e1,PPO-OSD+Fuzzy-NoOPCBRS-Source-e1,proxy,0,72.0,0,0.99,4.012383918239231,0.0,0.375,0.30625,11,0,0.7817505865626865,0.5801517857142856,1.0,0.7164495806505672,0.9194795880151075,697.4945242373292,0,0,900,0.0,0,1
20260515_191340,80,e1,PPO-OSD+Fuzzy-NoOPCBRS-Source-e1,proxy,0,72.0,1,0.9888888888888889,3.9723078969530583,0.0,0.375,0.30625,11,16,0.7422477179765701,0.6215257936507935,1.0,0.2801343885781548,0.9181402936111268,687.3574968040307,0,0,900,0.0,0,1
20260515_191340,81,e1,PPO-OSD+Fuzzy-NoOPCBRS-Source-e1,proxy,0,72.0,2,0.9833333333333333,3.974713562292316,0.0,0.375,0.30625,11,30,0.7446776397691832,0.6167767857142858,1.0,0.3209380020507763,0.9180349760808706,686.8147886700734,0,0,900,0.0,0,1
20260515_191340,82,e1,PPO-OSD+Fuzzy-NoOPCBRS-Source-e1,proxy,0,72.0,1,0.9933333333333333,3.991143257139518,0.0,0.375,0.30625,11,6,0.7614175779951944,0.6007708333333334,1.0,0.48713019577165617,0.919392019624615,692.1612336070984,0,0,900,0.0,0,1
20260515_191340,83,e1,PPO-OSD+Fuzzy-NoOPCBRS-Source-e1,proxy,0,72.0,0,0.9811111111111112,3.9828188447970367,0.0,0.375,0.30625,11,27,0.7530429269704554,0.6082896825396826,1.0,0.27338692758729066,0.9188088848338355,689.516488887805,0,0,900,0.0,0,1
20260515_191340,84,e1,PPO-OSD+Fuzzy-NoOPCBRS-Source-e1,proxy,0,72.0,0,0.9877777777777778,4.011341618910559,0.0,0.375,0.30625,11,16,0.7811422815918923,0.5827400793650792,1.0,0.6383273866422339,0.9192595895484986,697.1912641988991,0,0,900,0.0,0,1
20260515_191340,85,e1,PPO-OSD+Fuzzy-NoOPCBRS-Source-e1,proxy,0,72.0,1,0.9744444444444444,3.9985628453058526,0.0,0.375,0.30625,11,22,0.7685767603582806,0.5937123015873014,1.0,0.5150637955124026,0.9194272917923001,693.1028547530818,0,0,900,0.0,0,1
20260515_191340,86,e1,PPO-OSD+Fuzzy-NoOPCBRS-Source-e1,proxy,0,72.0,1,0.97,3.969279618243214,0.0,0.375,0.30625,11,15,0.7395743660959933,0.6254424603174604,1.0,0.13850364089290754,0.9175660049342718,685.9349207511842,0,0,900,0.0,0,1
20260515_191340,87,e1,PPO-OSD+Fuzzy-NoOPCBRS-Source-e1,proxy,0,72.0,1,0.9833333333333333,4.013312407578293,0.0,0.375,0.30625,11,12,0.7827054181694985,0.5787232142857142,1.0,0.6475579849506048,0.9194266314697618,696.9105501823522,0,0,900,0.0,0,1
20260515_191340,88,e1,PPO-OSD+Fuzzy-NoOPCBRS-Source-e1,proxy,0,72.0,2,0.9888888888888889,3.9604909940078654,0.0,0.36951620362898796,0.29985223756715257,11,23,0.7307759551869498,0.6360773809523811,0.9025102867375466,0.06462797146740941,0.9157034446292166,683.4330573616245,0,0,900,0.0,0,1
20260515_191340,89,e1,PPO-OSD+Fuzzy-NoOPCBRS-Source-e1,proxy,0,72.0,1,0.9888888888888889,4.004510190571406,0.0,0.375,0.30625,11,24,0.7746344665355153,0.588989087301587,1.0,0.4738742489393691,0.9198070056829597,695.2694356548616,0,0,900,0.0,0,1
20260515_191340,90,e1,PPO-OSD+Fuzzy-NoOPCBRS-Source-e1,proxy,0,72.0,2,0.9822222222222222,3.9824332205714783,0.0,0.375,0.30625,11,27,0.7524639581971698,0.6070327380952381,1.0,0.16470822511188513,0.9182718375291573,688.3053898541077,0,0,900,0.0,0,1
20260515_191340,91,e1,PPO-OSD+Fuzzy-NoOPCBRS-Source-e1,proxy,0,72.0,1,0.9622222222222222,3.9997134998062402,0.0,0.375,0.30625,11,11,0.7697189176413748,0.590612103174603,1.0,0.34202159013432276,0.9195584660945284,692.6119040516077,0,0,900,0.0,0,1
20260515_191340,92,e1,PPO-OSD+Fuzzy-NoOPCBRS-Source-e1,proxy,0,72.0,0,0.9877777777777778,4.027816679817181,0.0,0.375,0.30625,11,21,0.7967571814192665,0.5712757936507934,1.0,0.6354558227045451,0.9196075673710071,701.4856725796814,0,0,900,0.0,0,1
20260515_191340,93,e1,PPO-OSD+Fuzzy-NoOPCBRS-Source-e1,proxy,0,72.0,0,0.9866666666666667,4.025626471677177,0.0,0.375,0.30625,11,21,0.7947203632526928,0.5736180555555555,1.0,0.6215558974397872,0.9196704811138897,701.185409892315,0,0,900,0.0,0,1
20260515_191340,94,e1,PPO-OSD+Fuzzy-NoOPCBRS-Source-e1,proxy,0,72.0,0,0.99,4.019628190164711,0.0,0.375,0.30625,11,11,0.7890210262934367,0.5767926587301586,1.0,0.5411071942523933,0.9195132831120172,699.2267757703661,0,0,900,0.0,0,1
20260515_191340,95,e1,PPO-OSD+Fuzzy-NoOPCBRS-Source-e1,proxy,0,72.0,1,0.9844444444444445,4.01994224521649,0.0,0.375,0.30625,11,25,0.7891920538908905,0.5781468253968252,1.0,0.5850894608148696,0.9025292847476284,696.1230209816306,0,0,900,0.0,0,1
20260515_191340,96,e1,PPO-OSD+Fuzzy-NoOPCBRS-Source-e1,proxy,0,72.0,1,0.9922222222222222,4.041952860300116,0.0,0.375,0.30625,12,8,0.8092704206705094,0.5614474206349203,1.0,0.79396538678112,0.9206891428125612,722.9841381147714,0,0,900,0.0,0,1
20260515_191340,97,e1,PPO-OSD+Fuzzy-NoOPCBRS-Source-e1,proxy,0,72.0,1,0.9844444444444445,4.015890355751905,0.0,0.375,0.30625,11,31,0.7853582071595722,0.5791249999999997,1.0,0.5033994126349207,0.9197646528098706,697.9167782983703,0,0,900,0.0,0,1
20260515_191340,98,e1,PPO-OSD+Fuzzy-NoOPCBRS-Source-e1,proxy,0,72.0,1,0.98,4.032383450166692,0.0,0.375,0.30625,12,16,0.8005053728156619,0.5675248015873011,1.0,0.6840414035715052,0.9194585565043,719.949997787793,0,0,900,0.0,0,1
20260515_191340,99,e1,PPO-OSD+Fuzzy-NoOPCBRS-Source-e1,proxy,0,72.0,1,0.98,4.040890373799995,0.0,0.375,0.30625,12,23,0.808521519071526,0.5620466269841266,1.0,0.7709664831324979,0.9205062989609456,722.2275644137511,0,0,900,0.0,0,1
20260515_191340,100,e1,PPO-OSD+Fuzzy-NoOPCBRS-Source-e1,proxy,0,72.0,0,0.9866666666666667,3.9958519394305214,0.0,0.375,0.30625,11,20,0.766047046913041,0.5955813492063491,1.0,0.2631189389120435,0.9195851939392301,692.9353020504187,0,0,900,0.0,0,1
20260515_191340,101,e1,PPO-OSD+Fuzzy-NoOPCBRS-Source-e1,proxy,0,72.0,1,0.9777777777777777,4.026367560610283,0.0,0.375,0.30625,11,19,0.7952435694800483,0.57306746031746,1.0,0.5981534728929924,0.9193665049725253,700.4725057760236,0,0,900,0.0,0,1
20260515_191340,102,e1,PPO-OSD+Fuzzy-NoOPCBRS-Source-e1,proxy,0,72.0,0,0.98,3.981795628552937,0.0,0.375,0.30625,11,18,0.7519550529453489,0.6076805555555556,1.0,0.11345234629057634,0.9183949377944831,688.4721490227407,0,0,900,0.0,0,1
20260515_191340,103,e1,PPO-OSD+Fuzzy-NoOPCBRS-Source-e1,proxy,0,72.0,2,0.9722222222222222,3.99978650832338,0.0,0.375,0.30625,11,10,0.7697019176681836,0.5921121031746032,1.0,0.3355288863637848,0.9196013063885689,692.5242354008249,0,0,900,0.0,0,1
20260515_191340,104,e1,PPO-OSD+Fuzzy-NoOPCBRS-Source-e1,proxy,0,72.0,0,0.9866666666666667,4.014279350537877,0.0,0.375,0.30625,11,17,0.7836225570738315,0.5790992063492062,1.0,0.4675540251875104,0.919912078405421,697.6685193429541,0,0,900,0.0,0,1
20260515_191340,105,e1,PPO-OSD+Fuzzy-NoOPCBRS-Source-e1,proxy,0,72.0,0,0.9911111111111112,4.026260689534973,0.0,0.375,0.30625,11,20,0.795004693766435,0.5724325396825394,1.0,0.6689441207510728,0.9190850821035682,701.4748058744059,0,0,900,0.0,0,1
20260515_191340,106,e1,PPO-OSD+Fuzzy-NoOPCBRS-Source-e1,proxy,0,72.0,0,0.9922222222222222,4.031001090008468,0.0,0.375,0.30625,12,2,0.7994178296128909,0.5681855158730154,1.0,0.6801563630765011,0.9192206608869689,720.3774230870765,0,0,900,0.0,0,1
20260515_191340,107,e1,PPO-OSD+Fuzzy-NoOPCBRS-Source-e1,proxy,0,72.0,1,0.99,4.0396330840368915,0.0,0.375,0.30625,12,27,0.806908913883898,0.5619950396825393,1.0,0.7885352010834221,0.9203267952201342,721.9672508553535,0,0,900,0.0,0,1
20260515_191340,108,e1,PPO-OSD+Fuzzy-NoOPCBRS-Source-e1,proxy,0,72.0,2,0.9788888888888889,4.029843442754404,0.0,0.375,0.30625,11,20,0.7983088769846493,0.569954365079365,1.0,0.661371573165024,0.9196423221224301,701.3202765433198,0,0,900,0.0,0,1
20260515_191340,109,e1,PPO-OSD+Fuzzy-NoOPCBRS-Source-e1,proxy,0,72.0,1,0.96,4.006440455068808,0.0,0.375,0.30625,11,10,0.7762715641326374,0.5868124999999997,1.0,0.3834664547728718,0.9199903828469187,694.4062017836491,0,0,900,0.0,0,1
20260515_191340,110,e1,PPO-OSD+Fuzzy-NoOPCBRS-Source-e1,proxy,0,72.0,2,0.9822222222222222,3.9837429168032874,0.0,0.375,0.30625,11,20,0.7538680818842517,0.6053353174603175,1.0,0.11362432372865756,0.9187034981118315,688.5571719465536,0,0,900,0.0,0,1
20260515_191340,111,e1,PPO-OSD+Fuzzy-NoOPCBRS-Source-e1,proxy,0,72.0,1,0.9777777777777777,4.036419202985137,0.0,0.375,0.30625,12,19,0.8041138657430807,0.5639613095238091,1.0,0.7042719385475061,0.9196727155905238,720.7702770444597,0,0,900,0.0,0,1
20260515_191340,112,e1,PPO-OSD+Fuzzy-NoOPCBRS-Source-e1,proxy,0,72.0,1,0.9611111111111111,4.036350234694338,0.0,0.375,0.30625,12,41,0.8042334036363495,0.5647678571428567,1.0,0.7101458495686755,0.920079603324283,720.1448621547748,0,0,900,0.0,0,1
20260515_191340,113,e1,PPO-OSD+Fuzzy-NoOPCBRS-Source-e1,proxy,0,72.0,0,0.9511111111111111,4.021759338843534,0.0,0.375,0.30625,11,30,0.7908842591113514,0.5739970238095237,1.0,0.4999086176907902,0.9196523485356874,698.8406518946286,0,0,900,0.0,0,1
20260515_191340,114,e1,PPO-OSD+Fuzzy-NoOPCBRS-Source-e1,proxy,0,72.0,0,0.9677777777777777,3.992591590690686,0.0,0.375,0.30625,11,39,0.7626910254690382,0.5965079365079364,1.0,0.18453598612021258,0.91908581547922,690.9217363224753,0,0,900,0.0,0,1
20260515_191340,115,e1,PPO-OSD+Fuzzy-NoOPCBRS-Source-e1,proxy,0,72.0,2,0.9855555555555555,4.013608077393509,0.0,0.375,0.30625,11,6,0.7832971063918538,0.581126984126984,1.0,0.4330849689169429,0.9195833069831126,696.6433252068881,0,0,900,0.0,0,1
20260515_191340,116,e1,PPO-OSD+Fuzzy-NoOPCBRS-Source-e1,proxy,0,72.0,0,0.99,4.051854971123286,0.0,0.375,0.30625,12,12,0.8178455210063192,0.5534494047619043,1.0,0.8338026978632417,0.9222778010971971,725.423082360254,0,0,900,0.0,0,1
20260515_191340,117,e1,PPO-OSD+Fuzzy-NoOPCBRS-Source-e1,proxy,0,72.0,0,0.9933333333333333,4.07147083830242,0.0,0.375,0.30625,12,10,0.834753009279569,0.5370029761904758,1.0,1.0,0.9238647526838908,729.7245886424212,0,0,900,0.0,0,1
20260515_191340,118,e1,PPO-OSD+Fuzzy-NoOPCBRS-Source-e1,proxy,0,72.0,0,0.9866666666666667,4.021591372102834,0.0,0.375,0.30625,11,3,0.7907011047999064,0.5747033730158727,1.0,0.5122837156854565,0.919715738694391,699.5876628901265,0,0,900,0.0,0,1
20260515_191340,119,e1,PPO-OSD+Fuzzy-NoOPCBRS-Source-e1,proxy,0,72.0,2,0.9733333333333334,3.9775320565588346,0.0,0.375,0.30625,11,22,0.7474303275677893,0.612685515873016,1.0,0.0,0.9183927877186974,686.5862624777722,0,0,900,0.0,0,1
20260515_191340,120,e1,PPO-OSD+Fuzzy-NoOPCBRS-Source-e1,proxy,0,72.0,0,0.9877777777777778,4.036263648600377,0.0,0.375,0.30625,12,20,0.8040630428989728,0.5652797619047615,1.0,0.696265986983926,0.9200537666029951,721.7684715420618,0,0,900,0.0,0,1
20260515_191340,121,e1,PPO-OSD+Fuzzy-NoOPCBRS-Source-e1,proxy,0,72.0,0,0.98,4.035248444900415,0.0,0.375,0.30625,12,10,0.8032551718420452,0.5644503968253963,1.0,0.6388643937626737,0.9199446721731122,720.4650649181431,0,0,900,0.0,0,1
20260515_191340,122,e1,PPO-OSD+Fuzzy-NoOPCBRS-Source-e1,proxy,0,72.0,1,0.9866666666666667,4.030088061804237,0.0,0.375,0.30625,11,18,0.7986459781063927,0.5697212301587299,1.0,0.57979297097188,0.9193452730923202,701.477826984082,0,0,900,0.0,0,1
20260515_191340,123,e1,PPO-OSD+Fuzzy-NoOPCBRS-Source-e1,proxy,0,72.0,0,0.9911111111111112,4.031765296542754,0.0,0.375,0.30625,12,17,0.8000040016902817,0.5685386904761901,1.0,0.595418030372911,0.9198528933930387,720.297641967081,0,0,900,0.0,0,1
20260515_191340,124,e1,PPO-OSD+Fuzzy-NoOPCBRS-Source-e1,proxy,0,72.0,0,0.9788888888888889,4.001766009783703,0.0,0.375,0.30625,11,10,0.7715118484033479,0.5884742063492063,1.0,0.2507578039916814,0.9202277034321041,693.5520983178744,0,0,900,0.0,0,1
20260515_191340,125,e1,PPO-OSD+Fuzzy-NoOPCBRS-Source-e1,proxy,0,72.0,0,0.99,4.016981043382773,0.0,0.375,0.30625,11,39,0.786339957581626,0.5765138888888887,1.0,0.45152487122470153,0.9197305466973715,698.2501194881829,0,0,900,0.0,0,1
20260515_191340,126,e1,PPO-OSD+Fuzzy-NoOPCBRS-Source-e1,proxy,0,72.0,2,0.9766666666666667,4.015627921460514,0.0,0.375,0.30625,11,16,0.7850010408295526,0.5778809523809522,1.0,0.4290588839205087,0.9195410876035579,696.5982068639653,0,0,900,0.0,0,1
20260515_191340,127,e1,PPO-OSD+Fuzzy-NoOPCBRS-Source-e1,proxy,0,72.0,2,0.9844444444444445,4.017168237685255,0.0,0.375,0.30625,11,17,0.786781775686476,0.579160714285714,1.0,0.454990187739952,0.9196065554349631,697.6093285936902,0,0,900,0.0,0,1
20260515_191340,128,e1,PPO-OSD+Fuzzy-NoOPCBRS-Source-e1,proxy,0,72.0,2,0.9955555555555555,4.012434208674536,0.0,0.375,0.30625,11,53,0.7822032843861315,0.5816517857142856,1.0,0.38183950107153064,0.9198923598041896,696.3907870092785,0,0,900,0.0,0,1
20260515_191340,129,e1,PPO-OSD+Fuzzy-NoOPCBRS-Source-e1,proxy,0,72.0,1,0.99,4.027912579099782,0.0,0.375,0.30625,11,33,0.7967700711886088,0.5709067460317456,1.0,0.5614103580948644,0.9192300191564756,701.0140735232646,0,0,900,0.0,0,1
20260515_191340,130,e1,PPO-OSD+Fuzzy-NoOPCBRS-Source-e1,proxy,0,72.0,0,0.9844444444444445,3.999218424440147,0.0,0.375,0.30625,11,15,0.76918891110354,0.5915873015873014,1.0,0.2323082948126768,0.9198949489360495,693.0097919108264,0,0,900,0.0,0,1
20260515_191340,131,e1,PPO-OSD+Fuzzy-NoOPCBRS-Source-e1,proxy,0,72.0,1,0.9888888888888889,4.034960083014517,0.0,0.375,0.30625,12,15,0.8031049031350348,0.5658174603174598,1.0,0.6665683021303695,0.919907883546161,720.9702220013219,0,0,900,0.0,0,1
20260515_191340,132,e1,PPO-OSD+Fuzzy-NoOPCBRS-Source-e1,proxy,0,72.0,1,0.9877777777777778,4.018480121303543,0.0,0.375,0.30625,11,17,0.7880113023188379,0.5774146825396823,1.0,0.46625006881601294,0.9194124142431516,698.616432614661,0,0,900,0.0,0,1
20260515_191340,133,e1,PPO-OSD+Fuzzy-NoOPCBRS-Source-e1,proxy,0,72.0,1,0.9788888888888889,4.02095394333512,0.0,0.375,0.30625,11,7,0.7901967711581124,0.57625496031746,1.0,0.4913341096421229,0.919554470115151,699.0357747381081,0,0,900,0.0,0,1
20260515_191340,134,e1,PPO-OSD+Fuzzy-NoOPCBRS-Source-e1,proxy,0,72.0,2,0.9677777777777777,4.028307225202248,0.0,0.375,0.30625,11,14,0.7970131390293439,0.5728601190476187,1.0,0.6014642390616187,0.9026817298834034,697.684751875972,0,0,900,0.0,0,1
20260515_191340,135,e1,PPO-OSD+Fuzzy-NoOPCBRS-Source-e1,proxy,0,72.0,1,0.99,4.038074450540675,0.0,0.375,0.30625,12,19,0.8057457186778386,0.5634007936507932,1.0,0.7155928700983983,0.9200903925036625,721.7454835336919,0,0,900,0.0,0,1
20260515_191340,136,e1,PPO-OSD+Fuzzy-NoOPCBRS-Source-e1,proxy,0,72.0,3,0.9844444444444445,4.041738263808464,0.0,0.375,0.30625,12,32,0.8091594267884891,0.5617519841269837,1.0,0.7466778373317202,0.9202136591069956,721.6519364622201,0,0,900,0.0,0,1
20260515_191340,137,e1,PPO-OSD+Fuzzy-NoOPCBRS-Source-e1,proxy,0,72.0,0,0.9855555555555555,4.031054826053493,0.0,0.375,0.30625,12,32,0.799532857702838,0.569455357142857,1.0,0.6314616292650453,0.9196175028914936,720.3873084357979,0,0,900,0.0,0,1
20260515_191340,138,e1,PPO-OSD+Fuzzy-NoOPCBRS-Source-e1,proxy,0,72.0,2,0.9766666666666667,4.0140652000346995,0.0,0.375,0.30625,11,35,0.7837671215335528,0.5809682539682537,1.0,0.42142832036306177,0.9196296849329446,696.5147785766852,0,0,900,0.0,0,1
20260515_191340,139,e1,PPO-OSD+Fuzzy-NoOPCBRS-Source-e1,proxy,0,72.0,1,0.9544444444444444,4.005089599620435,0.0,0.375,0.30625,11,19,0.7749127387007078,0.5856200396825397,1.0,0.3018051437707944,0.9200454982483963,693.8119428686307,0,0,900,0.0,0,1
20260515_191340,140,e1,PPO-OSD+Fuzzy-NoOPCBRS-Source-e1,proxy,0,72.0,1,0.9955555555555555,4.068541769418891,0.0,0.375,0.30625,12,20,0.8327652944127718,0.5424742063492058,1.0,1.0,0.9226875955380144,729.0791623836467,0,0,900,0.0,0,1
20260515_191340,141,e1,PPO-OSD+Fuzzy-NoOPCBRS-Source-e1,proxy,0,72.0,2,0.9855555555555555,4.010075704906103,0.0,0.375,0.30625,11,16,0.7798633537358708,0.5821894841269838,1.0,0.36029723750215237,0.9199068668369138,695.3703262110005,0,0,900,0.0,0,1
20260515_191340,142,e1,PPO-OSD+Fuzzy-NoOPCBRS-Source-e1,proxy,0,72.0,2,0.9933333333333333,4.040815240608118,0.0,0.375,0.30625,12,28,0.8080255563557148,0.5679652777777773,1.0,0.7695235819493317,0.9052050140062872,720.199825582854,0,0,900,0.0,0,1
20260515_191340,143,e1,PPO-OSD+Fuzzy-NoOPCBRS-Source-e1,proxy,0,72.0,1,0.9911111111111112,4.046894403764554,0.0,0.375,0.30625,12,12,0.8138604569103983,0.5568313492063488,1.0,0.7927039724226334,0.9213223867383948,724.0793524122705,0,0,900,0.0,0,1
20260515_191340,144,e1,PPO-OSD+Fuzzy-NoOPCBRS-Source-e1,proxy,0,72.0,1,0.9888888888888889,4.056658944162688,0.0,0.375,0.30625,12,23,0.8225836596886317,0.5517777777777774,1.0,0.8937983387755531,0.9232644598287348,726.5944104768348,0,0,900,0.0,0,1
20260515_191340,145,e1,PPO-OSD+Fuzzy-NoOPCBRS-Source-e1,proxy,0,72.0,2,0.9566666666666667,3.978628063468772,0.0,0.375,0.30625,11,25,0.7485262050562435,0.6099742063492063,1.0,0.0,0.9184210925256074,686.4427079956996,0,0,900,0.0,0,1
20260515_191340,146,e1,PPO-OSD+Fuzzy-NoOPCBRS-Source-e1,proxy,0,72.0,4,0.9688888888888889,3.9777616510563543,0.0,0.375,0.30625,11,26,0.7476100239488813,0.6115158730158731,1.0,0.0,0.918267345975015,685.8888079315897,0,0,900,0.0,0,1
20260515_191340,147,e1,PPO-OSD+Fuzzy-NoOPCBRS-Source-e1,proxy,0,72.0,1,0.9855555555555555,4.00461439036208,0.0,0.375,0.30625,11,20,0.77464388039377,0.5871944444444445,1.0,0.33055730704424885,0.9200935025747735,694.4759150810246,0,0,900,0.0,0,1
20260515_191340,148,e1,PPO-OSD+Fuzzy-NoOPCBRS-Source-e1,proxy,0,72.0,0,0.9833333333333333,4.022168086167487,0.0,0.375,0.30625,11,11,0.7911593649619155,0.573472222222222,1.0,0.49138691835383946,0.9194544121333292,699.4601002125056,0,0,900,0.0,0,1
20260515_191340,149,e1,PPO-OSD+Fuzzy-NoOPCBRS-Source-e1,proxy,0,72.0,2,0.98,4.02607806926384,0.0,0.375,0.30625,11,29,0.7949572943647703,0.5717261904761903,1.0,0.5147697394641443,0.9194443494271223,699.6124877995711,0,0,900,0.0,0,1
20260515_191340,150,e1,PPO-OSD+Fuzzy-NoOPCBRS-Source-e1,proxy,0,72.0,3,0.9811111111111112,4.040800664220635,0.0,0.375,0.30625,12,28,0.8082064620984926,0.5605307539682535,1.0,0.6933706503518042,0.920295245020341,720.7310888858012,0,0,900,0.0,0,1
20260515_191340,151,e1,PPO-OSD+Fuzzy-NoOPCBRS-Source-e1,proxy,0,72.0,0,0.99,4.0704171233545425,0.0,0.375,0.30625,12,0,0.833795559240712,0.5375892857142852,1.0,1.0,0.9239789279074082,729.551355876247,0,0,900,0.0,0,1
20260515_191340,152,e1,PPO-OSD+Fuzzy-NoOPCBRS-Source-e1,proxy,0,72.0,0,0.9877777777777778,4.031652695282651,0.0,0.375,0.30625,12,20,0.8001237871249517,0.5677708333333329,1.0,0.5675990305820299,0.9197327531805197,720.384577818023,0,0,900,0.0,0,1
20260515_191340,153,e1,PPO-OSD+Fuzzy-NoOPCBRS-Source-e1,proxy,0,72.0,0,0.9888888888888889,4.008739378816636,0.0,0.375,0.30625,11,18,0.7785094306535191,0.5830059523809522,1.0,0.3189217409230551,0.9198894920353605,696.0223410979766,0,0,900,0.0,0,1
20260515_191340,154,e1,PPO-OSD+Fuzzy-NoOPCBRS-Source-e1,proxy,0,72.0,0,0.9955555555555555,4.024699877021587,0.0,0.375,0.30625,11,12,0.7935205805136097,0.5759017857142853,1.0,0.5429209644270708,0.9012308228224596,697.5354511714411,0,0,900,0.0,0,1
20260515_191340,155,e1,PPO-OSD+Fuzzy-NoOPCBRS-Source-e1,proxy,0,72.0,3,0.9877777777777778,4.023717992523241,0.0,0.375,0.30625,11,13,0.7928212371137408,0.5736180555555553,1.0,0.508665129262454,0.9195714236770031,699.0195869349027,0,0,900,0.0,0,1
20260515_191340,156,e1,PPO-OSD+Fuzzy-NoOPCBRS-Source-e1,proxy,0,72.0,1,0.9644444444444444,4.013277981432551,0.0,0.375,0.30625,11,45,0.7829530630509058,0.5802718253968252,1.0,0.3761303777002311,0.9198080780062213,696.0581199980559,0,0,900,0.0,0,1
20260515_191340,157,e1,PPO-OSD+Fuzzy-NoOPCBRS-Source-e1,proxy,0,72.0,0,0.9855555555555555,4.053039289779615,0.0,0.375,0.30625,12,20,0.8192956483695242,0.5524613095238091,1.0,0.796165703743402,0.922329106235757,725.4893222485814,0,0,900,0.0,0,1
20260515_191340,158,e1,PPO-OSD+Fuzzy-NoOPCBRS-Source-e1,proxy,0,72.0,1,0.9888888888888889,4.017294556262169,0.0,0.375,0.30625,11,12,0.7866905142863592,0.5769642857142854,1.0,0.4134514500607722,0.9196339113936177,697.5212367571166,0,0,900,0.0,0,1
20260515_191340,159,e1,PPO-OSD+Fuzzy-NoOPCBRS-Source-e1,proxy,0,72.0,3,0.9888888888888889,4.039867308629362,0.0,0.375,0.30625,12,29,0.8074655334817039,0.5616547619047615,1.0,0.6576829804605502,0.920479845126264,721.0514173790978,0,0,900,0.0,0,1
20260515_191340,160,e1,PPO-OSD+Fuzzy-NoOPCBRS-Source-e1,proxy,0,72.0,0,0.9822222222222222,4.029908209521983,0.0,0.375,0.30625,11,15,0.7985216746065351,0.5692966269841269,1.0,0.5467665373574158,0.9193638593141241,701.4411982073132,0,0,900,0.0,0,1
20260515_191340,161,e1,PPO-OSD+Fuzzy-NoOPCBRS-Source-e1,proxy,0,72.0,2,0.9955555555555555,4.062546244633563,0.0,0.375,0.30625,12,24,0.8274550712770886,0.5443531746031742,1.0,0.8788979949850866,0.9236878000583104,727.0613894102586,0,0,900,0.0,0,1
20260515_191340,162,e1,PPO-OSD+Fuzzy-NoOPCBRS-Source-e1,proxy,0,72.0,1,0.9822222222222222,4.029922917369352,0.0,0.375,0.30625,11,21,0.79855056517654,0.569688492063492,1.0,0.526311898262819,0.9194507281666756,701.476529798349,0,0,900,0.0,0,1
20260515_191340,163,e1,PPO-OSD+Fuzzy-NoOPCBRS-Source-e1,proxy,0,72.0,1,0.9822222222222222,4.01851898014525,0.0,0.37124973824404534,0.3018746946180529,11,35,0.7878767641716533,0.5766111111111107,0.933328679894123,0.5143541604598985,0.9197136647143852,698.0822318985106,0,0,900,0.0,0,1
20260515_191340,164,e1,PPO-OSD+Fuzzy-NoOPCBRS-Source-e1,proxy,0,72.0,0,0.9977777777777778,4.058743664302313,0.0,0.375,0.30625,12,0,0.8243403202295303,0.5477738095238092,1.0,0.8272126534347672,0.923096263034926,727.0926601002253,0,0,900,0.0,0,1
20260515_191340,165,e1,PPO-OSD+Fuzzy-NoOPCBRS-Source-e1,proxy,0,72.0,3,0.9877777777777778,4.047947520512557,0.0,0.375,0.30625,12,27,0.8146813421448071,0.5561835317460313,1.0,0.7139734247577277,0.9216301653551419,723.0957068542997,0,0,900,0.0,0,1
20260515_191340,166,e1,PPO-OSD+Fuzzy-NoOPCBRS-Source-e1,proxy,0,72.0,2,0.9922222222222222,4.0427957594398825,0.0,0.375,0.30625,12,23,0.8099697513050503,0.5597857142857138,1.0,0.6607553244511902,0.9209255362609066,722.1330058025056,0,0,900,0.0,0,1
20260515_191340,167,e1,PPO-OSD+Fuzzy-NoOPCBRS-Source-e1,proxy,0,72.0,0,0.9911111111111112,4.04296115873026,0.0,0.375,0.30625,12,15,0.8103459154566129,0.5607380952380948,1.0,0.6808537197735723,0.9208023413717407,723.4439117889272,0,0,900,0.0,0,1
20260515_191340,168,e1,PPO-OSD+Fuzzy-NoOPCBRS-Source-e1,proxy,0,72.0,0,0.9866666666666667,4.038689269566643,0.0,0.375,0.30625,12,28,0.8063202506966061,0.562960317460317,1.0,0.6526971145268211,0.9203681021732185,721.8190721202606,0,0,900,0.0,0,1
20260515_191340,169,e1,PPO-OSD+Fuzzy-NoOPCBRS-Source-e1,proxy,0,72.0,2,0.9722222222222222,4.007190519528384,0.0,0.375,0.30625,11,29,0.7768617051839829,0.5842986111111109,1.0,0.28318515424329155,0.9199405785667264,694.1627577443381,0,0,900,0.0,0,1
20260515_191340,170,e1,PPO-OSD+Fuzzy-NoOPCBRS-Source-e1,proxy,0,72.0,0,0.9922222222222222,4.030800125634749,0.0,0.375,0.30625,11,15,0.7993604880902502,0.569516865079365,1.0,0.5747910119282685,0.9196828955972427,702.1081832374027,0,0,900,0.0,0,1
20260515_191340,171,e1,PPO-OSD+Fuzzy-NoOPCBRS-Source-e1,proxy,0,72.0,2,0.9788888888888889,4.0022392213508295,0.0,0.37248761823599813,0.3033188879419978,11,21,0.7721910465094778,0.5887301587301587,0.9553354353066397,0.31632747614387147,0.9198778354547292,693.3514227486646,0,0,900,0.0,0,1
20260515_191340,172,e1,PPO-OSD+Fuzzy-NoOPCBRS-Source-e1,proxy,0,72.0,3,0.99,4.044338505167597,0.0,0.375,0.30625,12,37,0.8115719623366991,0.559053571428571,1.0,0.7454773928323799,0.9209672558930259,722.607933380408,0,0,900,0.0,0,1
20260515_191340,173,e1,PPO-OSD+Fuzzy-NoOPCBRS-Source-e1,proxy,0,72.0,1,0.9677777777777777,3.997178926229286,0.0,0.375,0.30625,11,11,0.7674202733900812,0.593236111111111,1.0,0.23529576232369598,0.9196957094581887,691.9260104579855,0,0,900,0.0,0,1
20260515_191340,174,e1,PPO-OSD+Fuzzy-NoOPCBRS-Source-e1,proxy,0,72.0,1,0.99,4.032278865992047,0.0,0.375,0.30625,12,30,0.8006589912705951,0.5677837301587297,1.0,0.6469955217233999,0.9196580939056974,720.1247071116928,0,0,900,0.0,0,1
20260515_191340,175,e1,PPO-OSD+Fuzzy-NoOPCBRS-Source-e1,proxy,0,72.0,0,0.9877777777777778,4.060162444218549,0.0,0.375,0.30625,12,10,0.8253754222724172,0.5475505952380948,1.0,0.9215693328347592,0.9233026003993662,727.0271022358536,0,0,900,0.0,0,1
20260515_191340,176,e1,PPO-OSD+Fuzzy-NoOPCBRS-Source-e1,proxy,0,72.0,1,0.9933333333333333,4.03696440273546,0.0,0.375,0.30625,12,24,0.8046324749953216,0.5637281746031741,1.0,0.6715772294551906,0.9201027112833612,721.1705687034669,0,0,900,0.0,0,1
20260515_191340,177,e1,PPO-OSD+Fuzzy-NoOPCBRS-Source-e1,proxy,0,72.0,1,0.9855555555555555,4.016811237530393,0.0,0.369336866928968,0.2996430114171293,11,15,0.786367899576823,0.5785744047619044,0.8993220787372131,0.5509297904797452,0.9195577091068309,697.9706654081912,0,0,900,0.0,0,1
20260515_191340,178,e1,PPO-OSD+Fuzzy-NoOPCBRS-Source-e1,proxy,0,72.0,1,0.9933333333333333,4.048201618844033,0.0,0.375,0.30625,12,9,0.8149895907276207,0.5566240079365075,1.0,0.7602207874157003,0.9213300901704861,724.2961762278494,0,0,900,0.0,0,1
20260515_191340,179,e1,PPO-OSD+Fuzzy-NoOPCBRS-Source-e1,proxy,0,72.0,1,0.9877777777777778,4.018046621271622,0.0,0.375,0.30625,11,20,0.7873865333199501,0.577035714285714,1.0,0.43496033861938044,0.9197637086475483,698.3024906578813,0,0,900,0.0,0,1
20260515_191340,180,e1,PPO-OSD+Fuzzy-NoOPCBRS-Source-e1,proxy,0,72.0,2,0.9333333333333333,4.05016425729842,0.0,0.375,0.30625,12,19,0.8168078304661645,0.5556716269841265,1.0,0.7552686022419293,0.9219099160449364,722.8236803726916,0,0,900,0.0,0,1
20260515_191340,181,e1,PPO-OSD+Fuzzy-NoOPCBRS-Source-e1,proxy,0,72.0,0,0.9844444444444445,4.062454071944953,0.0,0.375,0.30625,12,22,0.8275739581386248,0.5449166666666663,1.0,0.8882249244929886,0.9235650616060699,727.5334439194222,0,0,900,0.0,0,1
20260515_191340,182,e1,PPO-OSD+Fuzzy-NoOPCBRS-Source-e1,proxy,0,72.0,3,0.9955555555555555,4.046979238111159,0.0,0.375,0.30625,12,35,0.8139211933811505,0.5562708333333329,1.0,0.7405777544592663,0.9212787547200497,722.8672679524047,0,0,900,0.0,0,1
20260515_191340,183,e1,PPO-OSD+Fuzzy-NoOPCBRS-Source-e1,proxy,0,72.0,1,0.9922222222222222,4.064936303685708,0.0,0.375,0.30625,12,10,0.829480076332887,0.5430932539682535,1.0,0.9076205852538521,0.9235175269890867,727.7638627673775,0,0,900,0.0,0,1
20260515_191340,184,e1,PPO-OSD+Fuzzy-NoOPCBRS-Source-e1,proxy,0,72.0,1,0.9877777777777778,3.996504652019303,0.0,0.375,0.30625,11,16,0.7665414251552688,0.5924781746031744,1.0,0.17002854201567455,0.9198672933928078,692.2156491043501,0,0,900,0.0,0,1
20260515_191340,185,e1,PPO-OSD+Fuzzy-NoOPCBRS-Source-e1,proxy,0,72.0,1,0.9822222222222222,4.020981043414876,0.0,0.375,0.30625,11,12,0.7900437605877717,0.5739484126984125,1.0,0.43687484387691794,0.9192199545649432,698.4484633278475,0,0,900,0.0,0,1
20260515_191340,186,e1,PPO-OSD+Fuzzy-NoOPCBRS-Source-e1,proxy,0,72.0,3,0.9822222222222222,4.055881557898858,0.0,0.375,0.30625,12,25,0.8215856318010224,0.5497142857142853,1.0,0.8127067571269498,0.9213558842149491,724.5182147582898,0,0,900,0.0,0,1
20260515_191340,187,e1,PPO-OSD+Fuzzy-NoOPCBRS-Source-e1,proxy,0,72.0,0,0.9833333333333333,4.037680967165015,0.0,0.375,0.30625,12,17,0.8051853519015842,0.5623253968253964,1.0,0.6213154342916075,0.9203610959129955,721.3739928900923,0,0,900,0.0,0,1
20260515_191340,188,e1,PPO-OSD+Fuzzy-NoOPCBRS-Source-e1,proxy,0,72.0,1,0.9844444444444445,4.030167175658872,0.0,0.375,0.30625,11,30,0.7987435748842028,0.5699771825396823,1.0,0.5244910725546675,0.9195088842350785,701.1186196020006,0,0,900,0.0,0,1
20260515_191340,189,e1,PPO-OSD+Fuzzy-NoOPCBRS-Source-e1,proxy,0,72.0,3,0.9655555555555555,4.055560799791065,0.0,0.375,0.30625,12,33,0.8215009926093949,0.5504236111111107,1.0,0.8042699623721224,0.9230343830585903,724.2491132461402,0,0,900,0.0,0,1
20260515_191340,190,e1,PPO-OSD+Fuzzy-NoOPCBRS-Source-e1,proxy,0,72.0,1,0.9922222222222222,4.052695527120938,0.0,0.375,0.30625,12,12,0.8191450594531166,0.5537311507936504,1.0,0.7618394117702827,0.9198159277944457,725.1308147229524,0,0,900,0.0,0,1
20260515_191340,191,e1,PPO-OSD+Fuzzy-NoOPCBRS-Source-e1,proxy,0,72.0,1,0.9822222222222222,4.051461326880843,0.0,0.375,0.30625,12,22,0.8178370408548249,0.5536696428571425,1.0,0.7195255037335158,0.9222828710106793,724.4608803802513,0,0,900,0.0,0,1
20260515_191340,192,e1,PPO-OSD+Fuzzy-NoOPCBRS-Source-e1,proxy,0,72.0,1,0.9888888888888889,4.002554906576011,0.0,0.375,0.30625,11,17,0.7723495619164573,0.5877162698412697,1.0,0.23125615274150849,0.920205076066777,693.4661502526934,0,0,900,0.0,0,1
20260515_191340,193,e1,PPO-OSD+Fuzzy-NoOPCBRS-Source-e1,proxy,0,72.0,0,0.9877777777777778,4.01624167058872,0.0,0.375,0.30625,11,17,0.7856470255553722,0.5783055555555552,1.0,0.3954919936783563,0.919628268706751,697.9610236465237,0,0,900,0.0,0,1
20260515_191340,194,e1,PPO-OSD+Fuzzy-NoOPCBRS-Source-e1,proxy,0,72.0,0,0.9877777777777778,4.04025565874908,0.0,0.375,0.30625,12,7,0.8076915633512868,0.5619464285714282,1.0,0.6490204967000578,0.9206799846390883,722.2440915730456,0,0,900,0.0,0,1
20260515_191340,195,e1,PPO-OSD+Fuzzy-NoOPCBRS-Source-e1,proxy,0,72.0,0,0.9877777777777778,4.006525265086953,0.0,0.375,0.30625,11,12,0.7763165764179495,0.5854811507936506,1.0,0.2762216206938889,0.9197386117217435,695.1858879090835,0,0,900,0.0,0,1
20260515_191340,196,e1,PPO-OSD+Fuzzy-NoOPCBRS-Source-e1,proxy,0,72.0,1,0.9911111111111112,4.024661168571488,0.0,0.375,0.30625,11,39,0.793490839170085,0.5755228174603173,1.0,0.5484450439884087,0.9008870743211627,696.9231780845747,0,0,900,0.0,0,1
20260515_191340,197,e1,PPO-OSD+Fuzzy-NoOPCBRS-Source-e1,proxy,0,72.0,1,0.9922222222222222,4.0369574888796,0.0,0.375,0.30625,12,11,0.8046774599618381,0.564022817460317,1.0,0.6309082027997481,0.9203735050543517,721.3493458015455,0,0,900,0.0,0,1
20260515_191340,198,e1,PPO-OSD+Fuzzy-NoOPCBRS-Source-e1,proxy,0,72.0,2,0.9833333333333333,4.0116931514897205,0.0,0.375,0.30625,11,28,0.7812090245551533,0.5807966269841269,1.0,0.3401032902993156,0.9198119969872969,695.5143063597808,0,0,900,0.0,0,1
20260515_191340,199,e1,PPO-OSD+Fuzzy-NoOPCBRS-Source-e1,proxy,0,72.0,1,0.9933333333333333,4.016086251228158,0.0,0.375,0.30625,11,14,0.7854408749606874,0.5790634920634917,1.0,0.39261805590708476,0.9199751075204559,697.7669401878663,0,0,900,0.0,0,1
20260515_191340,200,e1,PPO-OSD+Fuzzy-NoOPCBRS-Source-e1,proxy,0,72.0,0,0.9744444444444444,4.026446837374682,0.0,0.375,0.30625,11,16,0.7953947161469195,0.5745962301587298,1.0,0.4860296642268051,0.907870961629562,698.6171884722173,0,0,900,0.0,0,1
20260515_191340,201,e1,PPO-OSD+Fuzzy-NoOPCBRS-Source-e1,proxy,0,72.0,0,0.9877777777777778,4.058689144771691,0.0,0.375,0.30625,12,23,0.8240904009011056,0.5497728174603168,1.0,0.8212235803681871,0.9234026923948574,727.0477881471708,0,0,900,0.0,0,1
20260515_191340,202,e1,PPO-OSD+Fuzzy-NoOPCBRS-Source-e1,proxy,0,72.0,1,0.98,4.004103648713029,0.0,0.375,0.30625,11,19,0.7738615641329023,0.5865466269841269,1.0,0.23989134653290617,0.9201244831904425,693.7890181698007,0,0,900,0.0,0,1
20260515_191340,203,e1,PPO-OSD+Fuzzy-NoOPCBRS-Source-e1,proxy,0,72.0,0,0.9888888888888889,4.061507572856915,0.0,0.375,0.30625,12,6,0.8267276561922497,0.546037698412698,1.0,0.8323179420458856,0.9232392767778398,727.286515814316,0,0,900,0.0,0,1
20260515_191340,204,e1,PPO-OSD+Fuzzy-NoOPCBRS-Source-e1,proxy,0,72.0,1,0.9888888888888889,4.028691946228155,0.0,0.375,0.30625,11,7,0.7974910054935349,0.570284722222222,1.0,0.5028717675745451,0.9193585832110024,701.1469964637872,0,0,900,0.0,0,1
20260515_191340,205,e1,PPO-OSD+Fuzzy-NoOPCBRS-Source-e1,proxy,0,72.0,1,0.9922222222222222,4.051657475681159,0.0,0.375,0.30625,12,22,0.8181111354629199,0.5542916666666662,1.0,0.7341669810707468,0.9221986284727846,724.8916969111528,0,0,900,0.0,0,1
20260515_191340,206,e1,PPO-OSD+Fuzzy-NoOPCBRS-Source-e1,proxy,0,72.0,1,0.9911111111111112,4.015536713869044,0.0,0.375,0.30625,11,19,0.7849711565176646,0.5777837301587301,1.0,0.35810036442758936,0.9197015934939384,697.1623092475381,0,0,900,0.0,0,1
20260515_191340,207,e1,PPO-OSD+Fuzzy-NoOPCBRS-Source-e1,proxy,0,72.0,0,0.9911111111111112,4.018408156197682,0.0,0.375,0.30625,11,8,0.787767854531606,0.5759890873015869,1.0,0.393827437434369,0.9197014333408634,698.1916722935551,0,0,900,0.0,0,1
20260515_191340,208,e1,PPO-OSD+Fuzzy-NoOPCBRS-Source-e1,proxy,0,72.0,4,0.98,4.012011221253119,0.0,0.375,0.30625,11,26,0.7816051548719406,0.5806021825396823,1.0,0.3117605050244441,0.9199423843886089,694.8942918513272,0,0,900,0.0,0,1
20260515_191340,209,e1,PPO-OSD+Fuzzy-NoOPCBRS-Source-e1,proxy,0,72.0,4,0.9855555555555555,4.04332988650645,0.0,0.375,0.30625,12,53,0.8103886551658313,0.5587361111111108,1.0,0.6583027965969003,0.920941356655417,721.4368999847122,0,0,900,0.0,0,1
20260515_191340,210,e1,PPO-OSD+Fuzzy-NoOPCBRS-Source-e1,proxy,0,72.0,3,0.9844444444444445,4.0380077317028125,0.0,0.375,0.30625,12,29,0.8055808044804467,0.5625813492063488,1.0,0.6045226476260674,0.9202346399370412,720.4747134511568,0,0,900,0.0,0,1
20260515_191340,211,e1,PPO-OSD+Fuzzy-NoOPCBRS-Source-e1,proxy,0,72.0,2,0.9944444444444445,4.058876035253105,0.0,0.375,0.30625,12,23,0.8244272388021151,0.5481726190476185,1.0,0.823989672274783,0.9177892331337485,725.3490301320177,0,0,900,0.0,0,1
20260515_191340,212,e1,PPO-OSD+Fuzzy-NoOPCBRS-Source-e1,proxy,0,72.0,0,0.9911111111111112,4.002153164644832,0.0,0.375,0.30625,11,6,0.7721403951446215,0.5911855158730157,1.0,0.20215805231461356,0.9137527950408141,693.3974988050454,0,0,900,0.0,0,1
20260515_191340,213,e1,PPO-OSD+Fuzzy-NoOPCBRS-Source-e1,proxy,0,72.0,2,0.99,4.0461982848821805,0.0,0.375,0.30625,12,20,0.8131662812166743,0.5576249999999996,1.0,0.7008297171784776,0.9213147451111167,723.0541527078367,0,0,900,0.0,0,1
20260515_191340,214,e1,PPO-OSD+Fuzzy-NoOPCBRS-Source-e1,proxy,0,72.0,1,0.9888888888888889,4.008931179643681,0.0,0.375,0.30625,11,3,0.7787666147947312,0.583362103174603,1.0,0.2899352685887992,0.9198337406994505,695.1672053192065,0,0,900,0.0,0,1
20260515_191340,215,e1,PPO-OSD+Fuzzy-NoOPCBRS-Source-e1,proxy,0,72.0,0,0.9933333333333333,4.013439874668633,0.0,0.375,0.30625,11,6,0.7830707776877616,0.5797242063492061,1.0,0.3353692489278844,0.9197796141441592,697.0307155441645,0,0,900,0.0,0,1
20260515_191340,216,e1,PPO-OSD+Fuzzy-NoOPCBRS-Source-e1,proxy,0,72.0,0,0.9811111111111112,4.037881685741905,0.0,0.375,0.30625,12,9,0.8056564070118798,0.5629374999999994,1.0,0.6098586851712621,0.9202706847066509,721.6160441640795,0,0,900,0.0,0,1
20260515_191340,217,e1,PPO-OSD+Fuzzy-NoOPCBRS-Source-e1,proxy,0,72.0,0,0.9533333333333334,4.036451122971137,0.0,0.375,0.30625,12,17,0.8042254906230503,0.5640714285714282,1.0,0.5864351443149887,0.9201876882043738,720.3626529069359,0,0,900,0.0,0,1
20260515_191340,218,e1,PPO-OSD+Fuzzy-NoOPCBRS-Source-e1,proxy,0,72.0,2,0.9833333333333333,4.023080915284807,0.0,0.375,0.30625,11,19,0.7922187373373244,0.5747291666666663,1.0,0.4503914094129446,0.9193136559794138,699.1543128292188,0,0,900,0.0,0,1
20260515_191340,219,e1,PPO-OSD+Fuzzy-NoOPCBRS-Source-e1,proxy,0,72.0,1,0.98,3.9859104082851116,0.0,0.375,0.30625,11,22,0.7555869937770896,0.6020119047619047,1.0,0.02291814625603767,0.9188970952270631,688.7767785819082,0,0,900,0.0,0,1
20260515_191340,220,e1,PPO-OSD+Fuzzy-NoOPCBRS-Source-e1,proxy,0,72.0,1,0.9911111111111112,4.045934875699824,0.0,0.375,0.30625,12,13,0.812930804491043,0.5580882936507933,1.0,0.6985898777327291,0.9213314050229064,723.3946845582143,0,0,900,0.0,0,1
20260515_191340,221,e1,PPO-OSD+Fuzzy-NoOPCBRS-Source-e1,proxy,0,72.0,1,0.9866666666666667,4.04119278573034,0.0,0.375,0.30625,12,31,0.8085811408691936,0.5613988095238092,1.0,0.6389463170362812,0.9207178825196904,722.1928453296536,0,0,900,0.0,0,1
20260515_191340,222,e1,PPO-OSD+Fuzzy-NoOPCBRS-Source-e1,proxy,0,72.0,3,0.9811111111111112,4.034318469279431,0.0,0.375,0.30625,12,39,0.8023421359393331,0.5659761904761902,1.0,0.5784337536225096,0.9199010309115648,719.4434586430265,0,0,900,0.0,0,1
20260515_191340,223,e1,PPO-OSD+Fuzzy-NoOPCBRS-Source-e1,proxy,0,72.0,1,0.9711111111111111,4.048885146825094,0.0,0.375,0.30625,12,11,0.8153517469763756,0.5554513888888886,1.0,0.725163286690199,0.9217553139364144,723.5994841253399,0,0,900,0.0,0,1
20260515_191340,224,e1,PPO-OSD+Fuzzy-NoOPCBRS-Source-e1,proxy,0,72.0,4,0.9911111111111112,4.048413835153172,0.0,0.375,0.30625,12,32,0.8151768279737897,0.5560019841269838,1.0,0.7349539387933998,0.921795283755356,723.2685951159392,0,0,900,0.0,0,1
20260515_191340,225,e1,PPO-OSD+Fuzzy-NoOPCBRS-Source-e1,proxy,0,72.0,2,0.9866666666666667,4.001352199823367,0.0,0.375,0.30625,11,3,0.7714249844021267,0.5892549603174603,1.0,0.20982554371421241,0.919553573787799,692.8338465250699,0,0,900,0.0,0,1
20260515_191340,226,e1,PPO-OSD+Fuzzy-NoOPCBRS-Source-e1,proxy,0,72.0,1,0.99,3.9848652685744663,0.0,0.375,0.30625,11,0,0.7547920572426584,0.6029543650793651,1.0,0.0,0.9185695641839664,688.6766271989626,0,0,900,0.0,0,1
20260515_191340,227,e1,PPO-OSD+Fuzzy-NoOPCBRS-Source-e1,proxy,0,72.0,3,0.9811111111111112,4.029632898303438,0.0,0.375,0.30625,11,34,0.7981232309010293,0.5684156746031742,1.0,0.5028610948443325,0.919669584779034,700.1538974509388,0,0,900,0.0,0,1
20260515_191340,228,e1,PPO-OSD+Fuzzy-NoOPCBRS-Source-e1,proxy,0,72.0,1,0.9788888888888889,4.015146296823698,0.0,0.375,0.30625,11,31,0.784581294854482,0.5794424603174603,1.0,0.35493914548965233,0.9198885819386617,697.0589975220477,0,0,900,0.0,0,1
20260515_191340,229,e1,PPO-OSD+Fuzzy-NoOPCBRS-Source-e1,proxy,0,72.0,2,0.98,4.002160254824409,0.0,0.375,0.30625,11,18,0.7719272595643997,0.5876190476190477,1.0,0.19959205813674447,0.9201755237681098,692.8512496832197,0,0,900,0.0,0,1
20260515_191340,230,e1,PPO-OSD+Fuzzy-NoOPCBRS-Source-e1,proxy,0,72.0,0,0.9844444444444445,4.033532838465511,0.0,0.375,0.30625,12,15,0.8016287959946526,0.5661220238095234,1.0,0.5584818789709949,0.920164158417739,720.3014935570529,0,0,900,0.0,0,1
20260515_191340,231,e1,PPO-OSD+Fuzzy-NoOPCBRS-Source-e1,proxy,0,72.0,2,0.9833333333333333,4.001887441095629,0.0,0.375,0.30625,11,22,0.7717575010326173,0.5893650793650791,1.0,0.20579614141852642,0.9200526993006842,693.1666731450638,0,0,900,0.0,0,1
20260515_191340,232,e1,PPO-OSD+Fuzzy-NoOPCBRS-Source-e1,proxy,0,72.0,3,0.9777777777777777,3.984537381340857,0.0,0.375,0.30625,11,21,0.7542939047680961,0.6028313492063492,1.0,0.0,0.9187414822141059,687.5362535111652,0,0,900,0.0,0,1
20260515_191340,233,e1,PPO-OSD+Fuzzy-NoOPCBRS-Source-e1,proxy,0,72.0,3,0.9822222222222222,4.0114977144309645,0.0,0.375,0.30625,11,42,0.7811760565969679,0.5805436507936506,1.0,0.30204276049324325,0.9198100280901415,695.1269554707847,0,0,900,0.0,0,1
20260515_191340,234,e1,PPO-OSD+Fuzzy-NoOPCBRS-Source-e1,proxy,0,72.0,1,0.9722222222222222,4.034089887597729,0.0,0.375,0.30625,12,15,0.802177465127574,0.5656587301587297,1.0,0.5513843231807422,0.9197460745522508,719.7444514793804,0,0,900,0.0,0,1
20260515_191340,235,e1,PPO-OSD+Fuzzy-NoOPCBRS-Source-e1,proxy,0,72.0,1,0.98,4.032523774631114,0.0,0.375,0.30625,12,11,0.8006774889760547,0.56810119047619,1.0,0.5579639419449473,0.9198956168736145,719.7613585827417,0,0,900,0.0,0,1
20260515_191340,236,e1,PPO-OSD+Fuzzy-NoOPCBRS-Source-e1,proxy,0,72.0,1,0.9688888888888889,3.994903911715209,0.0,0.375,0.30625,11,10,0.7647888189223078,0.5939196428571427,1.0,0.11476583241468592,0.9196068361192874,690.8115500305915,0,0,900,0.0,0,1
20260515_191340,237,e1,PPO-OSD+Fuzzy-NoOPCBRS-Source-e1,proxy,0,72.0,0,0.9955555555555555,4.068577063560358,0.0,0.375,0.30625,12,4,0.8325853780574268,0.5391180555555551,1.0,0.905562409062362,0.9238234319167943,729.1367132428347,0,0,900,0.0,0,1
20260515_191340,238,e1,PPO-OSD+Fuzzy-NoOPCBRS-Source-e1,proxy,0,72.0,1,0.9622222222222222,4.007343099385158,0.0,0.375,0.30625,11,36,0.7770052754216724,0.583284722222222,1.0,0.26661763384410464,0.9199264687073802,694.1232339567457,0,0,900,0.0,0,1
20260515_191340,239,e1,PPO-OSD+Fuzzy-NoOPCBRS-Source-e1,proxy,0,72.0,0,0.9644444444444444,4.030039345614033,0.0,0.375,0.30625,11,16,0.7985386158691512,0.5689047619047615,1.0,0.5045371508433746,0.9193938053695974,701.305737683896,0,0,900,0.0,0,1
20260515_191340,240,e1,PPO-OSD+Fuzzy-NoOPCBRS-Source-e1,proxy,0,72.0,1,0.9844444444444445,4.004627694466823,0.0,0.375,0.30625,11,8,0.7744358309772279,0.5865079365079364,1.0,0.23039258233183038,0.9201977334550968,694.0329679812099,0,0,900,0.0,0,1
20260515_191340,241,e1,PPO-OSD+Fuzzy-NoOPCBRS-Source-e1,proxy,0,72.0,0,0.9877777777777778,4.027420522786455,0.0,0.375,0.30625,11,21,0.7961617924438582,0.5710654761904761,1.0,0.47494094360848665,0.9197608550910467,701.1258216740476,0,0,900,0.0,0,1
20260515_191340,242,e1,PPO-OSD+Fuzzy-NoOPCBRS-Source-e1,proxy,0,72.0,1,0.9722222222222222,4.016987954533092,0.0,0.375,0.30625,11,39,0.7863030321068234,0.5779394841269838,1.0,0.3642803651190266,0.919641585320544,697.154457941513,0,0,900,0.0,0,1
20260515_191340,243,e1,PPO-OSD+Fuzzy-NoOPCBRS-Source-e1,proxy,0,72.0,1,0.9755555555555555,4.029640940850675,0.0,0.375,0.30625,11,28,0.7982462663782968,0.5691249999999998,1.0,0.4930425741455174,0.9193765332703303,700.650678954765,0,0,900,0.0,0,1
20260515_191340,244,e1,PPO-OSD+Fuzzy-NoOPCBRS-Source-e1,proxy,0,72.0,2,0.9955555555555555,4.019583163808577,0.0,0.375,0.30625,11,12,0.788898596531815,0.5765109126984125,1.0,0.43470309265916657,0.9108728120136238,696.6697224047367,0,0,900,0.0,0,1
20260515_191340,245,e1,PPO-OSD+Fuzzy-NoOPCBRS-Source-e1,proxy,0,72.0,2,0.9911111111111112,4.036125996730562,0.0,0.375,0.30625,12,16,0.8038857103718652,0.5641944444444441,1.0,0.5829357500409318,0.9202529195423617,720.2533039538421,0,0,900,0.0,0,1
20260515_191340,246,e1,PPO-OSD+Fuzzy-NoOPCBRS-Source-e1,proxy,0,72.0,2,0.9855555555555555,4.0434336268864115,0.0,0.375,0.30625,12,22,0.8104930878016684,0.5596398809523805,1.0,0.6445403639140626,0.9210854984059302,722.2783182518123,0,0,900,0.0,0,1
20260515_191340,247,e1,PPO-OSD+Fuzzy-NoOPCBRS-Source-e1,proxy,0,72.0,0,0.98,4.0428725304666875,0.0,0.375,0.30625,12,21,0.8100407356023789,0.5604563492063487,1.0,0.6348121700828081,0.9210114116928779,722.8605668159612,0,0,900,0.0,0,1
20260515_191340,248,e1,PPO-OSD+Fuzzy-NoOPCBRS-Source-e1,proxy,0,72.0,2,0.9833333333333333,4.033183614455912,0.0,0.375,0.30625,12,23,0.8012392312619421,0.566756944444444,1.0,0.5464889025958655,0.9199214034527534,719.5457575027291,0,0,900,0.0,0,1
20260515_191340,249,e1,PPO-OSD+Fuzzy-NoOPCBRS-Source-e1,proxy,0,72.0,0,0.9644444444444444,4.059606454443912,0.0,0.375,0.30625,12,15,0.8250064325001505,0.5466626984126981,1.0,0.8123104750214827,0.9233528980727012,726.1406926970992,0,0,900,0.0,0,1
20260515_191340,250,e1,PPO-OSD+Fuzzy-NoOPCBRS-Source-e1,proxy,0,72.0,0,0.9911111111111112,4.050302079319549,0.0,0.375,0.30625,12,20,0.816804657512241,0.5546091269841266,1.0,0.707566633274724,0.9220648959523969,724.792197070834,0,0,900,0.0,0,1
20260515_191340,251,e1,PPO-OSD+Fuzzy-NoOPCBRS-Source-e1,proxy,0,72.0,2,0.9788888888888889,4.0525976932744925,0.0,0.375,0.30625,12,15,0.8189007858766449,0.5528402777777774,1.0,0.7403698573307229,0.922302781909842,724.3633977950992,0,0,900,0.0,0,1
20260515_191340,252,e1,PPO-OSD+Fuzzy-NoOPCBRS-Source-e1,proxy,0,72.0,2,0.9711111111111111,3.996946535767723,0.0,0.375,0.30625,11,14,0.7667880232135454,0.5923194444444442,1.0,0.13180233639259958,0.9197051113312721,691.0354240802876,0,0,900,0.0,0,1
20260515_191340,253,e1,PPO-OSD+Fuzzy-NoOPCBRS-Source-e1,proxy,0,72.0,0,0.9722222222222222,3.995003373052798,0.0,0.37389994510211033,0.30496660261912867,11,16,0.7649939668509695,0.5933333333333332,0.9804434684819767,0.13997507087173922,0.9194951567816104,691.1651346387184,0,0,900,0.0,0,1
20260515_191340,254,e1,PPO-OSD+Fuzzy-NoOPCBRS-Source-e1,proxy,0,72.0,1,0.9922222222222222,4.057821303636334,0.0,0.375,0.30625,12,27,0.8232648986246851,0.5482986111111108,1.0,0.7964520435457417,0.9233728006548312,726.1483617904173,0,0,900,0.0,0,1
20260515_191340,255,e1,PPO-OSD+Fuzzy-NoOPCBRS-Source-e1,proxy,0,72.0,1,0.9866666666666667,4.074918639496384,0.0,0.375,0.30625,12,31,0.8378929395476977,0.5334494047619042,1.0,0.9547769785838485,0.9232857424637335,729.4085805085476,0,0,900,0.0,0,1
20260515_191340,256,e1,PPO-OSD+Fuzzy-NoOPCBRS-Source-e1,proxy,0,72.0,1,0.9888888888888889,4.017131144504511,0.0,0.36856758864347916,0.298745520084059,11,24,0.7864317941334512,0.5782797619047616,0.8856460203285218,0.5036492693474074,0.9198007418445515,697.8393271286143,0,0,900,0.0,0,1
20260515_191340,257,e1,PPO-OSD+Fuzzy-NoOPCBRS-Source-e1,proxy,0,72.0,0,0.99,4.0260604065073275,0.0,0.375,0.30625,11,16,0.7950682743390401,0.5722609126984125,1.0,0.445984139087268,0.9195021734914429,700.3726756338804,0,0,900,0.0,0,1
20260515_191340,258,e1,PPO-OSD+Fuzzy-NoOPCBRS-Source-e1,proxy,0,72.0,2,0.99,4.008113422622346,0.0,0.375,0.30625,11,27,0.7778016867571407,0.5828988095238095,1.0,0.2527300777103895,0.9198791694351383,694.5342100472146,0,0,900,0.0,0,1
20260515_191340,259,e1,PPO-OSD+Fuzzy-NoOPCBRS-Source-e1,proxy,0,72.0,2,0.9866666666666667,4.02091763958586,0.0,0.375,0.30625,11,16,0.7900754265652763,0.5740327380952379,1.0,0.3913825481013359,0.9193036162111634,698.1937548105672,0,0,900,0.0,0,1
20260515_191340,260,e1,PPO-OSD+Fuzzy-NoOPCBRS-Source-e1,proxy,0,72.0,0,0.9855555555555555,4.025457739464635,0.0,0.375,0.30625,11,17,0.7942884030938149,0.571188492063492,1.0,0.44350182415713885,0.9195328700297537,700.0528785149631,0,0,900,0.0,0,1
20260515_191340,261,e1,PPO-OSD+Fuzzy-NoOPCBRS-Source-e1,proxy,0,72.0,1,0.9877777777777778,4.014237963267594,0.0,0.375,0.30625,11,7,0.7836668812566333,0.5790277777777777,1.0,0.3186929779342662,0.9200068238226669,696.7047317664121,0,0,900,0.0,0,1
20260515_191340,262,e1,PPO-OSD+Fuzzy-NoOPCBRS-Source-e1,proxy,0,72.0,5,0.9811111111111112,4.05804744514783,0.0,0.375,0.30625,12,30,0.8236481486426459,0.5485902777777772,1.0,0.7710161738644559,0.9232602165431584,724.3760647473074,0,0,900,0.0,0,1
20260515_191340,263,e1,PPO-OSD+Fuzzy-NoOPCBRS-Source-e1,proxy,0,72.0,0,0.9888888888888889,4.041744286615106,0.0,0.375,0.30625,12,3,0.8090800510181321,0.5603105158730155,1.0,0.6176710689247048,0.9206877294424238,722.2407834303617,0,0,900,0.0,0,1
20260515_191340,264,e1,PPO-OSD+Fuzzy-NoOPCBRS-Source-e1,proxy,0,72.0,1,0.9877777777777778,4.042703083440463,0.0,0.375,0.30625,12,38,0.8098772288362185,0.559225198412698,1.0,0.6364314235716669,0.9209057197105822,722.3324983716258,0,0,900,0.0,0,1
20260515_191340,265,e1,PPO-OSD+Fuzzy-NoOPCBRS-Source-e1,proxy,0,72.0,1,0.9877777777777778,4.053450208557329,0.0,0.375,0.30625,12,20,0.8196887923942672,0.5517291666666663,1.0,0.7364764219379395,0.9224763155226702,725.3710094798224,0,0,900,0.0,0,1
20260515_191340,266,e1,PPO-OSD+Fuzzy-NoOPCBRS-Source-e1,proxy,0,72.0,3,0.9822222222222222,4.057571044305686,0.0,0.375,0.30625,12,44,0.8230778226587507,0.5489821428571424,1.0,0.7794358672895135,0.9233450857911665,724.8765682740619,0,0,900,0.0,0,1
20260515_191340,267,e1,PPO-OSD+Fuzzy-NoOPCBRS-Source-e1,proxy,0,72.0,1,0.9633333333333334,4.033152499396816,0.0,0.375,0.30625,12,19,0.8012899227937063,0.5665496031746027,1.0,0.5260702497148938,0.9198967446843845,719.2565542533756,0,0,900,0.0,0,1
20260515_191340,268,e1,PPO-OSD+Fuzzy-NoOPCBRS-Source-e1,proxy,0,72.0,1,0.9788888888888889,4.040321257788331,0.0,0.375,0.30625,12,24,0.8076050496432516,0.5610912698412693,1.0,0.6070394912122731,0.920577690350409,721.6026217825677,0,0,900,0.0,0,1
20260515_191340,269,e1,PPO-OSD+Fuzzy-NoOPCBRS-Source-e1,proxy,0,72.0,1,0.9755555555555555,4.016362014424089,0.0,0.375,0.30625,11,22,0.7857208644019232,0.5779394841269838,1.0,0.34386979104567633,0.9195601136537473,697.0778580848245,0,0,900,0.0,0,1
20260515_191340,270,e1,PPO-OSD+Fuzzy-NoOPCBRS-Source-e1,proxy,0,72.0,1,0.9677777777777777,4.023647037385926,0.0,0.375,0.30625,11,19,0.7926880714297294,0.5734107142857142,1.0,0.4240749032415462,0.9188389627678594,698.9983974123247,0,0,900,0.0,0,1
20260515_191340,271,e1,PPO-OSD+Fuzzy-NoOPCBRS-Source-e1,proxy,0,72.0,0,0.9922222222222222,4.063636471886279,0.0,0.375,0.30625,12,7,0.8284500369429588,0.5450624999999996,1.0,0.845824997032963,0.923081340168742,727.9138285758971,0,0,900,0.0,0,1
20260515_191340,272,e1,PPO-OSD+Fuzzy-NoOPCBRS-Source-e1,proxy,0,72.0,1,0.9911111111111112,4.052665665443772,0.0,0.375,0.30625,12,27,0.8188469294375843,0.5537668650793648,1.0,0.7225236953431614,0.9225278905126332,725.1632430896451,0,0,900,0.0,0,1
20260515_191340,273,e1,PPO-OSD+Fuzzy-NoOPCBRS-Source-e1,proxy,0,72.0,0,0.99,4.067456096576699,0.0,0.375,0.30625,12,3,0.8316671514842245,0.5397886904761902,1.0,0.8669623243389423,0.923671848257934,728.475222182052,0,0,900,0.0,0,1
20260515_191340,274,e1,PPO-OSD+Fuzzy-NoOPCBRS-Source-e1,proxy,0,72.0,2,0.9888888888888889,4.035685294630131,0.0,0.375,0.30625,12,25,0.8034357870949639,0.5646448412698408,1.0,0.560077585847423,0.9202752964367606,720.0817624521519,0,0,900,0.0,0,1
20260515_191340,275,e1,PPO-OSD+Fuzzy-NoOPCBRS-Source-e1,proxy,0,72.0,1,0.9888888888888889,4.033092195554115,0.0,0.375,0.30625,12,23,0.8013211862577332,0.5665009920634915,1.0,0.5333799428599948,0.9199015911796169,719.7083879944394,0,0,900,0.0,0,1
20260515_191340,276,e1,PPO-OSD+Fuzzy-NoOPCBRS-Source-e1,proxy,0,72.0,2,0.9855555555555555,4.014684857701715,0.0,0.375,0.30625,11,23,0.7841844157377879,0.5781984126984127,1.0,0.3277800114673776,0.9197818588762958,696.130757550823,0,0,900,0.0,0,1
20260515_191340,277,e1,PPO-OSD+Fuzzy-NoOPCBRS-Source-e1,proxy,0,72.0,0,0.9988888888888889,4.054703744032019,0.0,0.375,0.30625,12,0,0.8206939943300353,0.5518849206349202,1.0,0.7497568301769632,0.9227745535078514,725.9584798188221,0,0,900,0.0,0,1
20260515_191340,278,e1,PPO-OSD+Fuzzy-NoOPCBRS-Source-e1,proxy,0,72.0,3,0.9755555555555555,4.002069162268676,0.0,0.375,0.30625,11,18,0.7718050470285945,0.5876805555555554,1.0,0.194909411406532,0.9200159381431765,692.0340879329661,0,0,900,0.0,0,1
20260515_191340,279,e1,PPO-OSD+Fuzzy-NoOPCBRS-Source-e1,proxy,0,72.0,2,0.9744444444444444,4.0685774945569095,0.0,0.375,0.30625,12,33,0.8325753984517521,0.5396527777777774,1.0,0.8973597061671806,0.9237271586307142,727.8079983143839,0,0,900,0.0,0,1
20260515_191340,280,e1,PPO-OSD+Fuzzy-NoOPCBRS-Source-e1,proxy,0,72.0,4,0.9944444444444445,4.0657834986486305,0.0,0.375,0.30625,12,18,0.8303533263338937,0.5433749999999995,1.0,0.8698671195963155,0.9236882360237091,727.2436050886257,0,0,900,0.0,0,1
20260515_191340,281,e1,PPO-OSD+Fuzzy-NoOPCBRS-Source-e1,proxy,0,72.0,2,0.9877777777777778,4.02872673707593,0.0,0.375,0.30625,11,19,0.7974943784210416,0.5702847222222222,1.0,0.49099811784360126,0.9194755209803017,700.8195629178982,0,0,900,0.0,0,1
20260515_191340,282,e1,PPO-OSD+Fuzzy-NoOPCBRS-Source-e1,proxy,0,72.0,1,0.9911111111111112,4.049660104035848,0.0,0.375,0.30625,12,24,0.8162864014175203,0.5554027777777774,1.0,0.7295414042218212,0.92187952269041,724.32358509584,0,0,900,0.0,0,1
20260515_191340,283,e1,PPO-OSD+Fuzzy-NoOPCBRS-Source-e1,proxy,0,72.0,1,0.9655555555555555,3.9882316153923676,0.0,0.36514475133160385,0.2947522098868711,11,17,0.7581687973936398,0.6007420634920633,0.8247955792285192,0.275999094282959,0.9191240087851742,689.3939800516081,0,0,900,0.0,0,1
20260515_191340,284,e1,PPO-OSD+Fuzzy-NoOPCBRS-Source-e1,proxy,0,72.0,0,0.9755555555555555,4.047810324777526,0.0,0.375,0.30625,12,27,0.8145934347311655,0.5554285714285709,1.0,0.7127247529454075,0.9213948001064086,723.921609957304,0,0,900,0.0,0,1
20260515_191340,285,e1,PPO-OSD+Fuzzy-NoOPCBRS-Source-e1,proxy,0,72.0,3,0.98,4.012596168106352,0.0,0.375,0.30625,11,19,0.782273329032792,0.5804206349206349,1.0,0.32460782661363907,0.9197968567364531,695.5030354049472,0,0,900,0.0,0,1
20260515_191340,286,e1,PPO-OSD+Fuzzy-NoOPCBRS-Source-e1,proxy,0,72.0,1,0.9866666666666667,4.044798634059908,0.0,0.375,0.30625,12,12,0.8118239310383797,0.558224206349206,1.0,0.690588745123408,0.9210921219320699,722.8555239118602,0,0,900,0.0,0,1
20260515_191340,287,e1,PPO-OSD+Fuzzy-NoOPCBRS-Source-e1,proxy,0,72.0,2,0.9922222222222222,4.062519779791853,0.0,0.375,0.30625,12,13,0.8272643401556545,0.544975198412698,1.0,0.8590679825186122,0.923662082278125,726.679761891935,0,0,900,0.0,0,1
20260515_191340,288,e1,PPO-OSD+Fuzzy-NoOPCBRS-Source-e1,proxy,0,72.0,0,0.9733333333333334,4.022282572574075,0.0,0.375,0.30625,11,16,0.7914028337597847,0.5740942460317459,1.0,0.4260405192645332,0.9194229683278264,699.2414997242572,0,0,900,0.0,0,1
20260515_191340,289,e1,PPO-OSD+Fuzzy-NoOPCBRS-Source-e1,proxy,0,72.0,0,0.9888888888888889,4.0057766956635055,0.0,0.3693491443085212,0.2996573350266081,11,24,0.7755904539095031,0.5841299603174602,0.899540343262602,0.37106937598618456,0.9199434050733083,694.4424601134873,0,0,900,0.0,0,1
20260515_191340,290,e1,PPO-OSD+Fuzzy-NoOPCBRS-Source-e1,proxy,0,72.0,1,0.9922222222222222,4.045289044797464,0.0,0.375,0.30625,12,17,0.8123335264457596,0.5574662698412695,1.0,0.6712096058142947,0.9212557900521088,723.3034748802752,0,0,900,0.0,0,1
20260515_191340,291,e1,PPO-OSD+Fuzzy-NoOPCBRS-Source-e1,proxy,0,72.0,2,0.9911111111111112,4.044503808750763,0.0,0.375,0.30625,12,16,0.8115578374266624,0.5586388888888884,1.0,0.671477972372677,0.9210384445389117,722.7085011756885,0,0,900,0.0,0,1
20260515_191340,292,e1,PPO-OSD+Fuzzy-NoOPCBRS-Source-e1,proxy,0,72.0,1,0.9866666666666667,4.043734234390367,0.0,0.375,0.30625,12,26,0.811018970741166,0.558771825396825,1.0,0.6417674119543241,0.9209204572108057,722.5299268099698,0,0,900,0.0,0,1
20260515_191340,293,e1,PPO-OSD+Fuzzy-NoOPCBRS-Source-e1,proxy,0,72.0,1,0.9855555555555555,4.018504781507433,0.0,0.375,0.30625,11,10,0.7878121146559716,0.5768055555555553,1.0,0.39599401346212326,0.9193066904303208,697.6444356318872,0,0,900,0.0,0,1
20260515_191340,294,e1,PPO-OSD+Fuzzy-NoOPCBRS-Source-e1,proxy,0,72.0,0,0.9611111111111111,4.0174864539695685,0.0,0.375,0.30625,11,21,0.786720469031069,0.5773174603174601,1.0,0.37091229583372237,0.919750766000124,697.2678633074376,0,0,900,0.0,0,1
20260515_191340,295,e1,PPO-OSD+Fuzzy-NoOPCBRS-Source-e1,proxy,0,72.0,2,0.9711111111111111,4.011368325553087,0.0,0.375,0.30625,11,44,0.7810205754306582,0.580064484126984,1.0,0.31061631050261634,0.91985671371739,694.9131121405442,0,0,900,0.0,0,1
20260515_191340,296,e1,PPO-OSD+Fuzzy-NoOPCBRS-Source-e1,proxy,0,72.0,1,0.9877777777777778,4.034140286524292,0.0,0.375,0.30625,12,7,0.80210676226351,0.5654027777777773,1.0,0.5604932326056684,0.9200879012859691,719.9350625357831,0,0,900,0.0,0,1
20260515_191340,297,e1,PPO-OSD+Fuzzy-NoOPCBRS-Source-e1,proxy,0,72.0,2,0.9866666666666667,4.026703880448054,0.0,0.375,0.30625,11,25,0.7954439879457156,0.5711884920634919,1.0,0.4595350830948075,0.9196709771769943,699.7827631742182,0,0,900,0.0,0,1
20260515_191340,298,e1,PPO-OSD+Fuzzy-NoOPCBRS-Source-e1,proxy,0,72.0,0,0.9777777777777777,4.002252198729579,0.0,0.375,0.30625,11,23,0.7721255691846212,0.5881438492063491,1.0,0.19178521965232095,0.9199099898664285,693.5904298196174,0,0,900,0.0,0,1
20260515_191340,299,e1,PPO-OSD+Fuzzy-NoOPCBRS-Source-e1,proxy,0,72.0,0,0.9811111111111112,4.05069099757682,0.0,0.375,0.30625,12,8,0.8170369536677996,0.5527916666666662,1.0,0.7130948468935593,0.9219482335379272,724.3575501055608,0,0,900,0.0,0,1
20260515_191340,300,e1,PPO-OSD+Fuzzy-NoOPCBRS-Source-e1,proxy,0,72.0,0,0.9888888888888889,4.034505161412377,0.0,0.375,0.30625,12,25,0.8025497640834914,0.56641369047619,1.0,0.5483986170418543,0.9202275628010156,721.1066099381992,0,0,900,0.0,0,1
20260515_191340,301,e1,PPO-OSD+Fuzzy-NoOPCBRS-Source-e1,proxy,0,72.0,2,0.9844444444444445,4.03878698142162,0.0,0.375,0.30625,12,15,0.8063078540232447,0.5614960317460314,1.0,0.5949739581586757,0.9203669810133834,720.7668011808668,0,0,900,0.0,0,1
20260515_191340,302,e1,PPO-OSD+Fuzzy-NoOPCBRS-Source-e1,proxy,0,72.0,0,0.9855555555555555,4.042571665555701,0.0,0.375,0.30625,12,13,0.8098320924242337,0.5591021825396821,1.0,0.6358557140328662,0.9208794555031792,722.5953063603049,0,0,900,0.0,0,1
20260515_191340,303,e1,PPO-OSD+Fuzzy-NoOPCBRS-Source-e1,proxy,0,72.0,0,0.9811111111111112,4.058690867920095,0.0,0.375,0.30625,12,12,0.8242403437693914,0.5501160714285709,1.0,0.8065214482036172,0.923401089646009,726.6477009574177,0,0,900,0.0,0,1
20260515_191340,304,e1,PPO-OSD+Fuzzy-NoOPCBRS-Source-e1,proxy,0,72.0,0,0.9944444444444445,4.032052820859906,0.0,0.375,0.30625,11,6,0.800592840032445,0.5722638888888887,1.0,0.5333670617734045,0.9009057514992097,699.6019217950869,0,0,900,0.0,0,1
20260515_191340,305,e1,PPO-OSD+Fuzzy-NoOPCBRS-Source-e1,proxy,0,72.0,1,0.9855555555555555,4.036641118880254,0.0,0.375,0.30625,12,17,0.804368508292569,0.5639613095238092,1.0,0.5810762065819279,0.9201036860039281,720.8584741688696,0,0,900,0.0,0,1
20260515_191340,306,e1,PPO-OSD+Fuzzy-NoOPCBRS-Source-e1,proxy,0,72.0,2,0.9877777777777778,4.0369323876565835,0.0,0.375,0.30625,12,23,0.804609654645125,0.5638025793650789,1.0,0.5856785002965696,0.9201448985363395,720.5284106761491,0,0,900,0.0,0,1
20260515_191340,307,e1,PPO-OSD+Fuzzy-NoOPCBRS-Source-e1,proxy,0,72.0,2,0.9866666666666667,4.0010559856887,0.0,0.375,0.30625,11,7,0.7709041560027334,0.5879007936507935,1.0,0.17102363355257033,0.9202241174370495,692.4492672639509,0,0,900,0.0,0,1
20260515_191340,308,e1,PPO-OSD+Fuzzy-NoOPCBRS-Source-e1,proxy,0,72.0,2,0.9822222222222222,4.062157336838322,0.0,0.375,0.30625,12,39,0.8271636602613661,0.5456230158730154,1.0,0.8354908371532848,0.9237126804943431,726.6506760627535,0,0,900,0.0,0,1
20260515_191340,309,e1,PPO-OSD+Fuzzy-NoOPCBRS-Source-e1,proxy,0,72.0,0,0.9922222222222222,4.038251761635268,0.0,0.375,0.30625,12,22,0.8060050590170754,0.5626071428571424,1.0,0.5907609309990685,0.9202702819900922,721.6238656203985,0,0,900,0.0,0,1
20260515_191340,310,e1,PPO-OSD+Fuzzy-NoOPCBRS-Source-e1,proxy,0,72.0,2,0.9877777777777778,4.043326706143064,0.0,0.375,0.30625,12,31,0.8105276257461972,0.5591150793650789,1.0,0.6348608219885434,0.9208112560210892,721.9524691363996,0,0,900,0.0,0,1
20260515_191340,311,e1,PPO-OSD+Fuzzy-NoOPCBRS-Source-e1,proxy,0,72.0,3,0.9866666666666667,4.013114103923304,0.0,0.375,0.30625,11,35,0.782570927143097,0.5795882936507935,1.0,0.30390043766698766,0.9198257068767125,695.4234920630454,0,0,900,0.0,0,1
20260515_191340,312,e1,PPO-OSD+Fuzzy-NoOPCBRS-Source-e1,proxy,0,72.0,1,0.9744444444444444,4.06496006513877,0.0,0.375,0.30625,12,30,0.8294581204652787,0.5435466269841265,1.0,0.8622207671210235,0.9238415720253419,727.1133017605774,0,0,900,0.0,0,1
20260515_191340,313,e1,PPO-OSD+Fuzzy-NoOPCBRS-Source-e1,proxy,0,72.0,0,0.9922222222222222,4.043406951669048,0.0,0.375,0.30625,12,18,0.8105314792527093,0.5590406746031741,1.0,0.6430686638608066,0.9209918369492509,722.7941365307347,0,0,900,0.0,0,1
20260515_191340,314,e1,PPO-OSD+Fuzzy-NoOPCBRS-Source-e1,proxy,0,72.0,3,0.98,4.0380109642481266,0.0,0.375,0.30625,12,32,0.8056716371575992,0.5634851190476186,1.0,0.5925278007740202,0.9193499428801305,720.1820719614072,0,0,900,0.0,0,1
20260515_191340,315,e1,PPO-OSD+Fuzzy-NoOPCBRS-Source-e1,proxy,0,72.0,1,0.9822222222222222,4.040588204336513,0.0,0.375,0.30625,12,24,0.8080481478571891,0.5653898809523806,1.0,0.6575448252255122,0.9109870084795958,720.7776840616102,0,0,900,0.0,0,1
20260515_191340,316,e1,PPO-OSD+Fuzzy-NoOPCBRS-Source-e1,proxy,0,72.0,0,0.9822222222222222,4.040927554184663,0.0,0.375,0.30625,12,5,0.8083936768107944,0.5608611111111107,1.0,0.6058307803520439,0.9206598868904025,722.0566964497003,0,0,900,0.0,0,1
20260515_191340,317,e1,PPO-OSD+Fuzzy-NoOPCBRS-Source-e1,proxy,0,72.0,2,0.9788888888888889,4.04705529955727,0.0,0.375,0.30625,12,29,0.8137384792168935,0.5559533730158727,1.0,0.6773941248434336,0.9215151800370466,722.8068141948463,0,0,900,0.0,0,1
20260515_191340,318,e1,PPO-OSD+Fuzzy-NoOPCBRS-Source-e1,proxy,0,72.0,0,0.9744444444444444,4.071108852665343,0.0,0.375,0.30625,12,0,0.8347505614161491,0.5374077380952376,1.0,0.9177608997771023,0.923712763532271,729.0523728542674,0,0,900,0.0,0,1
20260515_191340,319,e1,PPO-OSD+Fuzzy-NoOPCBRS-Source-e1,proxy,0,72.0,0,0.9677777777777777,4.003197252369792,0.0,0.375,0.30625,11,5,0.7729491711656252,0.5863134920634919,1.0,0.19630360739128588,0.9197286190912637,693.4217578550547,0,0,900,0.0,0,1
20260515_191340,320,e1,PPO-OSD+Fuzzy-NoOPCBRS-Source-e1,proxy,0,72.0,0,0.9688888888888889,4.016661023334198,0.0,0.375,0.30625,11,17,0.786063918405109,0.5775605158730155,1.0,0.3447577996643413,0.9197547693506604,697.3647205068941,0,0,900,0.0,0,1
20260515_191340,321,e1,PPO-OSD+Fuzzy-NoOPCBRS-Source-e1,proxy,0,72.0,2,0.9711111111111111,4.019119691096802,0.0,0.375,0.30625,11,21,0.7883476507994863,0.5765595238095236,1.0,0.3789011267835987,0.9198255756789727,697.5891128228079,0,0,900,0.0,0,1
20260515_191340,322,e1,PPO-OSD+Fuzzy-NoOPCBRS-Source-e1,proxy,0,72.0,1,0.9722222222222222,3.9858881438566436,0.0,0.37193759631073753,0.30267719569586043,11,16,0.755583036409484,0.6017817460317462,0.9455572677464607,0.07041952611806049,0.9190016144939225,688.3840410160126,0,0,900,0.0,0,1
20260515_191340,323,e1,PPO-OSD+Fuzzy-NoOPCBRS-Source-e1,proxy,0,72.0,3,0.9866666666666667,4.0541970875716515,0.0,0.375,0.30625,12,39,0.8202366493807899,0.5502390873015869,1.0,0.7423364169897005,0.922580788361266,723.9615443914373,0,0,900,0.0,0,1
20260515_191340,324,e1,PPO-OSD+Fuzzy-NoOPCBRS-Source-e1,proxy,0,72.0,2,0.9766666666666667,4.0194250840145935,0.0,0.375,0.30625,11,10,0.7885979425575999,0.5755714285714282,1.0,0.37738089230445643,0.9198161260738834,697.8003793405311,0,0,900,0.0,0,1
20260515_191340,325,e1,PPO-OSD+Fuzzy-NoOPCBRS-Source-e1,proxy,0,72.0,1,0.97,4.028329675735361,0.0,0.375,0.30625,11,11,0.7970266837378343,0.5701130952380951,1.0,0.4612807570338924,0.9195724453251053,700.3082668941627,0,0,900,0.0,0,1
20260515_191340,326,e1,PPO-OSD+Fuzzy-NoOPCBRS-Source-e1,proxy,0,72.0,1,0.9877777777777778,4.021565877616157,0.0,0.375,0.30625,11,37,0.7907070118851132,0.5743501984126982,1.0,0.39632354521923713,0.9193744244445455,698.7945019083292,0,0,900,0.0,0,1
20260515_191340,327,e1,PPO-OSD+Fuzzy-NoOPCBRS-Source-e1,proxy,0,72.0,2,0.9955555555555555,4.042149474070084,0.0,0.375,0.30625,12,33,0.8094076908959282,0.5604692460317455,1.0,0.6422857868883896,0.9206602127194667,722.1832497647146,0,0,900,0.0,0,1
20260515_191340,328,e1,PPO-OSD+Fuzzy-NoOPCBRS-Source-e1,proxy,0,72.0,3,0.9822222222222222,4.008529634958847,0.0,0.375,0.30625,11,25,0.7782022933827506,0.5826755952380952,1.0,0.25646663840211853,0.9198210466334038,694.2643320172523,0,0,900,0.0,0,1
20260515_191340,329,e1,PPO-OSD+Fuzzy-NoOPCBRS-Source-e1,proxy,0,72.0,2,0.9888888888888889,4.032422551672367,0.0,0.375,0.30625,12,18,0.8006118180685573,0.5673075396825392,1.0,0.5378530787876379,0.9199448461066593,719.480448865112,0,0,900,0.0,0,1
20260515_191340,330,e1,PPO-OSD+Fuzzy-NoOPCBRS-Source-e1,proxy,0,72.0,0,0.9944444444444445,4.050613044864781,0.0,0.374023644799839,0.3051109189331455,12,20,0.8172428988085852,0.5552569444444441,0.9826425742193436,0.733574966314644,0.922112452036666,725.0304127452832,0,0,900,0.0,0,1
20260515_191340,331,e1,PPO-OSD+Fuzzy-NoOPCBRS-Source-e1,proxy,0,72.0,0,0.9844444444444445,4.034396449971462,0.0,0.375,0.30625,12,20,0.8024466936786969,0.5661478174603172,1.0,0.5590899277389632,0.9199395657580837,720.5263488207758,0,0,900,0.0,0,1
20260515_191340,332,e1,PPO-OSD+Fuzzy-NoOPCBRS-Source-e1,proxy,0,72.0,1,0.9822222222222222,4.062952389612972,0.0,0.375,0.30625,12,10,0.8277889176540905,0.5449880952380949,1.0,0.8336050147004224,0.9235714439662271,726.8119178178948,0,0,900,0.0,0,1
20260515_191340,333,e1,PPO-OSD+Fuzzy-NoOPCBRS-Source-e1,proxy,0,72.0,2,0.9977777777777778,4.0806455767492,0.0,0.375,0.30625,12,20,0.8426361255844435,0.5281755952380948,1.0,1.0,0.9226174129171434,730.5294563662343,0,0,900,0.0,0,1
20260515_191340,334,e1,PPO-OSD+Fuzzy-NoOPCBRS-Source-e1,proxy,0,72.0,0,0.9922222222222222,4.0496989403616155,0.0,0.375,0.30625,12,8,0.8163450649049547,0.5540357142857137,1.0,0.6941493868632732,0.9217751094764438,724.50423078103,0,0,900,0.0,0,1
20260515_191340,335,e1,PPO-OSD+Fuzzy-NoOPCBRS-Source-e1,proxy,0,72.0,1,0.9877777777777778,4.050509660773546,0.0,0.375,0.30625,12,13,0.8169576289918687,0.5544990079365076,1.0,0.7047535811924032,0.9219618063026825,724.6174427270907,0,0,900,0.0,0,1
20260515_191340,336,e1,PPO-OSD+Fuzzy-NoOPCBRS-Source-e1,proxy,0,72.0,0,0.9877777777777778,4.017672449794407,0.0,0.375,0.30625,11,5,0.7869310792949464,0.5781210317460315,1.0,0.3794322165650742,0.9199809001980324,698.2245303539852,0,0,900,0.0,0,1
20260515_191340,337,e1,PPO-OSD+Fuzzy-NoOPCBRS-Source-e1,proxy,0,72.0,0,0.9722222222222222,4.007894266632801,0.0,0.375,0.30625,11,16,0.777626882592837,0.5837123015873015,1.0,0.25959919732591774,0.9198770591094054,695.2535717110085,0,0,900,0.0,0,1
20260515_191340,338,e1,PPO-OSD+Fuzzy-NoOPCBRS-Source-e1,proxy,0,72.0,1,0.9855555555555555,4.05832164600219,0.0,0.375,0.30625,12,21,0.8238905856013298,0.5484930555555552,1.0,0.7958443215796605,0.9232623650406102,725.6804152461519,0,0,900,0.0,0,1
20260515_191340,339,e1,PPO-OSD+Fuzzy-NoOPCBRS-Source-e1,proxy,0,72.0,0,0.99,4.038333046954287,0.0,0.375,0.30625,12,17,0.8059505902727445,0.5625456349206345,1.0,0.5979163544064829,0.9204492704854866,721.8100579221456,0,0,900,0.0,0,1
20260515_191340,340,e1,PPO-OSD+Fuzzy-NoOPCBRS-Source-e1,proxy,0,72.0,0,0.9888888888888889,4.037167232657496,0.0,0.375,0.30625,12,16,0.8047894951370027,0.5627886904761902,1.0,0.5881411109992901,0.9202488576494915,721.157521242445,0,0,900,0.0,0,1
20260515_191340,341,e1,PPO-OSD+Fuzzy-NoOPCBRS-Source-e1,proxy,0,72.0,1,0.9755555555555555,4.031592492493371,0.0,0.375,0.30625,12,23,0.7999042736987273,0.5664166666666661,1.0,0.5344705955226461,0.9195592269946431,718.967070398364,0,0,900,0.0,0,1
20260515_191340,342,e1,PPO-OSD+Fuzzy-NoOPCBRS-Source-e1,proxy,0,72.0,0,0.9877777777777778,4.045678971398958,0.0,0.375,0.30625,12,10,0.812393824160099,0.5577837301587297,1.0,0.6805823389909855,0.9213022317004352,723.2441584181564,0,0,900,0.0,0,1
20260515_191340,343,e1,PPO-OSD+Fuzzy-NoOPCBRS-Source-e1,proxy,0,72.0,2,0.9666666666666667,4.019030831665161,0.0,0.375,0.30625,11,17,0.7882500492201912,0.5759117063492061,1.0,0.38518327443432976,0.9198810811092455,697.2673042351734,0,0,900,0.0,0,1
20260515_191340,344,e1,PPO-OSD+Fuzzy-NoOPCBRS-Source-e1,proxy,0,72.0,0,0.9788888888888889,4.041552603697583,0.0,0.375,0.30625,12,11,0.8090012657642365,0.559993055555555,1.0,0.6170473980770446,0.920513962394799,721.9733586286076,0,0,900,0.0,0,1
20260515_191340,345,e1,PPO-OSD+Fuzzy-NoOPCBRS-Source-e1,proxy,0,72.0,2,0.9866666666666667,4.027464739363797,0.0,0.375,0.30625,11,14,0.7962485632631514,0.5714930555555553,1.0,0.47218784646880185,0.9193764078434271,700.2336410771934,0,0,900,0.0,0,1
20260515_191340,346,e1,PPO-OSD+Fuzzy-NoOPCBRS-Source-e1,proxy,0,72.0,0,0.9933333333333333,4.034768381677631,0.0,0.375,0.30625,12,14,0.8027586218714714,0.5647321428571423,1.0,0.5439069129291205,0.9200809561974296,720.6442649154375,0,0,900,0.0,0,1
20260515_191340,347,e1,PPO-OSD+Fuzzy-NoOPCBRS-Source-e1,proxy,0,72.0,0,0.9933333333333333,4.080398291090278,0.0,0.375,0.30625,12,3,0.8424056720733643,0.5285287698412694,1.0,1.0,0.9227031918811719,731.2340531310674,0,0,900,0.0,0,1
20260515_191340,348,e1,PPO-OSD+Fuzzy-NoOPCBRS-Source-e1,proxy,0,72.0,1,0.9922222222222222,4.046436358165222,0.0,0.375,0.30625,12,9,0.8133123187555207,0.5566369047619043,1.0,0.666346912051393,0.9212346102349052,723.4324732717906,0,0,900,0.0,0,1
20260515_191340,349,e1,PPO-OSD+Fuzzy-NoOPCBRS-Source-e1,proxy,0,72.0,1,0.9744444444444444,4.028898520052205,0.0,0.375,0.30625,11,27,0.7975720993677775,0.5690406746031744,1.0,0.4835253468529044,0.91958039274284,700.5551868544046,0,0,900,0.0,0,1
20260515_191340,350,e1,PPO-OSD+Fuzzy-NoOPCBRS-Source-e1,proxy,0,72.0,0,0.9844444444444445,4.013298142969591,0.0,0.375,0.30625,11,5,0.782821239762836,0.5796755952380951,1.0,0.3038679038517355,0.9197524503984112,696.5653434126704,0,0,900,0.0,0,1
20260515_191340,351,e1,PPO-OSD+Fuzzy-NoOPCBRS-Source-e1,proxy,0,72.0,1,0.9833333333333333,4.035081864175021,0.0,0.375,0.30625,12,16,0.8029534887274107,0.5654871031746027,1.0,0.548936249348219,0.9202659529404431,720.4569923454018,0,0,900,0.0,0,1
20260515_191340,352,e1,PPO-OSD+Fuzzy-NoOPCBRS-Source-e1,proxy,0,72.0,1,0.9811111111111112,4.045829501608237,0.0,0.375,0.30625,12,21,0.8126349715391795,0.5569414682539678,1.0,0.6577803368311257,0.9212380419568057,722.9252055276731,0,0,900,0.0,0,1
20260515_191340,353,e1,PPO-OSD+Fuzzy-NoOPCBRS-Source-e1,proxy,0,72.0,1,0.87,4.008621263625121,0.0,0.375,0.30625,11,21,0.7782824488149749,0.5832390873015871,1.0,0.2539607811241357,0.9197055493152041,693.1383827133039,0,0,900,0.0,0,1
20260515_191340,354,e1,PPO-OSD+Fuzzy-NoOPCBRS-Source-e1,proxy,0,72.0,3,0.9577777777777777,4.063238147050866,0.0,0.375,0.30625,12,33,0.8279996075232824,0.544366071428571,1.0,0.8252890034178816,0.923691304992126,725.456881699675,0,0,900,0.0,0,1
20260515_191340,355,e1,PPO-OSD+Fuzzy-NoOPCBRS-Source-e1,proxy,0,72.0,1,0.9822222222222222,4.018119259105538,0.0,0.375,0.30625,11,12,0.7874444998304049,0.5767668650793648,1.0,0.35672467312205225,0.9194554922390842,697.4836566308968,0,0,900,0.0,0,1
20260515_191340,356,e1,PPO-OSD+Fuzzy-NoOPCBRS-Source-e1,proxy,0,72.0,3,0.9644444444444444,4.045093936964591,0.0,0.375,0.30625,12,31,0.8121664274401135,0.5577351190476186,1.0,0.6426790427287136,0.9212730679711045,721.6534950361836,0,0,900,0.0,0,1
20260515_191340,357,e1,PPO-OSD+Fuzzy-NoOPCBRS-Source-e1,proxy,0,72.0,0,0.9922222222222222,4.0385124159447745,0.0,0.375,0.30625,12,27,0.8060247063802348,0.5617033730158726,1.0,0.5770769761863318,0.920372137162248,721.267837559481,0,0,900,0.0,0,1
20260515_191340,358,e1,PPO-OSD+Fuzzy-NoOPCBRS-Source-e1,proxy,0,72.0,3,0.9855555555555555,4.051072069692725,0.0,0.375,0.30625,12,27,0.8175409944521056,0.5532678571428568,1.0,0.6983061207273521,0.9220912845601774,723.3425921202974,0,0,900,0.0,0,1
20260515_191340,359,e1,PPO-OSD+Fuzzy-NoOPCBRS-Source-e1,proxy,0,72.0,1,0.9866666666666667,4.023709530626157,0.0,0.375,0.30625,11,16,0.79277025408215,0.5730803571428569,1.0,0.40971252850800843,0.9194495883194246,699.3073011021027,0,0,900,0.0,0,1
20260515_191340,360,e1,PPO-OSD+Fuzzy-NoOPCBRS-Source-e1,proxy,0,72.0,0,0.9811111111111112,4.038832611995289,0.0,0.375,0.30625,12,23,0.8063761186930868,0.5623869047619043,1.0,0.5806737329314148,0.9204951663242856,721.479604737868,0,0,900,0.0,0,1
20260515_191340,361,e1,PPO-OSD+Fuzzy-NoOPCBRS-Source-e1,proxy,0,72.0,1,0.9844444444444445,4.039370480757073,0.0,0.375,0.30625,12,18,0.8068867740697331,0.5613244047619044,1.0,0.5802228119732579,0.9204585293542455,721.0295752068123,0,0,900,0.0,0,1
20260515_191340,362,e1,PPO-OSD+Fuzzy-NoOPCBRS-Source-e1,proxy,0,72.0,2,0.9877777777777778,4.048618220873249,0.0,0.375,0.30625,12,19,0.815352076722516,0.5553541666666663,1.0,0.6710259006074468,0.9217303508140706,723.1817357485693,0,0,900,0.0,0,1
20260515_191340,363,e1,PPO-OSD+Fuzzy-NoOPCBRS-Source-e1,proxy,0,72.0,3,0.9811111111111112,4.008626846313296,0.0,0.375,0.30625,11,40,0.7782385177082486,0.5825783730158728,1.0,0.25045596369755535,0.91999578124257,693.9889793328376,0,0,900,0.0,0,1
20260515_191340,364,e1,PPO-OSD+Fuzzy-NoOPCBRS-Source-e1,proxy,0,72.0,1,0.9788888888888889,4.062723321673149,0.0,0.375,0.30625,12,32,0.8278194153971142,0.5450109126984122,1.0,0.8069176065600919,0.9234881748423774,726.9271724932987,0,0,900,0.0,0,1
20260515_191340,365,e1,PPO-OSD+Fuzzy-NoOPCBRS-Source-e1,proxy,0,72.0,3,0.9711111111111111,4.028411559954044,0.0,0.375,0.30625,11,41,0.7971209862497117,0.5694295634920633,1.0,0.45501414700068565,0.9194733194239362,699.5782697542428,0,0,900,0.0,0,1
20260515_191340,366,e1,PPO-OSD+Fuzzy-NoOPCBRS-Source-e1,proxy,0,72.0,0,0.9911111111111112,4.066669731818515,0.0,0.375,0.30625,12,16,0.8305938517881765,0.5514216269841266,1.0,0.9031184847921078,0.9026582110560639,725.8405403198058,0,0,900,0.0,0,1
20260515_191340,367,e1,PPO-OSD+Fuzzy-NoOPCBRS-Source-e1,proxy,0,72.0,1,0.9944444444444445,4.035041582084142,0.0,0.375,0.30625,12,22,0.8029008022612996,0.5654384920634916,1.0,0.5451683699578772,0.9201017864947033,720.3886943242934,0,0,900,0.0,0,1
20260515_191340,368,e1,PPO-OSD+Fuzzy-NoOPCBRS-Source-e1,proxy,0,72.0,0,0.9877777777777778,4.0487940201639665,0.0,0.375,0.30625,12,19,0.8155093978179826,0.5552926587301582,1.0,0.6730217681589077,0.9216767803662345,723.890767904676,0,0,900,0.0,0,1
20260515_191340,369,e1,PPO-OSD+Fuzzy-NoOPCBRS-Source-e1,proxy,0,72.0,3,0.9933333333333333,4.05293467690056,0.0,0.375,0.30625,12,32,0.8191276055905554,0.5525099206349203,1.0,0.7165562469393734,0.9224789814218127,724.4559921726169,0,0,900,0.0,0,1
20260515_191340,370,e1,PPO-OSD+Fuzzy-NoOPCBRS-Source-e1,proxy,0,72.0,0,0.9855555555555555,4.060181239288957,0.0,0.375,0.30625,12,6,0.8253996595740318,0.5450753968253964,1.0,0.7875312874646556,0.9234742882840881,726.5001844128782,0,0,900,0.0,0,1
20260515_191340,371,e1,PPO-OSD+Fuzzy-NoOPCBRS-Source-e1,proxy,0,72.0,1,0.9888888888888889,4.05691826540694,0.0,0.375,0.30625,12,4,0.8225613642732302,0.5488720238095235,1.0,0.7561926353611577,0.9232075195786271,725.6741362501158,0,0,900,0.0,0,1
20260515_191340,372,e1,PPO-OSD+Fuzzy-NoOPCBRS-Source-e1,proxy,0,72.0,1,0.9833333333333333,4.043400363868709,0.0,0.375,0.30625,12,22,0.8104970017075539,0.5587490079365074,1.0,0.6219581567967623,0.921022892521212,722.4975192553477,0,0,900,0.0,0,1
20260515_191340,373,e1,PPO-OSD+Fuzzy-NoOPCBRS-Source-e1,proxy,0,72.0,0,0.9811111111111112,4.010091903040004,0.0,0.375,0.30625,11,4,0.7797161336739858,0.5813700396825394,1.0,0.2620000556809729,0.9196976084513933,695.7064740213424,0,0,900,0.0,0,1
20260515_191340,374,e1,PPO-OSD+Fuzzy-NoOPCBRS-Source-e1,proxy,0,72.0,3,0.9844444444444445,4.062506112149677,0.0,0.375,0.30625,12,16,0.8273435997300678,0.5447807539682535,1.0,0.8154944715780555,0.9236947565162725,726.2684303449868,0,0,900,0.0,0,1
20260515_191340,375,e1,PPO-OSD+Fuzzy-NoOPCBRS-Source-e1,proxy,0,72.0,1,0.9811111111111112,4.055412009734508,0.0,0.375,0.30625,12,23,0.8212764421436521,0.5498472222222218,1.0,0.7368220992759689,0.9227143784273951,725.1461726082066,0,0,900,0.0,0,1
20260515_191340,376,e1,PPO-OSD+Fuzzy-NoOPCBRS-Source-e1,proxy,0,72.0,0,0.9777777777777777,4.033191986366642,0.0,0.375,0.30625,12,20,0.8012224570910136,0.5657073412698408,1.0,0.5213784429693645,0.9199038796510578,719.7448419611848,0,0,900,0.0,0,1
20260515_191340,377,e1,PPO-OSD+Fuzzy-NoOPCBRS-Source-e1,proxy,0,72.0,2,0.9522222222222222,4.066042390439733,0.0,0.375,0.30625,12,25,0.8303270548913214,0.5413759920634915,1.0,0.850801823217658,0.9237872270702733,725.9863059585481,0,0,900,0.0,0,1
20260515_191340,378,e1,PPO-OSD+Fuzzy-NoOPCBRS-Source-e1,proxy,0,72.0,0,0.99,4.0577161665603345,0.0,0.375,0.30625,12,14,0.8232623496982786,0.5486517857142853,1.0,0.7675164550841951,0.9230079168753904,726.5273670192047,0,0,900,0.0,0,1
20260515_191340,379,e1,PPO-OSD+Fuzzy-NoOPCBRS-Source-e1,proxy,0,72.0,0,0.9888888888888889,4.044524881875842,0.0,0.375,0.30625,12,6,0.81146663374371,0.5587232142857138,1.0,0.6362802558960062,0.9211440897105188,723.3433155634834,0,0,900,0.0,0,1
20260515_191340,380,e1,PPO-OSD+Fuzzy-NoOPCBRS-Source-e1,proxy,0,72.0,0,0.9922222222222222,4.053347237767318,0.0,0.375,0.30625,12,35,0.8194789296388626,0.5518005952380948,1.0,0.7219439541640873,0.922624380747978,725.2804002706059,0,0,900,0.0,0,1
20260515_191340,381,e1,PPO-OSD+Fuzzy-NoOPCBRS-Source-e1,proxy,0,72.0,1,0.9944444444444445,4.067248986755844,0.0,0.375,0.30625,12,16,0.8314520491162936,0.5397271825396822,1.0,0.861234298416859,0.9237094838205835,728.1025415623511,0,0,900,0.0,0,1
20260515_191340,382,e1,PPO-OSD+Fuzzy-NoOPCBRS-Source-e1,proxy,0,72.0,1,0.9733333333333334,4.000911814092113,0.0,0.375,0.30625,11,12,0.7706909922758738,0.5878878968253967,1.0,0.16048524391544486,0.920213166893529,692.1928864815523,0,0,900,0.0,0,1
20260515_191340,383,e1,PPO-OSD+Fuzzy-NoOPCBRS-Source-e1,proxy,0,72.0,5,0.9811111111111112,4.070064272009786,0.0,0.375,0.30625,12,35,0.8339521044492721,0.5374692460317456,1.0,0.8796698340600305,0.9235680322709522,726.9447760318664,0,0,900,0.0,0,1
20260515_191340,384,e1,PPO-OSD+Fuzzy-NoOPCBRS-Source-e1,proxy,0,72.0,2,0.99,4.054510606395669,0.0,0.375,0.30625,12,10,0.8205398537053002,0.5515446428571423,1.0,0.7329698358028137,0.9228107451265083,725.084285699216,0,0,900,0.0,0,1
20260515_191340,385,e1,PPO-OSD+Fuzzy-NoOPCBRS-Source-e1,proxy,0,72.0,0,0.9744444444444444,4.0333762241446145,0.0,0.375,0.30625,12,25,0.8014959554208649,0.5660992063492059,1.0,0.5248215651898941,0.9198216990875597,719.5944500677887,0,0,900,0.0,0,1
20260515_191340,386,e1,PPO-OSD+Fuzzy-NoOPCBRS-Source-e1,proxy,0,72.0,0,0.9855555555555555,4.030043398146621,0.0,0.375,0.30625,11,20,0.7984358044465383,0.5691121031746029,1.0,0.4929825602831834,0.9197490912279179,701.5129649200076,0,0,900,0.0,0,1
20260515_191340,387,e1,PPO-OSD+Fuzzy-NoOPCBRS-Source-e1,proxy,0,72.0,1,0.9933333333333333,4.049280588172451,0.0,0.375,0.30625,12,7,0.8159170785546302,0.5552797619047615,1.0,0.6821224007556999,0.9218962427166607,724.2776821677836,0,0,900,0.0,0,1
20260515_191340,388,e1,PPO-OSD+Fuzzy-NoOPCBRS-Source-e1,proxy,0,72.0,2,0.9811111111111112,4.041354150462056,0.0,0.375,0.30625,12,23,0.8086751458048821,0.560945436507936,1.0,0.6137876819719447,0.920857300112299,721.1807472707808,0,0,900,0.0,0,1
20260515_191340,389,e1,PPO-OSD+Fuzzy-NoOPCBRS-Source-e1,proxy,0,72.0,0,0.9788888888888889,4.052925009773153,0.0,0.375,0.30625,12,10,0.8191142006052865,0.552302579365079,1.0,0.7171835390850013,0.9223958386015143,724.8182669009697,0,0,900,0.0,0,1
20260515_191340,390,e1,PPO-OSD+Fuzzy-NoOPCBRS-Source-e1,proxy,0,72.0,1,0.9833333333333333,4.028949429329701,0.0,0.375,0.30625,11,22,0.7975382980704308,0.5689791666666664,1.0,0.46544271904968937,0.919691536300816,700.6785417910264,0,0,900,0.0,0,1
20260515_213031,2,e2,PPO-OSD+Fuzzy-NoOPCBRS-Sim2Sim-Transfer-e2,proxy,0,72.0,2,1.0,4.103080865909937,0.0,0.3333333333333333,0.3333333333333333,8,0,0.8670264827873971,0.959411111111111,1.0,0.4053115948621923,0.8878640045373942,709.6554277124352,0,0,900,0.0,0,1
20260515_213031,3,e2,PPO-OSD+Fuzzy-NoOPCBRS-Sim2Sim-Transfer-e2,proxy,0,72.0,0,0.9966666666666667,4.100673068283385,0.0,0.3333333333333333,0.3333333333333333,8,0,0.8648519397775332,0.9594222222222221,1.0,0.39354473177371174,0.8876291412280659,709.0410542186017,0,0,900,0.0,0,1
20260515_213031,4,e2,PPO-OSD+Fuzzy-NoOPCBRS-Sim2Sim-Transfer-e2,proxy,0,72.0,1,1.0,4.127854686837281,0.0,0.3333333333333333,0.29333333333333333,8,0,0.8889177110128933,0.9576333333333331,1.0,0.5679505866168738,0.8903952266813997,718.179346218887,0,0,900,0.0,0,1
20260515_213031,5,e2,PPO-OSD+Fuzzy-NoOPCBRS-Sim2Sim-Transfer-e2,proxy,0,72.0,0,1.0,4.157918753803567,0.0,0.3333333333333333,0.3333333333333333,9,4,0.9129402329855495,0.9498111111111108,1.0,0.7716123703067639,0.8929088134425514,744.7881472960603,0,0,900,0.0,0,1
20260515_213031,6,e2,PPO-OSD+Fuzzy-NoOPCBRS-Sim2Sim-Transfer-e2,proxy,0,72.0,0,1.0,4.102853161001863,0.0,0.3333333333333333,0.3333333333333333,8,0,0.8667564570241504,0.9596333333333333,1.0,0.4116635810000994,0.8880726719964991,710.3298747255579,0,0,900,0.0,0,1
20260515_213031,7,e2,PPO-OSD+Fuzzy-NoOPCBRS-Sim2Sim-Transfer-e2,proxy,0,72.0,0,0.9988888888888889,4.108773752234089,0.0,0.33088708685858015,0.33088708685858015,8,0,0.8723390417628818,0.9611888888888889,0.9510750705049185,0.4977002461189345,0.8882181399619142,712.2227663393891,0,0,900,0.0,0,1
20260515_213031,8,e2,PPO-OSD+Fuzzy-NoOPCBRS-Sim2Sim-Transfer-e2,proxy,0,72.0,1,0.9988888888888889,4.087167147210231,0.0,0.3333333333333333,0.3333333333333333,8,0,0.8527779372202026,0.9601555555555554,1.0,0.2866214908240732,0.8865811655146106,704.5125520019981,0,0,900,0.0,0,1
20260515_213031,9,e2,PPO-OSD+Fuzzy-NoOPCBRS-Sim2Sim-Transfer-e2,proxy,0,72.0,1,0.9955555555555555,4.0646635320325375,0.0,0.3333333333333333,0.3333333333333333,8,2,0.8319510082403819,0.9589555555555553,1.0,0.11396926628612937,0.8854870575104173,696.397234249529,0,0,900,0.0,0,1
20260515_213031,10,e2,PPO-OSD+Fuzzy-NoOPCBRS-Sim2Sim-Transfer-e2,proxy,0,72.0,1,0.9955555555555555,4.060422299219981,0.0,0.3333333333333333,0.3333333333333333,8,0,0.8281645548343658,0.9593999999999999,1.0,0.0636166351226065,0.8852157745827682,695.5217199835325,0,0,900,0.0,0,1
20260515_213031,11,e2,PPO-OSD+Fuzzy-NoOPCBRS-Sim2Sim-Transfer-e2,proxy,0,72.0,2,0.9977777777777778,4.091714278023875,0.0,0.3333333333333333,0.3333333333333333,8,4,0.8570038609372245,0.9603777777777776,1.0,0.3183520329442573,0.8868104532816355,705.93433390688,0,0,900,0.0,0,1
20260515_213031,12,e2,PPO-OSD+Fuzzy-NoOPCBRS-Sim2Sim-Transfer-e2,proxy,0,72.0,2,0.9977777777777778,4.135900664332419,0.0,0.3333333333333333,0.23333333333333334,9,0,0.8952195034424464,0.9503666666666665,1.0,0.6525375414053484,0.8918959314986659,737.3414049850172,0,0,900,0.0,0,1
20260515_213031,13,e2,PPO-OSD+Fuzzy-NoOPCBRS-Sim2Sim-Transfer-e2,proxy,0,72.0,1,0.9977777777777778,4.086810747682051,0.0,0.3333333333333333,0.3333333333333333,8,0,0.8523944783541891,0.9601555555555554,1.0,0.2850931977978859,0.8866915899829032,704.273955528734,0,0,900,0.0,0,1
20260515_213031,14,e2,PPO-OSD+Fuzzy-NoOPCBRS-Sim2Sim-Transfer-e2,proxy,0,72.0,0,0.9977777777777778,4.1205698931764445,0.0,0.3333333333333333,0.31333333333333335,8,0,0.882574547595448,0.959411111111111,1.0,0.525114314900421,0.8895421201673648,715.9390980983353,0,0,900,0.0,0,1
20260515_213031,15,e2,PPO-OSD+Fuzzy-NoOPCBRS-Sim2Sim-Transfer-e2,proxy,0,72.0,1,0.9977777777777778,4.089647309587331,0.0,0.3333333333333333,0.3333333333333333,8,0,0.8550825294852257,0.9608222222222221,1.0,0.3060923218305071,0.8868092804591824,705.3251644527562,0,0,900,0.0,0,1
20260515_213031,16,e2,PPO-OSD+Fuzzy-NoOPCBRS-Sim2Sim-Transfer-e2,proxy,0,72.0,1,0.9988888888888889,4.1113415897312855,0.0,0.3333333333333333,0.3333333333333333,8,0,0.874351617263423,0.9598555555555555,1.0,0.47381140392462734,0.8886868751276701,712.5088400422388,0,0,900,0.0,0,1
20260515_213031,17,e2,PPO-OSD+Fuzzy-NoOPCBRS-Sim2Sim-Transfer-e2,proxy,0,72.0,0,1.0,4.067204939687911,0.0,0.32866938005176455,0.32866938005176455,8,0,0.83435090455744,0.9600111111111108,0.9067209343686411,0.25107252394206475,0.8856196286556878,698.2915500233145,0,0,900,0.0,0,1
20260515_213031,18,e2,PPO-OSD+Fuzzy-NoOPCBRS-Sim2Sim-Transfer-e2,proxy,0,72.0,0,0.9977777777777778,4.120569105591063,0.0,0.3333333333333333,0.31333333333333335,8,0,0.8825176787376404,0.9602999999999998,1.0,0.5329050791377911,0.889609001609325,716.368884694482,0,0,900,0.0,0,1
20260515_213031,19,e2,PPO-OSD+Fuzzy-NoOPCBRS-Sim2Sim-Transfer-e2,proxy,0,72.0,2,0.9955555555555555,4.092188199650842,0.0,0.3333333333333333,0.3333333333333333,8,13,0.8574193175302611,0.9599333333333332,1.0,0.327540121217685,0.8865189325419709,705.4766539893008,0,0,900,0.0,0,1
20260515_213031,20,e2,PPO-OSD+Fuzzy-NoOPCBRS-Sim2Sim-Transfer-e2,proxy,0,72.0,4,0.9988888888888889,4.126147628676857,0.0,0.3333333333333333,0.29333333333333333,8,8,0.8872943726181984,0.9582999999999998,1.0,0.5647970979429038,0.8904063695300103,716.4045172316894,0,0,900,0.0,0,1
20260515_213031,21,e2,PPO-OSD+Fuzzy-NoOPCBRS-Sim2Sim-Transfer-e2,proxy,0,72.0,1,0.9955555555555555,4.057923007460464,0.0,0.3333333333333333,0.3333333333333333,8,0,0.8258345933424102,0.9593999999999999,1.0,0.043511668035719694,0.8850882879085842,694.5367925249454,0,0,900,0.0,0,1
20260515_213031,22,e2,PPO-OSD+Fuzzy-NoOPCBRS-Sim2Sim-Transfer-e2,proxy,0,72.0,0,1.0,4.140326200434698,0.0,0.3333333333333333,0.3333333333333333,9,0,0.8987359040313296,0.9491999999999998,1.0,0.6729920889348575,0.892012570828061,739.2668678265345,0,0,900,0.0,0,1
20260515_213031,23,e2,PPO-OSD+Fuzzy-NoOPCBRS-Sim2Sim-Transfer-e2,proxy,0,72.0,1,0.9988888888888889,4.130208383095347,0.0,0.3333333333333333,0.2733333333333333,8,0,0.8910484910011292,0.957411111111111,1.0,0.5924991737679817,0.8906217865908039,719.0413861913805,0,0,900,0.0,0,1
20260515_213031,24,e2,PPO-OSD+Fuzzy-NoOPCBRS-Sim2Sim-Transfer-e2,proxy,0,72.0,0,0.9966666666666667,4.098396690566103,0.0,0.3333333333333333,0.3333333333333333,8,0,0.862932085858451,0.9603111111111111,1.0,0.37283565085818243,0.8874455363606969,708.8565814010099,0,0,900,0.0,0,1
20260515_213031,25,e2,PPO-OSD+Fuzzy-NoOPCBRS-Sim2Sim-Transfer-e2,proxy,0,72.0,2,0.9988888888888889,4.064134775896208,0.0,0.3333333333333333,0.3333333333333333,8,0,0.8316005318032371,0.9593999999999999,1.0,0.09591837168635635,0.885365521252087,696.4718021204956,0,0,900,0.0,0,1
20260515_213031,26,e2,PPO-OSD+Fuzzy-NoOPCBRS-Sim2Sim-Transfer-e2,proxy,0,72.0,0,0.9966666666666667,4.061619931420677,0.0,0.3333333333333333,0.3333333333333333,8,3,0.8292779340677792,0.9592666666666665,1.0,0.07840837003376547,0.8851860527676979,695.8911067574668,0,0,900,0.0,0,1
20260515_213031,27,e2,PPO-OSD+Fuzzy-NoOPCBRS-Sim2Sim-Transfer-e2,proxy,0,72.0,2,0.9977777777777778,4.181670539602024,0.0,0.3333333333333333,0.3333333333333333,9,3,0.9324203954802619,0.9513666666666665,1.0,0.8913726082334966,0.8927030197258491,751.0511591989106,0,0,900,0.0,0,1
20260515_213031,28,e2,PPO-OSD+Fuzzy-NoOPCBRS-Sim2Sim-Transfer-e2,proxy,0,72.0,2,0.9977777777777778,4.10840333749149,0.0,0.3333333333333333,0.3333333333333333,8,0,0.8719331662853559,0.9605222222222222,1.0,0.437606722333118,0.888202817187196,711.1371393551669,0,0,900,0.0,0,1
20260515_213031,29,e2,PPO-OSD+Fuzzy-NoOPCBRS-Sim2Sim-Transfer-e2,proxy,0,72.0,2,0.9977777777777778,4.06994905903867,0.0,0.3333333333333333,0.3333333333333333,8,0,0.8369897299673822,0.9604555555555553,1.0,0.1473326285470044,0.8855052727046943,698.4723399960538,0,0,900,0.0,0,1
20260515_213031,30,e2,PPO-OSD+Fuzzy-NoOPCBRS-Sim2Sim-Transfer-e2,proxy,0,72.0,0,0.9988888888888889,4.132316349215241,0.0,0.3333333333333333,0.2733333333333333,8,0,0.8927976054284308,0.9549666666666663,1.0,0.600073216479018,0.8909021956373564,719.8638169954818,0,0,900,0.0,0,1
20260515_213031,31,e2,PPO-OSD+Fuzzy-NoOPCBRS-Sim2Sim-Transfer-e2,proxy,0,72.0,1,1.0,4.1357743923096075,0.0,0.3333333333333333,0.23333333333333334,9,5,0.8952226034137938,0.9510333333333333,1.0,0.6345473080566056,0.8915534271575798,737.9299429347826,0,0,900,0.0,0,1
20260515_213031,32,e2,PPO-OSD+Fuzzy-NoOPCBRS-Sim2Sim-Transfer-e2,proxy,0,72.0,2,0.9988888888888889,4.14173350565164,0.0,0.3333333333333333,0.3333333333333333,9,0,0.9000302616424031,0.9499555555555553,1.0,0.6719503315757835,0.8918522600553646,738.8308540257,0,0,900,0.0,0,1
20260515_213031,33,e2,PPO-OSD+Fuzzy-NoOPCBRS-Sim2Sim-Transfer-e2,proxy,0,72.0,1,1.0,4.095290530087982,0.0,0.3317877745617589,0.3317877745617589,8,5,0.8602162516448233,0.9603777777777776,0.9690888245685234,0.37919086972933413,0.8870671202497623,707.5891075190992,0,0,900,0.0,0,1
20260515_213031,34,e2,PPO-OSD+Fuzzy-NoOPCBRS-Sim2Sim-Transfer-e2,proxy,0,72.0,2,1.0,4.073178073407231,0.0,0.3333333333333333,0.3333333333333333,8,0,0.8400011665291256,0.9597999999999998,1.0,0.1711372232277508,0.8858772824476991,699.5550353316826,0,0,900,0.0,0,1
20260515_213031,35,e2,PPO-OSD+Fuzzy-NoOPCBRS-Sim2Sim-Transfer-e2,proxy,0,72.0,0,0.9966666666666667,4.117997291721924,0.0,0.3333333333333333,0.3333333333333333,8,2,0.8802486111058129,0.9607444444444443,1.0,0.5064007655296304,0.8893652143018944,715.39975465892,0,0,900,0.0,0,1
20260515_213031,36,e2,PPO-OSD+Fuzzy-NoOPCBRS-Sim2Sim-Transfer-e2,proxy,0,72.0,1,0.9988888888888889,4.0780262819330915,0.0,0.3181194539809054,0.3181194539809054,8,3,0.8444552631179492,0.9601555555555554,0.6957224129514514,0.5949451534508565,0.8859810775687432,701.2792714944349,0,0,900,0.0,0,1
20260515_213031,37,e2,PPO-OSD+Fuzzy-NoOPCBRS-Sim2Sim-Transfer-e2,proxy,0,72.0,2,1.0,4.09263638120302,0.0,0.3333333333333333,0.3333333333333333,8,0,0.8576695234245724,0.959711111111111,1.0,0.33066075544578605,0.8870837027124234,706.2368020541977,0,0,900,0.0,0,1
20260515_213031,38,e2,PPO-OSD+Fuzzy-NoOPCBRS-Sim2Sim-Transfer-e2,proxy,0,72.0,0,0.9977777777777778,4.0629324036783725,0.0,0.3333333333333333,0.3333333333333333,8,5,0.8305371806356642,0.9595777777777775,1.0,0.08471465832782746,0.8852056916861754,696.6968058084578,0,0,900,0.0,0,1
20260515_213031,39,e2,PPO-OSD+Fuzzy-NoOPCBRS-Sim2Sim-Transfer-e2,proxy,0,72.0,1,0.9955555555555555,4.06817685273468,0.0,0.3333333333333333,0.3333333333333333,8,7,0.8344564132889112,0.959711111111111,1.0,0.19085198128770164,0.8648707574916384,693.8493006251969,0,0,900,0.0,0,1
20260515_213031,40,e2,PPO-OSD+Fuzzy-NoOPCBRS-Sim2Sim-Transfer-e2,proxy,0,72.0,2,1.0,4.110084969910429,0.0,0.3333333333333333,0.3333333333333333,8,0,0.873292293647925,0.9598555555555555,1.0,0.45443532584151314,0.8885899458197806,712.0980857002195,0,0,900,0.0,0,1
20260515_213031,41,e2,PPO-OSD+Fuzzy-NoOPCBRS-Sim2Sim-Transfer-e2,proxy,0,72.0,0,0.9988888888888889,4.0830339727847145,0.0,0.3277010868195003,0.3277010868195003,8,0,0.8489107734296057,0.9601555555555554,0.887355069723328,0.3982688101261451,0.8864699852073354,703.8025743678506,0,0,900,0.0,0,1
20260515_213031,42,e2,PPO-OSD+Fuzzy-NoOPCBRS-Sim2Sim-Transfer-e2,proxy,0,72.0,1,0.9988888888888889,4.084297303233495,0.0,0.32726223678590677,0.32726223678590677,8,4,0.8500091428226895,0.9601555555555554,0.8785780690514793,0.41963120475908655,0.8865354396509765,703.4847585075313,0,0,900,0.0,0,1
20260515_213031,43,e2,PPO-OSD+Fuzzy-NoOPCBRS-Sim2Sim-Transfer-e2,proxy,0,72.0,1,1.0,4.086544882602061,0.0,0.3333333333333333,0.3333333333333333,8,2,0.8522619298431608,0.9601555555555554,1.0,0.27551176249582443,0.8865547428083507,704.473121971586,0,0,900,0.0,0,1
20260515_213031,44,e2,PPO-OSD+Fuzzy-NoOPCBRS-Sim2Sim-Transfer-e2,proxy,0,72.0,1,0.9988888888888889,4.085943032463155,0.0,0.3333333333333333,0.3333333333333333,8,0,0.8514953450361887,0.9590555555555554,1.0,0.28021876057570744,0.8867983412404598,704.0118440257435,0,0,900,0.0,0,1
20260515_213031,45,e2,PPO-OSD+Fuzzy-NoOPCBRS-Sim2Sim-Transfer-e2,proxy,0,72.0,1,0.9988888888888889,4.10658316032971,0.0,0.3325098223740248,0.3325098223740248,8,3,0.870252980656094,0.959411111111111,0.9835297808138216,0.44672942871314375,0.8881332080369766,710.9444987912952,0,0,900,0.0,0,1
20260515_213031,46,e2,PPO-OSD+Fuzzy-NoOPCBRS-Sim2Sim-Transfer-e2,proxy,0,72.0,1,0.9977777777777778,4.113323246753154,0.0,0.3333333333333333,0.3333333333333333,8,0,0.8760348351796469,0.9602999999999998,1.0,0.47987486718393635,0.8866288949901037,713.1329929438551,0,0,900,0.0,0,1
20260515_213031,47,e2,PPO-OSD+Fuzzy-NoOPCBRS-Sim2Sim-Transfer-e2,proxy,0,72.0,2,1.0,4.111619890922254,0.0,0.3333333333333333,0.3333333333333333,8,0,0.8746619293755955,0.9598555555555555,1.0,0.4621319403087785,0.8885300863648036,712.3202899003788,0,0,900,0.0,0,1
20260515_213031,48,e2,PPO-OSD+Fuzzy-NoOPCBRS-Sim2Sim-Transfer-e2,proxy,0,72.0,2,0.9977777777777778,4.068854231663593,0.0,0.3270507368539182,0.3270507368539182,8,7,0.8359856277704238,0.9604666666666664,0.8743480704116865,0.29295915794994987,0.8854040331027849,697.7134780310448,0,0,900,0.0,0,1
20260515_213031,49,e2,PPO-OSD+Fuzzy-NoOPCBRS-Sim2Sim-Transfer-e2,proxy,0,72.0,1,0.9977777777777778,4.086749628099666,0.0,0.3211087705899383,0.3211087705899383,8,0,0.8524473830395275,0.959711111111111,0.7555087451321063,0.5840880236112265,0.8866068728271596,704.2874014696486,0,0,900,0.0,0,1
20260515_213031,50,e2,PPO-OSD+Fuzzy-NoOPCBRS-Sim2Sim-Transfer-e2,proxy,0,72.0,0,0.9977777777777778,4.087617892867297,0.0,0.3333333333333333,0.3333333333333333,8,5,0.8531272274918026,0.9597999999999998,1.0,0.29006587769875924,0.8868250481211752,705.0268282759384,0,0,900,0.0,0,1
20260515_213031,51,e2,PPO-OSD+Fuzzy-NoOPCBRS-Sim2Sim-Transfer-e2,proxy,0,72.0,0,0.9966666666666667,4.115821003311738,0.0,0.3241972293193621,0.3241972293193621,8,0,0.8785343396001392,0.9605222222222222,0.8172779197205875,0.7086507398602544,0.8889139758536799,714.3073906880043,0,0,900,0.0,0,1
20260515_213031,52,e2,PPO-OSD+Fuzzy-NoOPCBRS-Sim2Sim-Transfer-e2,proxy,0,72.0,0,1.0,4.178271890586525,0.0,0.3333333333333333,0.3333333333333333,9,0,0.9296976731883155,0.949811111111111,1.0,0.8729672121818705,0.8926661257528595,750.6302764707194,0,0,900,0.0,0,1
20260515_213031,53,e2,PPO-OSD+Fuzzy-NoOPCBRS-Sim2Sim-Transfer-e2,proxy,0,72.0,0,1.0,4.0821539111553315,0.0,0.325863827277577,0.325863827277577,8,4,0.8482226228051716,0.9606111111111111,0.850609878884861,0.4327998769262722,0.8863133503434567,703.3849099944849,0,0,900,0.0,0,1
20260515_213031,54,e2,PPO-OSD+Fuzzy-NoOPCBRS-Sim2Sim-Transfer-e2,proxy,0,72.0,3,1.0,4.092296374505199,0.0,0.3333333333333333,0.3333333333333333,8,0,0.8575196662545204,0.9601555555555554,1.0,0.3213894395343632,0.88687769404992,705.7630331856383,0,0,900,0.0,0,1
20260515_213031,55,e2,PPO-OSD+Fuzzy-NoOPCBRS-Sim2Sim-Transfer-e2,proxy,0,72.0,5,0.9988888888888889,4.097192646619708,0.0,0.3333333333333333,0.3333333333333333,8,1,0.8617419577638308,0.9593333333333333,1.0,0.3627296737892611,0.8875041723820485,706.5588007743555,0,0,900,0.0,0,1
20260515_213031,56,e2,PPO-OSD+Fuzzy-NoOPCBRS-Sim2Sim-Transfer-e2,proxy,0,72.0,0,1.0,4.083588634921645,0.0,0.3333333333333333,0.3333333333333333,8,0,0.849409297340446,0.9601555555555554,1.0,0.2604457684805918,0.8864277867072563,703.9939570239763,0,0,900,0.0,0,1
20260515_213031,57,e2,PPO-OSD+Fuzzy-NoOPCBRS-Sim2Sim-Transfer-e2,proxy,0,72.0,0,0.9966666666666667,4.076228503718599,0.0,0.3333333333333333,0.3333333333333333,8,0,0.8426937051945262,0.9601555555555554,1.0,0.20290146303700365,0.8860812914278359,701.0927202506061,0,0,900,0.0,0,1
20260515_213031,58,e2,PPO-OSD+Fuzzy-NoOPCBRS-Sim2Sim-Transfer-e2,proxy,0,72.0,0,0.9977777777777778,4.121322321863392,0.0,0.3256734360363778,0.30567343603637775,8,0,0.883175391058127,0.9590333333333332,0.8468020540608808,0.7195822038789143,0.8897167872878967,716.5173648396761,0,0,900,0.0,0,1
20260515_213031,59,e2,PPO-OSD+Fuzzy-NoOPCBRS-Sim2Sim-Transfer-e2,proxy,0,72.0,0,1.0,4.106085027072353,0.0,0.3333333333333333,0.3333333333333333,8,0,0.8698187117775281,0.9607444444444443,1.0,0.4342991652605418,0.884822651257876,711.077466749212,0,0,900,0.0,0,1
20260515_213031,60,e2,PPO-OSD+Fuzzy-NoOPCBRS-Sim2Sim-Transfer-e2,proxy,0,72.0,2,0.9966666666666667,4.1710386797203585,0.0,0.3333333333333333,0.3333333333333333,9,0,0.923842630121443,0.9496555555555554,1.0,0.8318673026101036,0.8927063782209594,747.6261403628738,0,0,900,0.0,0,1
20260515_213031,61,e2,PPO-OSD+Fuzzy-NoOPCBRS-Sim2Sim-Transfer-e2,proxy,0,72.0,0,0.9988888888888889,4.09703515397264,0.0,0.3333333333333333,0.3333333333333333,8,0,0.8616067313154538,0.9596333333333333,1.0,0.36375366573082735,0.8874186034231546,708.6173363359861,0,0,900,0.0,0,1
20260515_213031,62,e2,PPO-OSD+Fuzzy-NoOPCBRS-Sim2Sim-Transfer-e2,proxy,0,72.0,0,0.9966666666666667,4.082867661178137,0.0,0.3333333333333333,0.3333333333333333,8,0,0.8488732635643748,0.9608222222222221,1.0,0.25149525070880635,0.8862524646731023,703.6220403069517,0,0,900,0.0,0,1
20260515_213031,63,e2,PPO-OSD+Fuzzy-NoOPCBRS-Sim2Sim-Transfer-e2,proxy,0,72.0,2,0.9988888888888889,4.09785553009772,0.0,0.3333333333333333,0.3333333333333333,8,0,0.8622023475170135,0.9599333333333332,1.0,0.39395376779021285,0.8819403180083328,706.560090336885,0,0,900,0.0,0,1
20260515_213031,64,e2,PPO-OSD+Fuzzy-NoOPCBRS-Sim2Sim-Transfer-e2,proxy,0,72.0,1,0.9977777777777778,4.110029835455204,0.0,0.3333333333333333,0.3333333333333333,8,3,0.873420537908872,0.9605222222222222,1.0,0.4430598479820378,0.888349358563967,712.3124055610283,0,0,900,0.0,0,1
20260515_213031,65,e2,PPO-OSD+Fuzzy-NoOPCBRS-Sim2Sim-Transfer-e2,proxy,0,72.0,0,0.9944444444444445,4.173456608307014,0.0,0.3333333333333333,0.3333333333333333,9,6,0.9257925918036037,0.9506222222222219,1.0,0.8464516139432876,0.8926348479719893,749.198638713496,0,0,900,0.0,0,1
20260515_213031,66,e2,PPO-OSD+Fuzzy-NoOPCBRS-Sim2Sim-Transfer-e2,proxy,0,72.0,0,0.9966666666666667,4.081632289249977,0.0,0.3333333333333333,0.3333333333333333,8,0,0.847792634235488,0.9601555555555554,1.0,0.24184211880371084,0.886179108943583,702.8475156685568,0,0,900,0.0,0,1
20260515_213031,67,e2,PPO-OSD+Fuzzy-NoOPCBRS-Sim2Sim-Transfer-e2,proxy,0,72.0,2,0.9988888888888889,4.054973477232566,0.0,0.32336803980948897,0.32336803980948897,8,0,0.8230811453196738,0.9599333333333332,0.8006941295231026,0.2678763932142643,0.8849706855913001,693.1694464912031,0,0,900,0.0,0,1
20260515_213031,68,e2,PPO-OSD+Fuzzy-NoOPCBRS-Sim2Sim-Transfer-e2,proxy,0,72.0,1,0.9977777777777778,4.1073975216163365,0.0,0.3333333333333333,0.3333333333333333,8,0,0.8710262424416012,0.9602999999999998,1.0,0.4315282086906213,0.8881727967018067,711.2077142960036,0,0,900,0.0,0,1
20260515_213031,69,e2,PPO-OSD+Fuzzy-NoOPCBRS-Sim2Sim-Transfer-e2,proxy,0,72.0,0,0.9977777777777778,4.112327378428061,0.0,0.3333333333333333,0.3333333333333333,8,0,0.8753899736536874,0.9596333333333333,1.0,0.46707176321956817,0.8885074168157387,713.2775568340389,0,0,900,0.0,0,1
20260515_213031,70,e2,PPO-OSD+Fuzzy-NoOPCBRS-Sim2Sim-Transfer-e2,proxy,0,72.0,0,0.9977777777777778,4.122131233164525,0.0,0.3333333333333333,0.31333333333333335,8,0,0.8838934937781758,0.9588999999999998,1.0,0.5335029464470304,0.8896803097647651,716.6626740992365,0,0,900,0.0,0,1
20260515_213031,71,e2,PPO-OSD+Fuzzy-NoOPCBRS-Sim2Sim-Transfer-e2,proxy,0,72.0,1,0.9988888888888889,4.201499552847985,0.0,0.3333333333333333,0.2733333333333333,9,0,0.9483120949400796,0.9480222222222218,1.0,0.9944522831400511,0.892546443477686,756.8369586570698,0,0,900,0.0,0,1
20260515_213031,72,e2,PPO-OSD+Fuzzy-NoOPCBRS-Sim2Sim-Transfer-e2,proxy,0,72.0,2,0.9955555555555555,4.0537314418770345,0.0,0.3333333333333333,0.3333333333333333,8,0,0.8219150722689099,0.9587333333333332,1.0,0.0,0.8849020520214814,692.5560413319068,0,0,900,0.0,0,1
20260515_213031,73,e2,PPO-OSD+Fuzzy-NoOPCBRS-Sim2Sim-Transfer-e2,proxy,0,72.0,1,0.9966666666666667,4.106630300619566,0.0,0.3333333333333333,0.3333333333333333,8,5,0.8701074860162206,0.9603888888888887,1.0,0.435192719131308,0.8790807902840552,709.6017805553724,0,0,900,0.0,0,1
20260515_213031,74,e2,PPO-OSD+Fuzzy-NoOPCBRS-Sim2Sim-Transfer-e2,proxy,0,72.0,0,1.0,4.075844879671919,0.0,0.3333333333333333,0.3333333333333333,8,0,0.8424557612008519,0.9605999999999998,1.0,0.19796514014414415,0.8858734533784015,701.4736294129368,0,0,900,0.0,0,1
20260515_213031,75,e2,PPO-OSD+Fuzzy-NoOPCBRS-Sim2Sim-Transfer-e2,proxy,0,72.0,0,0.9966666666666667,4.108283375347396,0.0,0.3333333333333333,0.3333333333333333,8,5,0.8718470376398828,0.9609666666666665,1.0,0.4333717526816514,0.888301657671454,712.1525683962786,0,0,900,0.0,0,1
20260515_213031,76,e2,PPO-OSD+Fuzzy-NoOPCBRS-Sim2Sim-Transfer-e2,proxy,0,72.0,1,0.9977777777777778,4.091385118086985,0.0,0.3333333333333333,0.3333333333333333,8,0,0.8565907231966654,0.9605999999999998,1.0,0.3216475501834365,0.8869357280998867,706.1053083126784,0,0,900,0.0,0,1
20260515_213031,77,e2,PPO-OSD+Fuzzy-NoOPCBRS-Sim2Sim-Transfer-e2,proxy,0,72.0,1,0.9966666666666667,4.081162561641555,0.0,0.3333333333333333,0.3333333333333333,8,1,0.8473109825783306,0.9597999999999999,1.0,0.23852545883545628,0.8863162352568981,702.6684686708538,0,0,900,0.0,0,1
20260515_213031,78,e2,PPO-OSD+Fuzzy-NoOPCBRS-Sim2Sim-Transfer-e2,proxy,0,72.0,1,0.9988888888888889,4.059056328099894,0.0,0.3333333333333333,0.3333333333333333,8,0,0.8268526597486602,0.9600666666666666,1.0,0.05472821756944592,0.8850626402006793,695.1826336974735,0,0,900,0.0,0,1
20260515_213031,79,e2,PPO-OSD+Fuzzy-NoOPCBRS-Sim2Sim-Transfer-e2,proxy,0,72.0,1,0.9988888888888889,4.113955517760425,0.0,0.33275516647479175,0.33275516647479175,8,0,0.8767069167229864,0.9602999999999998,0.9884366628291524,0.49447634336802254,0.8888839203039942,713.6789413036929,0,0,900,0.0,0,1
20260515_213031,80,e2,PPO-OSD+Fuzzy-NoOPCBRS-Sim2Sim-Transfer-e2,proxy,0,72.0,2,0.9988888888888889,4.05311547701362,0.0,0.3333333333333333,0.3333333333333333,8,0,0.8213494370877743,0.9591777777777777,1.0,0.0,0.8830917895340403,692.1047671088979,0,0,900,0.0,0,1
20260515_213031,81,e2,PPO-OSD+Fuzzy-NoOPCBRS-Sim2Sim-Transfer-e2,proxy,0,72.0,1,0.9966666666666667,4.1172905534965425,0.0,0.32859151611258536,0.32859151611258536,8,0,0.8797060655885273,0.9607444444444443,0.9051636555850496,0.6162998807637903,0.8892804532770627,714.9871775924157,0,0,900,0.0,0,1
20260515_213031,82,e2,PPO-OSD+Fuzzy-NoOPCBRS-Sim2Sim-Transfer-e2,proxy,0,72.0,0,0.9944444444444445,4.090413676692527,0.0,0.32883800699627996,0.32883800699627996,8,0,0.8557569837901328,0.9594222222222223,0.9100934732589376,0.42388912235977155,0.886856812512227,706.0275704393272,0,0,900,0.0,0,1
20260515_213031,83,e2,PPO-OSD+Fuzzy-NoOPCBRS-Sim2Sim-Transfer-e2,proxy,0,72.0,3,0.9977777777777778,4.1508625869858,0.0,0.3333333333333333,0.3333333333333333,9,0,0.9071572210060226,0.9481777777777776,1.0,0.731469446838776,0.8924738665556324,741.3837176964969,0,0,900,0.0,0,1
20260515_213031,84,e2,PPO-OSD+Fuzzy-NoOPCBRS-Sim2Sim-Transfer-e2,proxy,0,72.0,1,0.9977777777777778,4.130225953371268,0.0,0.3333333333333333,0.2733333333333333,8,0,0.8911228427953191,0.9569666666666664,1.0,0.580420644689237,0.8906175857603,718.7302556665097,0,0,900,0.0,0,1
20260515_213031,85,e2,PPO-OSD+Fuzzy-NoOPCBRS-Sim2Sim-Transfer-e2,proxy,0,72.0,0,0.9966666666666667,4.076993575215143,0.0,0.3274500921906942,0.3274500921906942,8,0,0.8433798252873951,0.9597999999999998,0.8823351771472113,0.3552988307707995,0.8861466313350118,701.3182820289691,0,0,900,0.0,0,1
20260515_214528,2,e2,Uniform-Speed-0.25mps,proxy,0,72.0,2,1.0,3.893288491759222,0.0,0.25,0.25,6,9,0.6585732484691673,0.9527777777777775,1.0,0.4053115948621923,0.8775821352881136,596.7804566361804,0,0,900,0.0,0,1
20260515_214528,4,e2,Uniform-Speed-0.25mps,proxy,0,72.0,0,0.9977777777777778,3.8740112629210297,0.0,0.25,0.25,6,0,0.6355048871868186,0.951511111111111,1.0,0.09933265296688404,0.8754603211388541,588.4697129146399,0,0,900,0.0,0,1
20260515_214528,6,e2,Uniform-Speed-0.25mps,proxy,0,72.0,1,1.0,3.920101150045591,0.0,0.25,0.25,7,0,0.6874511247376601,0.9535777777777779,1.0,0.7657212993169547,0.8789289744791616,625.9027043340128,0,0,900,0.0,0,1
20260515_214528,8,e2,Uniform-Speed-0.25mps,proxy,0,72.0,0,0.9988888888888889,3.879711198195531,0.0,0.25,0.25,6,0,0.6424261780248748,0.9510666666666665,1.0,0.1943199995797043,0.8759244341699893,590.8743936357549,0,0,900,0.0,0,1
20260515_214528,10,e2,Uniform-Speed-0.25mps,proxy,0,72.0,0,0.9988888888888889,3.9006892193547777,0.0,0.25,0.25,6,0,0.6671441043582228,0.9536666666666663,1.0,0.5166451635541315,0.8785958797729533,601.0320044457837,0,0,900,0.0,0,1
20260515_214528,12,e2,Uniform-Speed-0.25mps,proxy,0,72.0,1,0.9977777777777778,3.888378816814228,0.0,0.25,0.25,6,0,0.6527853179805808,0.9518111111111109,1.0,0.3324149392498169,0.8769403587192018,594.472349791193,0,0,900,0.0,0,1
20260515_214528,14,e2,Uniform-Speed-0.25mps,proxy,0,72.0,1,0.9988888888888889,3.8916089486597008,0.0,0.25,0.25,6,0,0.6566153301960892,0.9529222222222221,1.0,0.37816757306897253,0.8773135241531519,596.4972305977751,0,0,900,0.0,0,1
20260515_214528,16,e2,Uniform-Speed-0.25mps,proxy,0,72.0,1,0.9944444444444445,3.882232519568129,0.0,0.25,0.25,6,0,0.645465003500382,0.9506222222222221,1.0,0.23409991049377446,0.8761466328530668,591.1456467938481,0,0,900,0.0,0,1
20260515_214528,18,e2,Uniform-Speed-0.25mps,proxy,0,72.0,3,1.0,3.9010579746955583,0.0,0.25,0.25,6,0,0.6675722502834267,0.953222222222222,1.0,0.5209351213396789,0.8786160501158209,600.1781223557282,0,0,900,0.0,0,1
20260515_214528,20,e2,Uniform-Speed-0.25mps,proxy,0,72.0,0,0.9977777777777778,3.864931181380911,0.0,0.24809026674952284,0.24809026674952284,6,0,0.6244046271675163,0.9506999999999999,0.9490737799872884,0.0,0.875488152175245,584.2592049081749,0,0,900,0.0,0,1
20260515_214528,22,e2,Uniform-Speed-0.25mps,proxy,0,72.0,0,0.9944444444444445,3.894898757035144,0.0,0.25,0.25,6,0,0.6604347595903608,0.952022222222222,1.0,0.43166967655105276,0.8779060672316711,597.731234486563,0,0,900,0.0,0,1
20260515_214528,24,e2,Uniform-Speed-0.25mps,proxy,0,72.0,1,0.9988888888888889,3.8648535607405603,0.0,0.24092127777874406,0.24092127777874406,6,0,0.6243114759193527,0.950922222222222,0.7579007407665165,0.2370811838688971,0.8754910277989166,584.0725716496763,0,0,900,0.0,0,1
20260515_214528,26,e2,Uniform-Speed-0.25mps,proxy,0,72.0,1,0.9977777777777778,3.87653471272115,0.0,0.25,0.25,6,3,0.6385982402496868,0.9510666666666666,1.0,0.13813324781376643,0.8755712764520471,589.2400540628504,0,0,900,0.0,0,1
20260515_214528,28,e2,Uniform-Speed-0.25mps,proxy,0,72.0,0,0.9977777777777778,3.899875705841344,0.0,0.25,0.25,6,0,0.6662047916485203,0.9522555555555554,1.0,0.5047596559430759,0.8786125871101057,600.4498091369172,0,0,900,0.0,0,1
20260515_214528,30,e2,Uniform-Speed-0.25mps,proxy,0,72.0,1,1.0,3.8837549653344645,0.0,0.25,0.25,6,3,0.6473080152769883,0.9521777777777776,1.0,0.25555292372493466,0.8762455205809055,592.4299907077628,0,0,900,0.0,0,1
20260515_214528,32,e2,Uniform-Speed-0.25mps,proxy,0,72.0,0,0.9977777777777778,3.89183432390348,0.0,0.25,0.25,6,0,0.6568734552462896,0.9520333333333333,1.0,0.38280959642230494,0.8773931702136735,596.704013417621,0,0,900,0.0,0,1
20260515_214528,34,e2,Uniform-Speed-0.25mps,proxy,0,72.0,1,0.9988888888888889,3.883253699854077,0.0,0.25,0.25,6,0,0.6467030968930986,0.9512888888888887,1.0,0.24864191144084047,0.8761988398929429,592.2235616601406,0,0,900,0.0,0,1
20260515_214528,36,e2,Uniform-Speed-0.25mps,proxy,0,72.0,1,0.9966666666666667,3.890061908477928,0.0,0.25,0.25,6,5,0.654792552507586,0.9527,1.0,0.35437400241617517,0.8770902881050422,595.3052158012014,0,0,900,0.0,0,1
20260515_214528,38,e2,Uniform-Speed-0.25mps,proxy,0,72.0,3,1.0,3.9064013604918086,0.0,0.25,0.25,7,9,0.6731118902895186,0.9525555555555554,1.0,0.6059467036174048,0.879321261337717,619.9471625269709,0,0,900,0.0,0,1
20260515_214528,40,e2,Uniform-Speed-0.25mps,proxy,0,72.0,1,1.0,3.8733067032149866,0.0,0.24416572367641637,0.24416572367641637,6,3,0.63463104567594,0.9499555555555553,0.8444192980377829,0.2859127297056093,0.8756297010255775,587.5836745715422,0,0,900,0.0,0,1
20260515_214528,42,e2,Uniform-Speed-0.25mps,proxy,0,72.0,2,0.9988888888888889,3.8728232989902547,0.0,0.25,0.25,6,0,0.6340711246099737,0.9512888888888887,1.0,0.07586713871259587,0.8754127164329926,587.2510862706091,0,0,900,0.0,0,1
20260515_214528,44,e2,Uniform-Speed-0.25mps,proxy,0,72.0,0,0.9866666666666667,3.864480068153901,0.0,0.2428102854283587,0.2428102854283587,6,3,0.6238670784897274,0.9505555555555554,0.8082742780895761,0.16658064918830193,0.8755325990511725,583.3688552447557,0,0,900,0.0,0,1
20260515_214528,46,e2,Uniform-Speed-0.25mps,proxy,0,72.0,0,1.0,3.893652254763884,0.0,0.25,0.25,6,0,0.6589912484089534,0.9520333333333333,1.0,0.4117629335005208,0.8776641955685422,597.7187818234563,0,0,900,0.0,0,1
20260515_214528,48,e2,Uniform-Speed-0.25mps,proxy,0,72.0,0,1.0,3.9183310220191365,0.0,0.25,0.25,7,0,0.6855325420863099,0.9534333333333332,1.0,0.7475844735085165,0.878970489177715,625.514907156552,0,0,900,0.0,0,1
20260515_214528,50,e2,Uniform-Speed-0.25mps,proxy,0,72.0,1,1.0,3.888731612266024,0.0,0.25,0.25,6,5,0.6531988703873423,0.9512888888888887,1.0,0.338724332591273,0.8770129663652438,594.8150381782565,0,0,900,0.0,0,1
20260515_214528,52,e2,Uniform-Speed-0.25mps,proxy,0,72.0,1,0.9988888888888889,3.895725303663879,0.0,0.25,0.25,6,5,0.6613859750992722,0.9522555555555554,1.0,0.44576570719595654,0.8780780508414043,598.1298214493254,0,0,900,0.0,0,1
20260515_214528,54,e2,Uniform-Speed-0.25mps,proxy,0,72.0,1,0.9955555555555555,3.8944669596629375,0.0,0.25,0.25,6,4,0.6599514605767197,0.9519555555555554,1.0,0.42255289463237505,0.8777652863247534,597.6796768076194,0,0,900,0.0,0,1
20260515_214528,56,e2,Uniform-Speed-0.25mps,proxy,0,72.0,0,1.0,3.871036284791865,0.0,0.2496115643600218,0.2496115643600218,6,3,0.6318953436116378,0.9518111111111109,0.9896417162672397,0.05496674454524535,0.8752466103165524,587.1792598314761,0,0,900,0.0,0,1
20260515_214528,58,e2,Uniform-Speed-0.25mps,proxy,0,72.0,0,1.0,3.8816395558282593,0.0,0.25,0.25,6,0,0.6447457759579023,0.9512888888888889,1.0,0.22562327880580604,0.8759935540219556,591.7250829318157,0,0,900,0.0,0,1
20260515_214528,60,e2,Uniform-Speed-0.25mps,proxy,0,72.0,0,0.9966666666666667,3.908513332627602,0.0,0.24585245465615788,0.24585245465615788,7,0,0.6752500207556619,0.9531333333333332,0.8893987908308822,0.7707003116729454,0.8792446921424322,621.7209391565924,0,0,900,0.0,0,1
20260515_214528,62,e2,Uniform-Speed-0.25mps,proxy,0,72.0,1,1.0,3.924471185773074,0.0,0.25,0.25,7,4,0.6921254302726851,0.9534888888888888,1.0,0.8130202690567859,0.8785703563248656,627.433279352979,0,0,900,0.0,0,1
20260515_214528,64,e2,Uniform-Speed-0.25mps,proxy,0,72.0,2,0.9988888888888889,3.8950167243836162,0.0,0.25,0.25,6,9,0.6605741087926759,0.9523333333333331,1.0,0.4333053798807771,0.8779344082585768,597.5066771679267,0,0,900,0.0,0,1
20260515_214528,66,e2,Uniform-Speed-0.25mps,proxy,0,72.0,1,0.9977777777777778,3.9135012417046786,0.0,0.25,0.25,7,4,0.6804257954988214,0.9536555555555555,1.0,0.6927976953799874,0.8792893097580717,622.9153002285594,0,0,900,0.0,0,1
20260515_214528,68,e2,Uniform-Speed-0.25mps,proxy,0,72.0,1,0.9966666666666667,3.8675755614912006,0.0,0.2475628022395817,0.2475628022395817,6,8,0.6276430417266157,0.9513666666666666,0.9350080597221567,0.06524458184996763,0.8753126868588357,585.1211880648732,0,0,900,0.0,0,1
20260515_214528,70,e2,Uniform-Speed-0.25mps,proxy,0,72.0,0,0.9977777777777778,3.896000705057141,0.0,0.25,0.25,6,0,0.6617066120439106,0.9520333333333332,1.0,0.4497916849417017,0.8781475641440455,598.5104121392673,0,0,900,0.0,0,1
20260515_214528,72,e2,Uniform-Speed-0.25mps,proxy,0,72.0,1,0.9966666666666667,3.8943272243419265,0.0,0.25,0.25,6,4,0.6597889302505388,0.9521777777777777,1.0,0.4204413172781227,0.8777270177248186,597.1947625725793,0,0,900,0.0,0,1
20260515_214528,74,e2,Uniform-Speed-0.25mps,proxy,0,72.0,0,1.0,3.8920885809204635,0.0,0.25,0.25,6,0,0.6571663291917906,0.9515888888888888,1.0,0.3871305416068159,0.8774712623041813,596.7004813446002,0,0,900,0.0,0,1
20260515_214528,76,e2,Uniform-Speed-0.25mps,proxy,0,72.0,0,0.9988888888888889,3.9093981852945725,0.0,0.25,0.25,7,0,0.6761666544278463,0.952911111111111,1.0,0.6437433122888072,0.8792728975525602,622.096834516884,0,0,900,0.0,0,1
20260515_214528,78,e2,Uniform-Speed-0.25mps,proxy,0,72.0,2,0.9988888888888889,3.9081118092046316,0.0,0.25,0.25,7,0,0.6748022112415897,0.9540999999999998,1.0,0.6259800820739267,0.8792704760773041,621.1843026735311,0,0,900,0.0,0,1
20260515_214528,80,e2,Uniform-Speed-0.25mps,proxy,0,72.0,0,0.9988888888888889,3.873194352818882,0.0,0.25,0.25,6,0,0.6345077077216572,0.9508444444444443,1.0,0.08621473056451977,0.8755703892000024,588.176667880063,0,0,900,0.0,0,1
20260515_214528,82,e2,Uniform-Speed-0.25mps,proxy,0,72.0,0,1.0,3.8686260657204845,0.0,0.25,0.25,6,0,0.6289270739422904,0.9506222222222221,1.0,0.0031090350858442185,0.8753406481230983,585.8934617307477,0,0,900,0.0,0,1
20260515_214528,84,e2,Uniform-Speed-0.25mps,proxy,0,72.0,1,1.0,3.906312917480225,0.0,0.25,0.25,7,4,0.6730086245967282,0.9524666666666666,1.0,0.6047341129224283,0.8792941382913686,620.7483337277234,0,0,900,0.0,0,1
20260515_214528,86,e2,Uniform-Speed-0.25mps,proxy,0,72.0,0,0.9966666666666667,3.8682872001869684,0.0,0.25,0.25,6,0,0.6285032486915588,0.9497333333333332,1.0,0.0,0.8755076423953113,585.4448607339306,0,0,900,0.0,0,1
20260515_214528,88,e2,Uniform-Speed-0.25mps,proxy,0,72.0,0,0.9977777777777778,3.8839373763126392,0.0,0.25,0.25,6,0,0.6475150978234079,0.9510666666666666,1.0,0.2602509362892837,0.8763247434977723,593.0737419877681,0,0,900,0.0,0,1
20260515_214528,90,e2,Uniform-Speed-0.25mps,proxy,0,72.0,1,0.9977777777777778,3.9136589684031864,0.0,0.25,0.25,7,5,0.6806028382314576,0.9535777777777776,1.0,0.694782892518263,0.8793247572805187,623.2847740551674,0,0,900,0.0,0,1
20260515_214528,92,e2,Uniform-Speed-0.25mps,proxy,0,72.0,0,0.9988888888888889,3.879589143344621,0.0,0.24725890378650064,0.24725890378650064,6,0,0.6422814265390238,0.9512888888888887,0.9269041009733604,0.28329595137343977,0.8758884705378912,590.9916129198108,0,0,900,0.0,0,1
20260515_214528,94,e2,Uniform-Speed-0.25mps,proxy,0,72.0,1,0.9944444444444445,3.8772208836968054,0.0,0.25,0.25,6,0,0.6394204617540041,0.950622222222222,1.0,0.1520515153794974,0.8756787457061875,588.8564020176054,0,0,900,0.0,0,1
20260515_214528,96,e2,Uniform-Speed-0.25mps,proxy,0,72.0,0,1.0,3.9074056012596,0.0,0.25,0.25,7,2,0.674092668576373,0.9531333333333332,1.0,0.6162675580483823,0.8792449656639386,621.4265607242975,0,0,900,0.0,0,1
20260515_214528,98,e2,Uniform-Speed-0.25mps,proxy,0,72.0,1,0.9988888888888889,3.892498889849972,0.0,0.25,0.25,6,0,0.6576478356619676,0.9513666666666666,1.0,0.39375197094892755,0.8775740852917511,596.3724892539125,0,0,900,0.0,0,1
20260515_214528,100,e2,Uniform-Speed-0.25mps,proxy,0,72.0,0,0.9955555555555555,3.868637232287567,0.0,0.25,0.25,6,0,0.6289299430449804,0.9506222222222221,1.0,0.00610296130097768,0.8753902130984462,585.81668197173,0,0,900,0.0,0,1
20260515_215651,2,e2,Uniform-Speed-0.50mps,proxy,0,72.0,2,1.0,3.9678076849243102,0.0,0.25,0.25,7,0,0.7388288891149892,0.9574999999999999,1.0,0.4053115948621923,0.879120043786586,645.8357141899556,0,0,900,0.0,0,1
20260515_215651,4,e2,Uniform-Speed-0.50mps,proxy,0,72.0,0,0.9988888888888889,3.9631909559063954,0.0,0.25,0.25,7,0,0.7340134369333585,0.9571333333333332,1.0,0.34015202182748666,0.8787644820411996,644.8025587929607,0,0,900,0.0,0,1
20260515_215651,6,e2,Uniform-Speed-0.50mps,proxy,0,72.0,1,1.0,3.992178943411716,0.0,0.24949601350753864,0.24949601350753864,7,5,0.763856953928868,0.9569111111111109,0.9865603602010219,0.709075707189604,0.8822000257112086,656.08881671429,0,0,900,0.0,0,1
20260515_215651,8,e2,Uniform-Speed-0.50mps,proxy,0,72.0,0,1.0,3.9654845069227886,0.0,0.25,0.25,7,0,0.7363963008920351,0.9556444444444442,1.0,0.37408741195622913,0.8789537426715508,645.5556206154472,0,0,900,0.0,0,1
20260515_215651,10,e2,Uniform-Speed-0.50mps,proxy,0,72.0,1,0.9933333333333333,3.944304266401452,0.0,0.25,0.25,7,5,0.7137802654339207,0.9557444444444443,1.0,0.07014826159167599,0.8783162574687349,636.3953729944965,0,0,900,0.0,0,1
20260515_215651,12,e2,Uniform-Speed-0.50mps,proxy,0,72.0,0,0.9977777777777778,3.946299273477233,0.0,0.24833898367173066,0.24833898367173066,7,0,0.7159660318990548,0.9556555555555555,0.9557062312461534,0.15267392900611296,0.8780688279432544,637.6520402104204,0,0,900,0.0,0,1
20260515_215651,14,e2,Uniform-Speed-0.50mps,proxy,0,72.0,2,1.0,3.9621797166707946,0.0,0.25,0.25,7,4,0.7329485146204631,0.956911111111111,1.0,0.3272795741454267,0.8786678516247346,643.2953529289215,0,0,900,0.0,0,1
20260515_215651,16,e2,Uniform-Speed-0.50mps,proxy,0,72.0,2,0.9944444444444445,3.944056600146036,0.0,0.25,0.25,7,0,0.7135229808588822,0.9564111111111107,1.0,0.06460806344415652,0.8781848209541008,636.1050853960483,0,0,900,0.0,0,1
20260515_215651,18,e2,Uniform-Speed-0.50mps,proxy,0,72.0,0,0.9977777777777778,3.9638732681075957,0.0,0.25,0.25,7,9,0.7346523984604412,0.9560888888888887,1.0,0.3574633537651891,0.8789695193715105,644.5523889762056,0,0,900,0.0,0,1
20260515_215651,20,e2,Uniform-Speed-0.50mps,proxy,0,72.0,0,0.9966666666666667,3.9580158299969583,0.0,0.25,0.25,7,4,0.7284834003779623,0.9558111111111108,1.0,0.27528512720618886,0.8785183069289284,642.1192996890679,0,0,900,0.0,0,1
20260515_215651,22,e2,Uniform-Speed-0.50mps,proxy,0,72.0,1,0.9966666666666667,3.9531569009332577,0.0,0.25,0.25,7,0,0.7233152070641518,0.9554999999999999,1.0,0.2023836650562791,0.8784133884376245,640.15249539376,0,0,900,0.0,0,1
20260515_215651,24,e2,Uniform-Speed-0.50mps,proxy,0,72.0,1,0.9988888888888889,3.9636138173460798,0.0,0.25,0.25,7,0,0.7344035846326086,0.9561666666666664,1.0,0.3513558096614309,0.878905745633292,644.432275475269,0,0,900,0.0,0,1
20260515_215651,26,e2,Uniform-Speed-0.50mps,proxy,0,72.0,1,1.0,3.996996825918517,0.0,0.25,0.25,7,6,0.7687472122245365,0.9566111111111111,1.0,0.7391695986235288,0.8829677822892728,657.9863452799095,0,0,900,0.0,0,1
20260515_215651,28,e2,Uniform-Speed-0.50mps,proxy,0,72.0,0,1.0,3.967963376291795,0.0,0.25,0.25,7,0,0.7389893491566181,0.9572777777777776,1.0,0.407741292773043,0.8791627685125505,646.7774818268387,0,0,900,0.0,0,1
20260515_215651,30,e2,Uniform-Speed-0.50mps,proxy,0,72.0,0,1.0,3.969296223923212,0.0,0.25,0.25,7,0,0.7403162602749136,0.9554333333333332,1.0,0.4301778732762109,0.8794982977166631,646.8475431085058,0,0,900,0.0,0,1
20260515_215651,32,e2,Uniform-Speed-0.50mps,proxy,0,72.0,0,1.0,3.947008663607701,0.0,0.25,0.25,7,0,0.7167396228015422,0.9563222222222222,1.0,0.1071907174151117,0.8780711641669682,638.2696599160524,0,0,900,0.0,0,1
20260515_215651,34,e2,Uniform-Speed-0.50mps,proxy,0,72.0,1,0.9977777777777778,3.964513395827054,0.0,0.25,0.25,7,5,0.7353482842610942,0.9561555555555555,1.0,0.36437248465819,0.8789763341295641,644.6709399232639,0,0,900,0.0,0,1
20260515_215651,36,e2,Uniform-Speed-0.50mps,proxy,0,72.0,3,0.9966666666666667,3.9782136089146043,0.0,0.25,0.25,7,7,0.7496632981465923,0.9574999999999999,1.0,0.5316792415159889,0.880261441286033,648.9970600071214,0,0,900,0.0,0,1
20260515_215651,38,e2,Uniform-Speed-0.50mps,proxy,0,72.0,1,0.9988888888888889,3.984458554432805,0.0,0.25,0.25,7,0,0.7561532768938276,0.9575777777777777,1.0,0.6006663392078084,0.8790887228706509,652.4404589708025,0,0,900,0.0,0,1
20260515_215651,40,e2,Uniform-Speed-0.50mps,proxy,0,72.0,1,0.9944444444444445,3.9815720889180426,0.0,0.25,0.25,7,0,0.7530769485566351,0.9563888888888887,1.0,0.5743128845204405,0.8807021871857622,651.3815477243318,0,0,900,0.0,0,1
20260515_215651,42,e2,Uniform-Speed-0.50mps,proxy,0,72.0,0,0.9955555555555555,3.968414664768811,0.0,0.25,0.25,7,2,0.739452739059925,0.9566111111111109,1.0,0.41476772312031124,0.8792630206317534,646.1049992984315,0,0,900,0.0,0,1
20260515_215651,44,e2,Uniform-Speed-0.50mps,proxy,0,72.0,0,0.9988888888888889,3.969883659560747,0.0,0.25,0.25,7,0,0.7410008004473315,0.9577999999999999,1.0,0.43157096551420177,0.8794562635801874,647.2633573026773,0,0,900,0.0,0,1
20260515_215651,46,e2,Uniform-Speed-0.50mps,proxy,0,72.0,1,1.0,3.9594831805048267,0.0,0.25,0.25,7,4,0.7300599235792955,0.9564666666666666,1.0,0.2929618652781302,0.8785763467296407,642.8229838435751,0,0,900,0.0,0,1
20260515_215651,48,e2,Uniform-Speed-0.50mps,proxy,0,72.0,0,1.0,3.9865787593608717,0.0,0.25,0.25,7,0,0.7581940440668,0.9573555555555553,1.0,0.6313546794056525,0.8815241288052242,654.0743594402207,0,0,900,0.0,0,1
20260515_215651,50,e2,Uniform-Speed-0.50mps,proxy,0,72.0,0,1.0,3.9582962954436223,0.0,0.24900201902288682,0.24900201902288682,7,0,0.7287829530735811,0.9564666666666665,0.9733871739436257,0.31142575696037345,0.878488177315643,642.5988603369544,0,0,900,0.0,0,1
20260515_215651,52,e2,Uniform-Speed-0.50mps,proxy,0,72.0,1,0.9988888888888889,3.9735062560521848,0.0,0.25,0.25,7,0,0.7448448208802276,0.9572777777777776,1.0,0.4703573108545079,0.8795977719890441,648.3077149045539,0,0,900,0.0,0,1
20260515_215651,54,e2,Uniform-Speed-0.50mps,proxy,0,72.0,1,0.9977777777777778,3.9569192989057598,0.0,0.25,0.25,7,0,0.7273465201093091,0.956911111111111,1.0,0.2566254540463165,0.8784232154968022,641.7076721566619,0,0,900,0.0,0,1
20260515_215651,56,e2,Uniform-Speed-0.50mps,proxy,0,72.0,1,0.9944444444444445,3.9497231889034983,0.0,0.25,0.25,7,7,0.7196274089978801,0.9563222222222221,1.0,0.15353916586834915,0.8782637591301299,638.8676360656214,0,0,900,0.0,0,1
20260515_215651,58,e2,Uniform-Speed-0.50mps,proxy,0,72.0,0,0.9977777777777778,3.9446273645792407,0.0,0.25,0.25,7,0,0.7141521960662471,0.9563222222222219,1.0,0.07139098338073206,0.8781386156311192,637.1551452078227,0,0,900,0.0,0,1
20260515_215651,60,e2,Uniform-Speed-0.50mps,proxy,0,72.0,0,1.0,3.989948190752977,0.0,0.25,0.25,7,0,0.7616014740533299,0.9564777777777776,1.0,0.668518969461084,0.8819632158704384,655.5212468445345,0,0,900,0.0,0,1
20260515_215651,62,e2,Uniform-Speed-0.50mps,proxy,0,72.0,0,1.0,3.994633199384191,0.0,0.25,0.25,7,0,0.766386746234364,0.9566111111111112,1.0,0.7139171459824547,0.8826028765517251,657.3752530855817,0,0,900,0.0,0,1
20260515_215651,64,e2,Uniform-Speed-0.50mps,proxy,0,72.0,2,0.9955555555555555,3.9372401515897715,0.0,0.24062500000000003,0.24062500000000003,7,0,0.7061479803588655,0.9556555555555554,0.75,0.2628896828646471,0.8781915611846169,633.1806979214648,0,0,900,0.0,0,1
20260515_215651,66,e2,Uniform-Speed-0.50mps,proxy,0,72.0,1,1.0,3.9618258706730654,0.0,0.25,0.25,7,0,0.7325383305052916,0.9558666666666665,1.0,0.3252067233000261,0.8786838367574469,643.5332654413052,0,0,900,0.0,0,1
20260515_215651,68,e2,Uniform-Speed-0.50mps,proxy,0,72.0,1,1.0,3.9987681855272577,0.0,0.25,0.25,7,0,0.7704252805478043,0.9575777777777775,1.0,0.7673470276426178,0.883349924386237,658.3569828782554,0,0,900,0.0,0,1
20260515_215651,70,e2,Uniform-Speed-0.50mps,proxy,0,72.0,1,1.0,3.969876457512542,0.0,0.25,0.25,7,7,0.7409933263891273,0.9577999999999999,1.0,0.43147751919868305,0.8794549757945868,647.1253753202542,0,0,900,0.0,0,1
20260515_215651,72,e2,Uniform-Speed-0.50mps,proxy,0,72.0,1,0.9955555555555555,3.978664729257319,0.0,0.25,0.25,7,0,0.750089242623912,0.9563888888888887,1.0,0.5413393410384486,0.8803402623268615,649.9552659435574,0,0,900,0.0,0,1
20260515_215651,74,e2,Uniform-Speed-0.50mps,proxy,0,72.0,1,0.9988888888888889,3.936265844431661,0.0,0.23154641252459385,0.23154641252459385,7,0,0.7050750166508887,0.9550444444444444,0.5079043339891753,0.551238576900244,0.8782654954541326,633.3084046343149,0,0,900,0.0,0,1
20260515_215651,76,e2,Uniform-Speed-0.50mps,proxy,0,72.0,1,0.9977777777777778,3.974996568826354,0.0,0.25,0.25,7,0,0.7463064639270306,0.9556555555555554,1.0,0.49698230011182115,0.8799158543675997,648.8546378280679,0,0,900,0.0,0,1
20260515_215651,78,e2,Uniform-Speed-0.50mps,proxy,0,72.0,2,0.9977777777777778,3.953389665032705,0.0,0.25,0.25,7,3,0.7235686407817734,0.9555888888888887,1.0,0.20602054404733441,0.8784693457496671,640.0778739699458,0,0,900,0.0,0,1
20260515_215651,80,e2,Uniform-Speed-0.50mps,proxy,0,72.0,0,0.9988888888888889,3.9653895851274226,0.0,0.25,0.25,7,0,0.7363215582072735,0.9560888888888888,1.0,0.3709808702210422,0.8789071161844938,645.5747968652889,0,0,900,0.0,0,1
20260515_215651,82,e2,Uniform-Speed-0.50mps,proxy,0,72.0,2,0.9988888888888889,3.953574513755059,0.0,0.25,0.25,7,0,0.7237199526528517,0.9553666666666665,1.0,0.21295897572441383,0.8785581036746773,639.8354068062349,0,0,900,0.0,0,1
20260515_215651,84,e2,Uniform-Speed-0.50mps,proxy,0,72.0,2,0.9977777777777778,3.968340057425384,0.0,0.25,0.25,7,0,0.7393763321803676,0.9568333333333331,1.0,0.41330183857763353,0.8792418030594241,645.9127784511987,0,0,900,0.0,0,1
20260515_215651,86,e2,Uniform-Speed-0.50mps,proxy,0,72.0,0,0.9966666666666667,3.9639438225985932,0.0,0.25,0.25,7,0,0.7347262240615156,0.9560888888888887,1.0,0.35842729186791883,0.8789829980519905,644.3908447259139,0,0,900,0.0,0,1
20260515_215651,88,e2,Uniform-Speed-0.50mps,proxy,0,72.0,0,0.9988888888888889,3.950983094588559,0.0,0.25,0.25,7,0,0.7209702081647185,0.956022222222222,1.0,0.1719648915613761,0.8782586732592995,639.4418570802277,0,0,900,0.0,0,1
20260515_215651,90,e2,Uniform-Speed-0.50mps,proxy,0,72.0,1,0.9977777777777778,3.9490258628774226,0.0,0.25,0.25,7,3,0.7188857972125212,0.9563333333333331,1.0,0.141243087940464,0.8782493138499556,638.7754969306,0,0,900,0.0,0,1
20260515_215651,92,e2,Uniform-Speed-0.50mps,proxy,0,72.0,0,0.9988888888888889,3.956719303316072,0.0,0.25,0.25,7,0,0.7271349043978586,0.956911111111111,1.0,0.25371131356379206,0.8783845571621692,642.1135363633413,0,0,900,0.0,0,1
20260515_215651,94,e2,Uniform-Speed-0.50mps,proxy,0,72.0,1,0.9966666666666667,3.971008971218051,0.0,0.25,0.25,7,0,0.7421499796542856,0.9558666666666665,1.0,0.44559420496149416,0.8794986192099079,646.890249783215,0,0,900,0.0,0,1
20260515_215651,96,e2,Uniform-Speed-0.50mps,proxy,0,72.0,0,0.9988888888888889,3.940143936254438,0.0,0.25,0.25,7,0,0.709303274601698,0.9559666666666664,1.0,0.0,0.8781327480474415,635.2133795049357,0,0,900,0.0,0,1
20260515_215651,98,e2,Uniform-Speed-0.50mps,proxy,0,72.0,3,0.9933333333333333,3.9685889109237515,0.0,0.25,0.25,7,3,0.7396069510446655,0.9561666666666665,1.0,0.4186227901470986,0.8793258232747514,645.3475197762466,0,0,900,0.0,0,1
20260515_215651,100,e2,Uniform-Speed-0.50mps,proxy,0,72.0,0,0.9988888888888889,3.997498901356805,0.0,0.25,0.25,7,3,0.7691759499576357,0.9561777777777776,1.0,0.751481995855286,0.8830845512187597,658.4222329871167,0,0,900,0.0,0,1
20260515_220815,2,e2,Uniform-Speed-0.75mps,proxy,0,72.0,2,1.0,4.052311367409211,0.0,0.3333333333333333,0.3333333333333333,8,0,0.8207315500080585,0.9603666666666665,1.0,0.4053115948621923,0.8847765053770748,694.4372883401995,0,0,900,0.0,0,1
20260515_220815,4,e2,Uniform-Speed-0.75mps,proxy,0,72.0,0,1.0,4.047700808961197,0.0,0.3333333333333333,0.3333333333333333,8,2,0.8165291968650288,0.9598444444444443,1.0,0.34015202182748666,0.8845361689554045,693.5961731710854,0,0,900,0.0,0,1
20260515_220815,6,e2,Uniform-Speed-0.75mps,proxy,0,72.0,2,1.0,4.0804261066649525,0.0,0.3326613513433848,0.3326613513433848,8,13,0.8468585013018715,0.9602999999999999,0.9865603602010219,0.709075707189604,0.8860451483726502,703.9223386734146,0,0,900,0.0,0,1
20260515_220815,8,e2,Uniform-Speed-0.75mps,proxy,0,72.0,0,1.0,4.085664082342086,0.0,0.3333333333333333,0.3333333333333333,8,0,0.851433255010181,0.9610444444444444,1.0,0.7529325093014556,0.8866351319632186,706.8682209798927,0,0,900,0.0,0,1
20260515_220815,10,e2,Uniform-Speed-0.75mps,proxy,0,72.0,1,0.9955555555555555,4.049453024437558,0.0,0.3309170005097283,0.3309170005097283,8,0,0.8181332996984323,0.9602888888888887,0.9516733435278887,0.4254092760530742,0.884703343248132,693.5060192526531,0,0,900,0.0,0,1
20260515_220815,12,e2,Uniform-Speed-0.75mps,proxy,0,72.0,0,0.9966666666666667,4.070537926038983,0.0,0.3246167442783602,0.3246167442783602,8,0,0.8376951326595412,0.9603777777777776,0.825668218900544,0.8186432608194688,0.8854080236144355,701.0547724729001,0,0,900,0.0,0,1
20260515_220815,14,e2,Uniform-Speed-0.75mps,proxy,0,72.0,1,0.9977777777777778,4.03168762706707,0.0,0.3333333333333333,0.3333333333333333,8,0,0.8013366161121263,0.9598444444444443,1.0,0.13952423620537502,0.8848166673778799,687.0094631107316,0,0,900,0.0,0,1
20260515_220815,16,e2,Uniform-Speed-0.75mps,proxy,0,72.0,1,0.9977777777777778,4.048884426465608,0.0,0.32982518017662005,0.32982518017662005,8,0,0.8176413052777449,0.9607333333333332,0.9298369368657398,0.44128161443158426,0.8846015912532392,693.607356922907,0,0,900,0.0,0,1
20260515_220815,18,e2,Uniform-Speed-0.75mps,proxy,0,72.0,3,0.9977777777777778,4.03257589349923,0.0,0.3333333333333333,0.3333333333333333,8,0,0.8021579700377253,0.9594888888888888,1.0,0.1541816001138312,0.8849753375692913,687.2785888498365,0,0,900,0.0,0,1
20260515_220815,20,e2,Uniform-Speed-0.75mps,proxy,0,72.0,2,0.9988888888888889,4.072945991397707,0.0,0.3333333333333333,0.3333333333333333,8,2,0.8399269866612222,0.9610444444444444,1.0,0.6244184994468461,0.8857792616766642,701.8024532155733,0,0,900,0.0,0,1
20260515_220815,22,e2,Uniform-Speed-0.75mps,proxy,0,72.0,1,0.9988888888888889,4.0437933157843675,0.0,0.3261085678103099,0.3261085678103099,8,4,0.8127474369605382,0.9599333333333332,0.8555046895395411,0.48173782230753665,0.8848629187209609,691.8502042679823,0,0,900,0.0,0,1
20260515_220815,24,e2,Uniform-Speed-0.75mps,proxy,0,72.0,3,0.9955555555555555,4.058864779462527,0.0,0.3333333333333333,0.3333333333333333,8,0,0.8269035078750716,0.9605888888888887,1.0,0.4767131431346591,0.8850368662109532,696.4548246549124,0,0,900,0.0,0,1
20260515_220815,26,e2,Uniform-Speed-0.75mps,proxy,0,72.0,1,0.9988888888888889,4.058769413560975,0.0,0.3333333333333333,0.3333333333333333,8,3,0.8267620838019583,0.9600666666666665,1.0,0.4799606137062815,0.8850549513543096,697.2053196564124,0,0,900,0.0,0,1
20260515_220815,28,e2,Uniform-Speed-0.75mps,proxy,0,72.0,0,0.9944444444444445,4.057227626124707,0.0,0.3333333333333333,0.3333333333333333,8,0,0.8254580021566815,0.9603777777777777,1.0,0.45151403108638877,0.8848613179657883,696.6213417702207,0,0,900,0.0,0,1
20260515_220815,30,e2,Uniform-Speed-0.75mps,proxy,0,72.0,0,1.0,4.071939440427724,0.0,0.3333333333333333,0.3333333333333333,8,0,0.8390863523549503,0.9603777777777776,1.0,0.6082177837703292,0.885515865190989,701.7392954515115,0,0,900,0.0,0,1
20260515_220815,32,e2,Uniform-Speed-0.75mps,proxy,0,72.0,2,0.9988888888888889,4.031201766685148,0.0,0.3333333333333333,0.3333333333333333,8,2,0.8008695117963684,0.9599222222222221,1.0,0.1311640531801288,0.8848113787015547,686.6996248515289,0,0,900,0.0,0,1
20260515_220815,34,e2,Uniform-Speed-0.75mps,proxy,0,72.0,0,1.0,4.037032364845579,0.0,0.3333333333333333,0.3333333333333333,8,6,0.8063659713831213,0.9596333333333331,1.0,0.21635270235564266,0.884636611366231,689.8374609353086,0,0,900,0.0,0,1
20260515_220815,36,e2,Uniform-Speed-0.75mps,proxy,0,72.0,1,0.9966666666666667,4.034884225050806,0.0,0.3333333333333333,0.3333333333333333,8,0,0.804405867656072,0.9600666666666666,1.0,0.1791887834028876,0.8846510673041826,688.4319283570688,0,0,900,0.0,0,1
20260515_220815,38,e2,Uniform-Speed-0.75mps,proxy,0,72.0,1,0.9988888888888889,4.084792048628368,0.0,0.3333333333333333,0.3333333333333333,8,0,0.8506469042102496,0.9612666666666665,1.0,0.7448181253949646,0.8865217762502524,706.177928013553,0,0,900,0.0,0,1
20260515_220815,40,e2,Uniform-Speed-0.75mps,proxy,0,72.0,0,0.9988888888888889,4.074475489740668,0.0,0.3333333333333333,0.3333333333333333,8,4,0.8413109017080731,0.9601555555555554,1.0,0.6396631953775898,0.8859464654999052,702.8785356241699,0,0,900,0.0,0,1
20260515_220815,42,e2,Uniform-Speed-0.75mps,proxy,0,72.0,0,0.9955555555555555,4.038234768744925,0.0,0.3333333333333333,0.3333333333333333,8,0,0.8074975356128481,0.9598444444444445,1.0,0.23066139584105355,0.8846887868953239,690.0022054395375,0,0,900,0.0,0,1
20260515_220815,44,e2,Uniform-Speed-0.75mps,proxy,0,72.0,2,0.9977777777777778,4.01722423047521,0.0,0.3124422205290104,0.3124422205290104,8,0,0.7877049418787162,0.9580777777777775,0.5821777439135333,0.45183712278526406,0.8848577947369594,682.100143687739,0,0,900,0.0,0,1
20260515_220815,46,e2,Uniform-Speed-0.75mps,proxy,0,72.0,0,0.9988888888888889,4.072799229794604,0.0,0.3333333333333333,0.3333333333333333,8,0,0.8398396151926782,0.9610444444444443,1.0,0.6195274671350202,0.8857476043990914,702.5255170276762,0,0,900,0.0,0,1
20260515_220815,48,e2,Uniform-Speed-0.75mps,proxy,0,72.0,1,0.9988888888888889,4.021107629658814,0.0,0.3333333333333333,0.3333333333333333,8,5,0.7912450356284777,0.958822222222222,1.0,0.0,0.8851902931473313,683.9293622181075,0,0,900,0.0,0,1
20260515_220815,50,e2,Uniform-Speed-0.75mps,proxy,0,72.0,0,0.9977777777777778,4.0314770598092835,0.0,0.3333333333333333,0.3333333333333333,8,4,0.8011319945255916,0.9598444444444445,1.0,0.13512969282250234,0.8848513757075291,687.4390260314693,0,0,900,0.0,0,1
20260515_220815,52,e2,Uniform-Speed-0.75mps,proxy,0,72.0,1,1.0,4.0291062946704805,0.0,0.3333333333333333,0.3333333333333333,8,0,0.7988616842528184,0.9591777777777777,1.0,0.1077226067981671,0.8849292307374645,686.5711022214753,0,0,900,0.0,0,1
20260515_220815,54,e2,Uniform-Speed-0.75mps,proxy,0,72.0,1,0.9966666666666667,4.021107629658814,0.0,0.3333333333333333,0.3333333333333333,8,4,0.7912450356284777,0.958822222222222,1.0,0.0,0.8851902931473313,683.6995818522641,0,0,900,0.0,0,1
20260515_220815,56,e2,Uniform-Speed-0.75mps,proxy,0,72.0,2,0.9966666666666667,4.032529211540778,0.0,0.3333333333333333,0.3333333333333333,8,0,0.8021131544642979,0.9594888888888888,1.0,0.15353916586834915,0.8849682274043426,687.461452506922,0,0,900,0.0,0,1
20260515_220815,58,e2,Uniform-Speed-0.75mps,proxy,0,72.0,0,0.9988888888888889,4.049513759980179,0.0,0.3333333333333333,0.3333333333333333,8,0,0.8182320661014981,0.9600666666666666,1.0,0.3617799382796479,0.8847084596687579,693.902833456426,0,0,900,0.0,0,1
20260515_220815,60,e2,Uniform-Speed-0.75mps,proxy,0,72.0,0,0.9977777777777778,4.043797817325598,0.0,0.3240699735188085,0.3240699735188085,8,2,0.8128347662422392,0.9601555555555554,0.814732803709492,0.5264813256573423,0.8847478127917613,692.1588472584125,0,0,900,0.0,0,1
20260515_220815,62,e2,Uniform-Speed-0.75mps,proxy,0,72.0,2,1.0,4.05843694008685,0.0,0.3333333333333333,0.3333333333333333,8,0,0.8265822265876664,0.9600666666666665,1.0,0.46559524909894023,0.8849598860975225,696.6898416316878,0,0,900,0.0,0,1
20260515_220815,64,e2,Uniform-Speed-0.75mps,proxy,0,72.0,2,0.9988888888888889,4.065903746929531,0.0,0.3333333333333333,0.3333333333333333,8,3,0.8335758119821548,0.9612666666666665,1.0,0.5434869880074881,0.8850817013218037,699.1888019041411,0,0,900,0.0,0,1
20260515_220815,66,e2,Uniform-Speed-0.75mps,proxy,0,72.0,0,0.9977777777777778,4.058674002327521,0.0,0.3333333333333333,0.3333333333333333,8,0,0.8266754064295027,0.9602888888888887,1.0,0.4785888509581605,0.8850385561775137,696.9198724522281,0,0,900,0.0,0,1
20260515_220815,68,e2,Uniform-Speed-0.75mps,proxy,0,72.0,0,0.9988888888888889,4.067493188519731,0.0,0.3333333333333333,0.3333333333333333,8,0,0.8348020508554247,0.9602444444444442,1.0,0.5756630337076445,0.8855296416953203,700.487272007754,0,0,900,0.0,0,1
20260515_220815,70,e2,Uniform-Speed-0.75mps,proxy,0,72.0,0,0.9977777777777778,4.033580306818693,0.0,0.3323020460672719,0.3323020460672719,8,0,0.8030970262984435,0.9596333333333331,0.9793742546787618,0.19198577244166484,0.8849503024791681,688.6604290685453,0,0,900,0.0,0,1
20260515_220815,72,e2,Uniform-Speed-0.75mps,proxy,0,72.0,1,0.9966666666666667,4.054171200086741,0.0,0.3333333333333333,0.3333333333333333,8,0,0.8225641309552723,0.9603666666666665,1.0,0.4204413172781227,0.8846606262231737,694.9931441348142,0,0,900,0.0,0,1
20260515_220815,74,e2,Uniform-Speed-0.75mps,proxy,0,72.0,0,0.9988888888888889,4.050543921521075,0.0,0.3333333333333333,0.3333333333333333,8,0,0.8190380261838436,0.9600777777777776,1.0,0.3871305416068159,0.8848683563830273,694.4566054900512,0,0,900,0.0,0,1
20260515_220815,76,e2,Uniform-Speed-0.75mps,proxy,0,72.0,0,0.9955555555555555,4.074883068800904,0.0,0.3333333333333333,0.3333333333333333,8,0,0.8416830779446496,0.9599333333333333,1.0,0.6437433122888072,0.8860009079774905,702.9414991209559,0,0,900,0.0,0,1
20260515_220815,78,e2,Uniform-Speed-0.75mps,proxy,0,72.0,2,0.9988888888888889,4.072927828747508,0.0,0.3333333333333333,0.3333333333333333,8,4,0.8398608108692699,0.9611222222222221,1.0,0.6259800820739267,0.8858512357636182,701.8972064006313,0,0,900,0.0,0,1
20260515_220815,80,e2,Uniform-Speed-0.75mps,proxy,0,72.0,0,0.9988888888888889,4.027341624551998,0.0,0.3333333333333333,0.3333333333333333,8,0,0.797195338755846,0.9591888888888888,1.0,0.0831958300882579,0.8849193001283259,686.5949988008438,0,0,900,0.0,0,1
20260515_220815,82,e2,Uniform-Speed-0.75mps,proxy,0,72.0,1,0.9988888888888889,4.021552171524551,0.0,0.3333333333333333,0.3333333333333333,8,4,0.7916817564931181,0.9592555555555553,1.0,0.0031090350858442185,0.8850807818922191,684.0597470894039,0,0,900,0.0,0,1
20260515_220815,84,e2,Uniform-Speed-0.75mps,proxy,0,72.0,1,1.0,4.0633636255162235,0.0,0.3333333333333333,0.3333333333333333,8,0,0.8311052412788074,0.9600666666666665,1.0,0.5219320161606892,0.885144308978278,698.6940795134336,0,0,900,0.0,0,1
20260515_220815,86,e2,Uniform-Speed-0.75mps,proxy,0,72.0,2,0.9955555555555555,4.049483732963711,0.0,0.32999064326835653,0.32999064326835653,8,4,0.8181621851027012,0.9602888888888887,0.9331461987004576,0.4489489732160474,0.8846990378345878,693.2256546956726,0,0,900,0.0,0,1
20260515_220815,88,e2,Uniform-Speed-0.75mps,proxy,0,72.0,2,0.9988888888888889,4.053143019173388,0.0,0.3333333333333333,0.3333333333333333,8,4,0.821511067185137,0.9599333333333333,1.0,0.4144837619203324,0.8848901233256419,694.5864633858233,0,0,900,0.0,0,1
20260515_220815,90,e2,Uniform-Speed-0.75mps,proxy,0,72.0,0,0.9988888888888889,4.05086973193896,0.0,0.3333333333333333,0.3333333333333333,8,8,0.8193465874758031,0.9605888888888887,1.0,0.3919582332091471,0.8847857908559624,694.7838576253715,0,0,900,0.0,0,1
20260515_220815,92,e2,Uniform-Speed-0.75mps,proxy,0,72.0,0,0.9988888888888889,4.066103485798345,0.0,0.3291665962893943,0.3291665962893943,8,0,0.8337077986862924,0.9608999999999996,0.9166652591212311,0.6521668320962892,0.8851911295019099,700.2182188525923,0,0,900,0.0,0,1
20260515_220815,94,e2,Uniform-Speed-0.75mps,proxy,0,72.0,1,0.9988888888888889,4.050374373102036,0.0,0.3333333333333333,0.3333333333333333,8,0,0.818924156046576,0.9601555555555554,1.0,0.3828089267088501,0.8847673319980364,693.9952678693528,0,0,900,0.0,0,1
20260515_220815,96,e2,Uniform-Speed-0.75mps,proxy,0,72.0,1,0.9977777777777778,4.052250306777959,0.0,0.3333333333333333,0.3333333333333333,8,6,0.8206284398999479,0.9602888888888887,1.0,0.40682555489060307,0.8848504220570134,694.5413432788769,0,0,900,0.0,0,1
20260515_220815,98,e2,Uniform-Speed-0.75mps,proxy,0,72.0,1,1.0,4.046101108412144,0.0,0.3333333333333333,0.3333333333333333,8,0,0.8149251985715495,0.9597999999999998,1.0,0.3302655001959164,0.8848805834252943,692.7405278285842,0,0,900,0.0,0,1
20260515_220815,100,e2,Uniform-Speed-0.75mps,proxy,0,72.0,0,0.9988888888888889,4.046062179981241,0.0,0.3333333333333333,0.3333333333333333,8,0,0.8148884653217263,0.9597999999999998,1.0,0.3297832352536669,0.8848749664381015,692.8669626363773,0,0,900,0.0,0,1
20260515_221939,2,e2,Uniform-Speed-1.00mps,proxy,0,72.0,2,1.0,4.102923298049114,0.0,0.3333333333333333,0.3333333333333333,8,0,0.8667958356274499,0.9599555555555555,1.0,0.4053115948621923,0.8881547699009787,709.7070384459914,0,0,900,0.0,0,1
20260515_221939,4,e2,Uniform-Speed-1.00mps,proxy,0,72.0,0,1.0,4.0952008786891705,0.0,0.3333333333333333,0.3333333333333333,8,0,0.8600826307137808,0.9599333333333332,1.0,0.34015202182748666,0.8871255491729128,707.8477975383215,0,0,900,0.0,0,1
20260515_221939,6,e2,Uniform-Speed-1.00mps,proxy,0,72.0,1,0.9988888888888889,4.14527807134456,0.0,0.3326613513433848,0.3326613513433848,9,0,0.9027588515149223,0.9485999999999999,0.9865603602010219,0.709075707189604,0.8924211495566288,740.5891598813052,0,0,900,0.0,0,1
20260515_221939,8,e2,Uniform-Speed-1.00mps,proxy,0,72.0,0,0.9977777777777778,4.0998084184438675,0.0,0.3333333333333333,0.3333333333333333,8,1,0.8642039883799023,0.9598555555555555,1.0,0.37408741195622913,0.8875624977869722,709.3509835682177,0,0,900,0.0,0,1
20260515_221939,10,e2,Uniform-Speed-1.00mps,proxy,0,72.0,0,0.9966666666666667,4.062076896894281,0.0,0.3333333333333333,0.3333333333333333,8,0,0.8297796403368314,0.9592666666666665,1.0,0.07014826159167599,0.8850779794398015,696.2800906085427,0,0,900,0.0,0,1
20260515_221939,12,e2,Uniform-Speed-1.00mps,proxy,0,72.0,1,0.9966666666666667,4.118110244762822,0.0,0.3333333333333333,0.3333333333333333,8,4,0.880362949470679,0.9605222222222222,1.0,0.5018420160060213,0.8893485361730891,714.8792784292716,0,0,900,0.0,0,1
20260515_221939,14,e2,Uniform-Speed-1.00mps,proxy,0,72.0,1,0.9977777777777778,4.131620555629953,0.0,0.3333333333333333,0.2733333333333333,8,0,0.892176513241397,0.9560777777777775,1.0,0.59335495807357,0.8909038146892211,718.8716375656014,0,0,900,0.0,0,1
20260515_221939,16,e2,Uniform-Speed-1.00mps,proxy,0,72.0,1,1.0,4.108824181099474,0.0,0.3333333333333333,0.3333333333333333,8,0,0.8721921395262082,0.9600777777777776,1.0,0.43867823019983776,0.888425239764705,711.6519261102477,0,0,900,0.0,0,1
20260515_221939,18,e2,Uniform-Speed-1.00mps,proxy,0,72.0,3,1.0,4.121724224188629,0.0,0.3333333333333333,0.31333333333333335,8,0,0.8836300178037749,0.9600777777777776,1.0,0.5209351213396789,0.8896971163257121,715.5763335763407,0,0,900,0.0,0,1
20260515_221939,20,e2,Uniform-Speed-1.00mps,proxy,0,72.0,0,0.9988888888888889,4.047895262474837,0.0,0.3307870223326971,0.3307870223326971,8,0,0.816541637794839,0.958822222222222,0.9490737799872884,0.0,0.8847138578030805,691.3474019488316,0,0,900,0.0,0,1
20260515_221939,22,e2,Uniform-Speed-1.00mps,proxy,0,72.0,0,0.9977777777777778,4.108415492601752,0.0,0.3333333333333333,0.3333333333333333,8,0,0.8719471777147717,0.9602999999999998,1.0,0.43166967655105276,0.8883309393700362,711.7311809652606,0,0,900,0.0,0,1
20260515_221939,24,e2,Uniform-Speed-1.00mps,proxy,0,72.0,1,0.9977777777777778,4.047744110713519,0.0,0.32122837037165874,0.32122837037165874,8,0,0.8164072483612431,0.9590444444444443,0.7579007407665165,0.2370811838688971,0.884696709451231,691.1307106012243,0,0,900,0.0,0,1
20260515_221939,26,e2,Uniform-Speed-1.00mps,proxy,0,72.0,2,0.9977777777777778,4.0692208381467925,0.0,0.3333333333333333,0.3333333333333333,8,4,0.8363198138607872,0.9600222222222221,1.0,0.13813324781376643,0.8854706454221859,698.1196781873471,0,0,900,0.0,0,1
20260515_221939,28,e2,Uniform-Speed-1.00mps,proxy,0,72.0,0,0.9977777777777778,4.0912832520213485,0.0,0.3333333333333333,0.3333333333333333,8,0,0.8565420023931397,0.9594222222222221,1.0,0.3097369279418557,0.8868885324829845,706.3097408976631,0,0,900,0.0,0,1
20260515_221939,30,e2,Uniform-Speed-1.00mps,proxy,0,72.0,0,1.0,4.1083126050796315,0.0,0.3333333333333333,0.3333333333333333,8,3,0.8718637176023589,0.9607444444444443,1.0,0.4301778732762109,0.8883033208507636,712.1267483922337,0,0,900,0.0,0,1
20260515_221939,32,e2,Uniform-Speed-1.00mps,proxy,0,72.0,0,0.9977777777777778,4.101018242302275,0.0,0.3333333333333333,0.3333333333333333,8,0,0.8651269562708007,0.9602999999999998,1.0,0.38962089738715155,0.8877703865100105,709.832134309633,0,0,900,0.0,0,1
20260515_221939,34,e2,Uniform-Speed-1.00mps,proxy,0,72.0,1,1.0,4.150151588339096,0.0,0.3333333333333333,0.3333333333333333,9,3,0.9065643971165022,0.9497333333333331,1.0,0.7238526294461176,0.8925220247082144,742.0075931866414,0,0,900,0.0,0,1
20260515_221939,36,e2,Uniform-Speed-1.00mps,proxy,0,72.0,4,0.9977777777777778,4.102586469380211,0.0,0.3298931645205289,0.3298931645205289,8,0,0.8664636265569263,0.9593333333333333,0.9311966237438924,0.48971569845060803,0.8881259204026454,708.5548957140874,0,0,900,0.0,0,1
20260515_221939,38,e2,Uniform-Speed-1.00mps,proxy,0,72.0,0,0.9988888888888889,4.098411841605914,0.0,0.3333333333333333,0.3333333333333333,8,0,0.8630239834388097,0.9605333333333332,1.0,0.360055016990093,0.8873517296797848,708.6643004353901,0,0,900,0.0,0,1
20260515_221939,40,e2,Uniform-Speed-1.00mps,proxy,0,72.0,1,0.9955555555555555,4.060627597527509,0.0,0.3333333333333333,0.3333333333333333,8,0,0.828315468662315,0.9594888888888887,1.0,0.06346379311191964,0.8853847473842543,695.5238911447221,0,0,900,0.0,0,1
20260515_221939,42,e2,Uniform-Speed-1.00mps,proxy,0,72.0,1,0.9944444444444445,4.066205767260377,0.0,0.3333333333333333,0.3333333333333333,8,0,0.8334385659297308,0.9593555555555554,1.0,0.11654456502823507,0.8855247226460945,696.5991872480977,0,0,900,0.0,0,1
20260515_221939,44,e2,Uniform-Speed-1.00mps,proxy,0,72.0,0,0.9988888888888889,4.127669403275077,0.0,0.3333333333333333,0.29333333333333333,8,3,0.8887644649545352,0.9576333333333331,1.0,0.5636717382113695,0.8903796946336693,718.0264299010325,0,0,900,0.0,0,1
20260515_221939,46,e2,Uniform-Speed-1.00mps,proxy,0,72.0,0,0.9966666666666667,4.108162075293265,0.0,0.3333333333333333,0.3333333333333333,8,1,0.8717946709526909,0.9611888888888889,1.0,0.42723956775809424,0.888200286534718,712.2936907194381,0,0,900,0.0,0,1
20260515_221939,48,e2,Uniform-Speed-1.00mps,proxy,0,72.0,0,1.0,4.078459925215688,0.0,0.3333333333333333,0.3333333333333333,8,0,0.8448990371823311,0.9601555555555554,1.0,0.2097962930020764,0.8858824149846883,701.8472812205304,0,0,900,0.0,0,1
20260515_221939,50,e2,Uniform-Speed-1.00mps,proxy,0,72.0,0,0.9977777777777778,4.1078815464364276,0.0,0.3333333333333333,0.3333333333333333,8,3,0.8715506215890249,0.961411111111111,1.0,0.42487751732346246,0.8881597285238279,712.0839850090327,0,0,900,0.0,0,1
20260515_221939,52,e2,Uniform-Speed-1.00mps,proxy,0,72.0,2,0.9955555555555555,4.086860447795232,0.0,0.3317652750153328,0.3317652750153328,8,0,0.8525437432858679,0.959711111111111,0.9686388336399746,0.31589289255362624,0.8866144991034862,704.2061160373886,0,0,900,0.0,0,1
20260515_221939,54,e2,Uniform-Speed-1.00mps,proxy,0,72.0,2,0.9944444444444445,4.087719564268261,0.0,0.3333333333333333,0.3333333333333333,8,0,0.853210263815191,0.9594888888888887,1.0,0.28779099016000664,0.8868012653063576,704.0242711387917,0,0,900,0.0,0,1
20260515_221939,56,e2,Uniform-Speed-1.00mps,proxy,0,72.0,2,0.9966666666666667,4.100786830917368,0.0,0.3333333333333333,0.3333333333333333,8,0,0.8650320714712143,0.9598555555555555,1.0,0.38274667582872457,0.8875780555578278,708.9125756333412,0,0,900,0.0,0,1
20260515_221939,58,e2,Uniform-Speed-1.00mps,proxy,0,72.0,0,0.9966666666666667,4.075169718034519,0.0,0.3333333333333333,0.3333333333333333,8,0,0.8417842509680324,0.9608222222222221,1.0,0.18813127611979455,0.8859816953426028,700.7544407734154,0,0,900,0.0,0,1
20260515_221939,60,e2,Uniform-Speed-1.00mps,proxy,0,72.0,1,1.0,4.1445815714533305,0.0,0.3333333333333333,0.3333333333333333,9,0,0.9022418723834885,0.9495111111111111,1.0,0.6860428411647399,0.8922756938163745,740.3093641326658,0,0,900,0.0,0,1
20260515_221939,62,e2,Uniform-Speed-1.00mps,proxy,0,72.0,1,0.9988888888888889,4.169424493320758,0.0,0.3333333333333333,0.3333333333333333,9,0,0.9225291369689835,0.9502444444444441,1.0,0.8184807169443181,0.8928156072584287,747.5260322234636,0,0,900,0.0,0,1
20260515_221939,64,e2,Uniform-Speed-1.00mps,proxy,0,72.0,1,0.9977777777777778,4.0933015993431505,0.0,0.3333333333333333,0.3333333333333333,8,0,0.8582102993130684,0.9596333333333333,1.0,0.3329528743226203,0.8871915152741383,706.5993118755724,0,0,900,0.0,0,1
20260515_221939,66,e2,Uniform-Speed-1.00mps,proxy,0,72.0,1,0.9988888888888889,4.117295232457832,0.0,0.3333333333333333,0.3333333333333333,8,1,0.8798358926508162,0.9616333333333332,1.0,0.4892482263548302,0.889028826711906,715.0038780487259,0,0,900,0.0,0,1
20260515_221939,68,e2,Uniform-Speed-1.00mps,proxy,0,72.0,1,0.9955555555555555,4.110864701650436,0.0,0.3333333333333333,0.3333333333333333,8,0,0.8741072113646401,0.9602999999999998,1.0,0.4484974749218931,0.88849861357637,712.0919727162848,0,0,900,0.0,0,1
20260515_221939,70,e2,Uniform-Speed-1.00mps,proxy,0,72.0,0,0.9988888888888889,4.0996826067791785,0.0,0.3333333333333333,0.3333333333333333,8,0,0.8640921764903599,0.9598555555555555,1.0,0.3731572188322978,0.8875467939664509,709.1132299895266,0,0,900,0.0,0,1
20260515_221939,72,e2,Uniform-Speed-1.00mps,proxy,0,72.0,2,1.0,4.065616042169441,0.0,0.3333333333333333,0.3333333333333333,8,0,0.8329794902933968,0.9601555555555554,1.0,0.10598561802774856,0.8853804075417835,696.4530163937126,0,0,900,0.0,0,1
20260515_221939,74,e2,Uniform-Speed-1.00mps,proxy,0,72.0,0,0.9988888888888889,4.119340207700864,0.0,0.3333333333333333,0.3333333333333333,8,1,0.8813682228989071,0.9595555555555555,1.0,0.5127173716273161,0.8895960246240363,715.773408248273,0,0,900,0.0,0,1
20260515_221939,76,e2,Uniform-Speed-1.00mps,proxy,0,72.0,0,0.9988888888888889,4.1017715340601475,0.0,0.3333333333333333,0.3333333333333333,8,0,0.865959614680873,0.9605222222222223,1.0,0.3866325444803392,0.8877464810144846,709.8029326157712,0,0,900,0.0,0,1
20260515_221939,78,e2,Uniform-Speed-1.00mps,proxy,0,72.0,0,1.0,4.110043722913196,0.0,0.3333333333333333,0.3333333333333333,8,7,0.8732621609502369,0.9596333333333333,1.0,0.44773017776100227,0.8885843909486999,712.8345078087061,0,0,900,0.0,0,1
20260515_221939,80,e2,Uniform-Speed-1.00mps,proxy,0,72.0,0,1.0,4.10604181516295,0.0,0.3333333333333333,0.3333333333333333,8,0,0.8697774329781532,0.9596333333333333,1.0,0.41710386229096147,0.888070695261229,711.2412403628873,0,0,900,0.0,0,1
20260515_221939,82,e2,Uniform-Speed-1.00mps,proxy,0,72.0,2,0.9944444444444445,4.109588991549477,0.0,0.3333333333333333,0.3333333333333333,8,0,0.8730333063006401,0.9607444444444444,1.0,0.43644080931720114,0.8883121316414324,711.619205123485,0,0,900,0.0,0,1
20260515_221939,84,e2,Uniform-Speed-1.00mps,proxy,0,72.0,0,0.9966666666666667,4.092181554545349,0.0,0.3333333333333333,0.3333333333333333,8,0,0.8573659130268627,0.9599333333333332,1.0,0.31751914293881245,0.8869504212146548,706.7054746587763,0,0,900,0.0,0,1
20260515_221939,86,e2,Uniform-Speed-1.00mps,proxy,0,72.0,0,0.9955555555555555,4.079647541900329,0.0,0.3333333333333333,0.3333333333333333,8,6,0.8460364665256607,0.9605999999999998,1.0,0.21557960265081932,0.8858924518753253,702.1604293280648,0,0,900,0.0,0,1
20260515_221939,88,e2,Uniform-Speed-1.00mps,proxy,0,72.0,0,0.9966666666666667,4.15764014569543,0.0,0.3333333333333333,0.3333333333333333,9,6,0.9127531782786051,0.9495777777777774,1.0,0.7601220488061565,0.8928559566861766,744.598890104338,0,0,900,0.0,0,1
20260515_221939,90,e2,Uniform-Speed-1.00mps,proxy,0,72.0,2,0.9977777777777778,4.144775069210106,0.0,0.3333333333333333,0.3333333333333333,9,0,0.9024059353603258,0.9495111111111111,1.0,0.6871912521690974,0.8922979853091821,739.9621354969129,0,0,900,0.0,0,1
20260515_221939,92,e2,Uniform-Speed-1.00mps,proxy,0,72.0,3,0.9955555555555555,4.077079033858391,0.0,0.3333333333333333,0.3333333333333333,8,2,0.8434791696402761,0.9594999999999999,1.0,0.20612596446028653,0.8861370668591312,700.2076832122117,0,0,900,0.0,0,1
20260515_221939,94,e2,Uniform-Speed-1.00mps,proxy,0,72.0,1,0.9988888888888889,4.0770389290286655,0.0,0.3333333333333333,0.3333333333333333,8,8,0.8434937298297882,0.9597999999999998,1.0,0.20406756405196044,0.8860568933371731,701.2689177959277,0,0,900,0.0,0,1
20260515_221939,96,e2,Uniform-Speed-1.00mps,proxy,0,72.0,0,0.9988888888888889,4.156030284215534,0.0,0.3333333333333333,0.3333333333333333,9,0,0.9114642087949647,0.9502555555555553,1.0,0.7522054671039761,0.8929101154935991,744.265491884706,0,0,900,0.0,0,1
20260515_221939,98,e2,Uniform-Speed-1.00mps,proxy,0,72.0,1,0.9977777777777778,4.073649125210864,0.0,0.3333333333333333,0.3333333333333333,8,3,0.8403358752859963,0.9599333333333332,1.0,0.1764823327006121,0.8860060374969959,700.0217870356232,0,0,900,0.0,0,1
20260515_221939,100,e2,Uniform-Speed-1.00mps,proxy,0,72.0,0,0.9977777777777778,4.111314927206113,0.0,0.3333333333333333,0.3333333333333333,8,9,0.8745028082529703,0.9602999999999998,1.0,0.45164184380286093,0.888553483852495,712.9760889669976,0,0,900,0.0,0,1
20260515_223104,2,e2,Analytic-OSD+Fuzzy+OP-CBRS,proxy,0,72.0,2,1.0,4.102923292306432,0.0,0.3333333333333333,0.3333333333333333,8,0,0.8667958305941688,0.9599555555555555,1.0,0.4053115948621923,0.8881547697133346,710.5285820102913,0,0,900,0.0,0,1
20260515_223104,4,e2,Analytic-OSD+Fuzzy+OP-CBRS,proxy,0,72.0,0,1.0,4.095200876091003,0.0,0.3333333333333333,0.3333333333333333,8,0,0.8600826281971402,0.9599333333333332,1.0,0.34015202182748666,0.8871255491777419,708.728953496532,0,0,900,0.0,0,1
20260515_223104,6,e2,Analytic-OSD+Fuzzy+OP-CBRS,proxy,0,72.0,1,0.9988888888888889,4.145278066820487,0.0,0.3326613513433848,0.3326613513433848,9,0,0.9027588477399614,0.9485999999999999,0.9865603602010219,0.709075707189604,0.8924211495566288,741.1400513152294,0,0,900,0.0,0,1
20260515_223104,8,e2,Analytic-OSD+Fuzzy+OP-CBRS,proxy,0,72.0,0,0.9977777777777778,4.099808417232659,0.0,0.3333333333333333,0.3333333333333333,8,1,0.8642039873202642,0.9598555555555555,1.0,0.37408741195622913,0.8875624977869722,710.2014492372683,0,0,900,0.0,0,1
20260515_223104,10,e2,Analytic-OSD+Fuzzy+OP-CBRS,proxy,0,72.0,0,0.9966666666666667,4.062076896821819,0.0,0.3333333333333333,0.3333333333333333,8,0,0.829779640270604,0.9592666666666665,1.0,0.07014826159167599,0.8850779794398015,697.3879117913523,0,0,900,0.0,0,1
20260515_223104,12,e2,Analytic-OSD+Fuzzy+OP-CBRS,proxy,0,72.0,1,0.9966666666666667,4.118110244083933,0.0,0.3333333333333333,0.3333333333333333,8,4,0.8803629488746325,0.9605222222222222,1.0,0.5018420160060213,0.8893485361730891,715.607208191576,0,0,900,0.0,0,1
20260515_223104,14,e2,Analytic-OSD+Fuzzy+OP-CBRS,proxy,0,72.0,1,0.9977777777777778,4.13162055446164,0.0,0.3333333333333333,0.2733333333333333,8,0,0.8921765122479862,0.9560777777777775,1.0,0.59335495807357,0.8909038146892211,719.5159967739181,0,0,900,0.0,0,1
20260515_223104,16,e2,Analytic-OSD+Fuzzy+OP-CBRS,proxy,0,72.0,1,1.0,4.108824178211959,0.0,0.3333333333333333,0.3333333333333333,8,0,0.8721921370095677,0.9600777777777776,1.0,0.43867823019983776,0.888425239764705,712.4417279551277,0,0,900,0.0,0,1
20260515_223104,18,e2,Analytic-OSD+Fuzzy+OP-CBRS,proxy,0,72.0,3,1.0,4.121724223337841,0.0,0.3333333333333333,0.31333333333333335,8,0,0.8836300170752738,0.9600777777777776,1.0,0.5209351213396789,0.8896971163257121,716.2864536299167,0,0,900,0.0,0,1
20260515_223104,20,e2,Analytic-OSD+Fuzzy+OP-CBRS,proxy,0,72.0,0,0.9988888888888889,4.047895261554805,0.0,0.3307870223326971,0.3307870223326971,8,0,0.816541636933883,0.958822222222222,0.9490737799872884,0.0,0.8847138578030805,692.5567865114657,0,0,900,0.0,0,1
20260515_223104,22,e2,Analytic-OSD+Fuzzy+OP-CBRS,proxy,0,72.0,0,0.9977777777777778,4.108415491387598,0.0,0.3333333333333333,0.3333333333333333,8,0,0.8719471766551335,0.9602999999999998,1.0,0.43166967655105276,0.8883309393700362,712.5273886761219,0,0,900,0.0,0,1
20260515_223104,24,e2,Analytic-OSD+Fuzzy+OP-CBRS,proxy,0,72.0,1,0.9977777777777778,4.047744110061653,0.0,0.32122837037165874,0.32122837037165874,8,0,0.8164072477651967,0.9590444444444443,0.7579007407665165,0.2370811838688971,0.884696709451231,692.3411215509913,0,0,900,0.0,0,1
20260515_223104,26,e2,Analytic-OSD+Fuzzy+OP-CBRS,proxy,0,72.0,2,0.9977777777777778,4.069220835885122,0.0,0.3333333333333333,0.3333333333333333,8,4,0.8363198118077384,0.9600222222222221,1.0,0.13813324781376643,0.8854706454221859,699.1725907492269,0,0,900,0.0,0,1
20260515_223104,28,e2,Analytic-OSD+Fuzzy+OP-CBRS,proxy,0,72.0,0,0.9977777777777778,4.091283251498827,0.0,0.3333333333333333,0.3333333333333333,8,0,0.8565420019295481,0.9594222222222221,1.0,0.3097369279418557,0.8868885324829845,707.2185747101532,0,0,900,0.0,0,1
20260515_223104,30,e2,Analytic-OSD+Fuzzy+OP-CBRS,proxy,0,72.0,0,1.0,4.108312604547529,0.0,0.3333333333333333,0.3333333333333333,8,3,0.8718637171387672,0.9607444444444443,1.0,0.4301778732762109,0.8883033208507636,712.9236321823828,0,0,900,0.0,0,1
20260515_223104,32,e2,Analytic-OSD+Fuzzy+OP-CBRS,proxy,0,72.0,0,0.9977777777777778,4.1010182399526265,0.0,0.3333333333333333,0.3333333333333333,8,0,0.8651269542177519,0.9602999999999998,1.0,0.38962089738715155,0.8877703865100105,710.6675944654028,0,0,900,0.0,0,1
20260515_223104,34,e2,Analytic-OSD+Fuzzy+OP-CBRS,proxy,0,72.0,1,1.0,4.15015158680668,0.0,0.3333333333333333,0.3333333333333333,9,3,0.9065643957257271,0.9497333333333331,1.0,0.7238526294461176,0.8925220247082144,742.5221587929663,0,0,900,0.0,0,1
20260515_223104,36,e2,Analytic-OSD+Fuzzy+OP-CBRS,proxy,0,72.0,4,0.9977777777777778,4.102586468545482,0.0,0.3298931645205289,0.3298931645205289,8,0,0.8664636258284251,0.9593333333333333,0.9311966237438924,0.48971569845060803,0.888125920446797,709.378653396099,0,0,900,0.0,0,1
20260515_223104,38,e2,Analytic-OSD+Fuzzy+OP-CBRS,proxy,0,72.0,0,0.9988888888888889,4.098411840243884,0.0,0.3333333333333333,0.3333333333333333,8,0,0.8630239822467168,0.9605333333333332,1.0,0.360055016990093,0.8873517296797848,709.5265757179683,0,0,900,0.0,0,1
20260515_223104,40,e2,Analytic-OSD+Fuzzy+OP-CBRS,proxy,0,72.0,1,0.9955555555555555,4.060627594708845,0.0,0.3333333333333333,0.3333333333333333,8,0,0.828315466079447,0.9594888888888887,1.0,0.06346379311191964,0.8853847473842543,696.6364836044521,0,0,900,0.0,0,1
20260515_223104,42,e2,Analytic-OSD+Fuzzy+OP-CBRS,proxy,0,72.0,1,0.9944444444444445,4.066205763818548,0.0,0.3333333333333333,0.3333333333333333,8,0,0.8334385625852478,0.9593555555555554,1.0,0.11654456502823507,0.88552473017394,697.6702251050608,0,0,900,0.0,0,1
20260515_223104,44,e2,Analytic-OSD+Fuzzy+OP-CBRS,proxy,0,72.0,0,0.9988888888888889,4.127669402577179,0.0,0.3333333333333333,0.29333333333333333,8,3,0.8887644643584888,0.9576333333333331,1.0,0.5636717382113695,0.8903796946336693,718.6980890328878,0,0,900,0.0,0,1
20260515_223104,46,e2,Analytic-OSD+Fuzzy+OP-CBRS,proxy,0,72.0,0,0.9966666666666667,4.108162074236698,0.0,0.3333333333333333,0.3333333333333333,8,1,0.8717946700255076,0.9611888888888889,1.0,0.42723956775809424,0.888200286534718,713.0928177475454,0,0,900,0.0,0,1
20260515_223104,48,e2,Analytic-OSD+Fuzzy+OP-CBRS,proxy,0,72.0,0,1.0,4.078459924699587,0.0,0.3333333333333333,0.3333333333333333,8,0,0.8448990367187394,0.9601555555555554,1.0,0.2097962930020764,0.8858824149846883,702.8411709039265,0,0,900,0.0,0,1
20260515_223104,50,e2,Analytic-OSD+Fuzzy+OP-CBRS,proxy,0,72.0,0,0.9977777777777778,4.10788154575033,0.0,0.3333333333333333,0.3333333333333333,8,3,0.8715506209929784,0.961411111111111,1.0,0.42487751732346246,0.8881597285238279,712.8849875987958,0,0,900,0.0,0,1
20260515_223104,52,e2,Analytic-OSD+Fuzzy+OP-CBRS,proxy,0,72.0,2,0.9955555555555555,4.086860446082398,0.0,0.3317652750153328,0.3317652750153328,8,0,0.8525437417626381,0.959711111111111,0.9686388336399746,0.31589289255362624,0.8866144991145242,705.1435667766245,0,0,900,0.0,0,1
20260515_223104,54,e2,Analytic-OSD+Fuzzy+OP-CBRS,proxy,0,72.0,2,0.9944444444444445,4.0877195629666865,0.0,0.3333333333333333,0.3333333333333333,8,0,0.8532102626230982,0.9594888888888887,1.0,0.28779099016000664,0.8868012619977478,704.9523093961714,0,0,900,0.0,0,1
20260515_223104,56,e2,Analytic-OSD+Fuzzy+OP-CBRS,proxy,0,72.0,2,0.9966666666666667,4.100786828999669,0.0,0.3333333333333333,0.3333333333333333,8,0,0.865032069683075,0.9598555555555555,1.0,0.38274667582872457,0.8875780556433714,709.7551404937514,0,0,900,0.0,0,1
20260515_223104,58,e2,Analytic-OSD+Fuzzy+OP-CBRS,proxy,0,72.0,0,0.9966666666666667,4.075169716639471,0.0,0.3333333333333333,0.3333333333333333,8,0,0.8417842497097121,0.9608222222222221,1.0,0.18813127611979455,0.8859816953426028,701.7653537053048,0,0,900,0.0,0,1
20260515_223104,60,e2,Analytic-OSD+Fuzzy+OP-CBRS,proxy,0,72.0,1,1.0,4.144581570977182,0.0,0.3333333333333333,0.3333333333333333,9,0,0.9022418719861243,0.9495111111111111,1.0,0.6860428411647399,0.8922756938274123,740.8658892117259,0,0,900,0.0,0,1
20260515_223104,62,e2,Analytic-OSD+Fuzzy+OP-CBRS,proxy,0,72.0,1,0.9988888888888889,4.169424492269487,0.0,0.3333333333333333,0.3333333333333333,9,0,0.9225291361080276,0.9502444444444441,1.0,0.8184807169443181,0.8928156072584287,747.9318774807151,0,0,900,0.0,0,1
20260515_223104,64,e2,Analytic-OSD+Fuzzy+OP-CBRS,proxy,0,72.0,1,0.9977777777777778,4.093301597167594,0.0,0.3333333333333333,0.3333333333333333,8,0,0.8582102973924742,0.9596333333333333,1.0,0.3329528743226203,0.8871915140296155,707.4872197136962,0,0,900,0.0,0,1
20260515_223104,66,e2,Analytic-OSD+Fuzzy+OP-CBRS,proxy,0,72.0,1,0.9988888888888889,4.117295231851072,0.0,0.3333333333333333,0.3333333333333333,8,1,0.8798358921209971,0.9616333333333332,1.0,0.4892482263548302,0.889028826711906,715.7428193949094,0,0,900,0.0,0,1
20260515_223104,68,e2,Analytic-OSD+Fuzzy+OP-CBRS,proxy,0,72.0,1,0.9955555555555555,4.110864699435064,0.0,0.3333333333333333,0.3333333333333333,8,0,0.8741072094440461,0.9602999999999998,1.0,0.4484974749218931,0.88849861357637,712.8721554463195,0,0,900,0.0,0,1
20260515_223104,70,e2,Analytic-OSD+Fuzzy+OP-CBRS,proxy,0,72.0,0,0.9988888888888889,4.099682605872726,0.0,0.3333333333333333,0.3333333333333333,8,0,0.8640921756956312,0.9598555555555555,1.0,0.3731572188322978,0.8875467939664509,709.9645478985431,0,0,900,0.0,0,1
20260515_223104,72,e2,Analytic-OSD+Fuzzy+OP-CBRS,proxy,0,72.0,2,1.0,4.065616036651835,0.0,0.3333333333333333,0.3333333333333333,8,0,0.8329794850614336,0.9601555555555554,1.0,0.10598561802774856,0.8853803961644708,697.5314003625004,0,0,900,0.0,0,1
20260515_223104,74,e2,Analytic-OSD+Fuzzy+OP-CBRS,proxy,0,72.0,0,0.9988888888888889,4.119340206697563,0.0,0.3333333333333333,0.3333333333333333,8,1,0.8813682220379512,0.9595555555555555,1.0,0.5127173716273161,0.889596024690264,716.492112209944,0,0,900,0.0,0,1
20260515_223104,76,e2,Analytic-OSD+Fuzzy+OP-CBRS,proxy,0,72.0,0,0.9988888888888889,4.101771533031786,0.0,0.3333333333333333,0.3333333333333333,8,0,0.8659596137536897,0.9605222222222223,1.0,0.3866325444803392,0.8877464810255224,710.6409123316946,0,0,900,0.0,0,1
20260515_223104,78,e2,Analytic-OSD+Fuzzy+OP-CBRS,proxy,0,72.0,0,1.0,4.110043722454358,0.0,0.3333333333333333,0.3333333333333333,8,7,0.8732621605528725,0.9596333333333333,1.0,0.44773017776100227,0.8885843909486999,713.6163883986683,0,0,900,0.0,0,1
20260515_223104,80,e2,Analytic-OSD+Fuzzy+OP-CBRS,proxy,0,72.0,0,1.0,4.106041814783235,0.0,0.3333333333333333,0.3333333333333333,8,0,0.8697774326470163,0.9596333333333333,1.0,0.41710386229096147,0.888070695261229,712.0521472052659,0,0,900,0.0,0,1
20260515_223104,82,e2,Analytic-OSD+Fuzzy+OP-CBRS,proxy,0,72.0,2,0.9944444444444445,4.109588990788354,0.0,0.3333333333333333,0.3333333333333333,8,0,0.8730333056383662,0.9607444444444444,1.0,0.43644080931720114,0.8883121316414324,712.4101783821149,0,0,900,0.0,0,1
20260515_223104,84,e2,Analytic-OSD+Fuzzy+OP-CBRS,proxy,0,72.0,0,0.9966666666666667,4.092181552972315,0.0,0.3333333333333333,0.3333333333333333,8,0,0.8573659116360877,0.9599333333333332,1.0,0.31751914293881245,0.8869504212146548,707.6067894768762,0,0,900,0.0,0,1
20260515_223104,86,e2,Analytic-OSD+Fuzzy+OP-CBRS,proxy,0,72.0,0,0.9955555555555555,4.079647539714502,0.0,0.3333333333333333,0.3333333333333333,8,6,0.8460364645388392,0.9605999999999998,1.0,0.21557960265081932,0.8858924518753253,703.1488186017381,0,0,900,0.0,0,1
20260515_223104,88,e2,Analytic-OSD+Fuzzy+OP-CBRS,proxy,0,72.0,0,0.9966666666666667,4.157640144893131,0.0,0.3333333333333333,0.3333333333333333,9,6,0.9127531776163313,0.9495777777777774,1.0,0.7601220488061565,0.8928559566861766,745.0728911321324,0,0,900,0.0,0,1
20260515_223104,90,e2,Analytic-OSD+Fuzzy+OP-CBRS,proxy,0,72.0,2,0.9977777777777778,4.14477506742694,0.0,0.3333333333333333,0.3333333333333333,9,0,0.9024059338370959,0.9495111111111111,1.0,0.6871912521690974,0.8922979846717435,740.5174038287089,0,0,900,0.0,0,1
20260515_223104,92,e2,Analytic-OSD+Fuzzy+OP-CBRS,proxy,0,72.0,3,0.9955555555555555,4.077079030893916,0.0,0.3333333333333333,0.3333333333333333,8,2,0.8434791669249535,0.9594999999999999,1.0,0.20612596446028653,0.8861370668591312,701.2054423655044,0,0,900,0.0,0,1
20260515_223104,94,e2,Analytic-OSD+Fuzzy+OP-CBRS,proxy,0,72.0,1,0.9988888888888889,4.077038928812309,0.0,0.3333333333333333,0.3333333333333333,8,8,0.843493729631106,0.9597999999999998,1.0,0.20406756405196044,0.8860568933344137,702.2680950131783,0,0,900,0.0,0,1
20260515_223104,96,e2,Analytic-OSD+Fuzzy+OP-CBRS,proxy,0,72.0,0,0.9988888888888889,4.15603028229148,0.0,0.3333333333333333,0.3333333333333333,9,0,0.9114642072055075,0.9502555555555553,1.0,0.7522054671039761,0.8929101154935991,744.7474644140582,0,0,900,0.0,0,1
20260515_223104,98,e2,Analytic-OSD+Fuzzy+OP-CBRS,proxy,0,72.0,1,0.9977777777777778,4.0736491244043895,0.0,0.3333333333333333,0.3333333333333333,8,3,0.8403358745574951,0.9599333333333332,1.0,0.1764823327006121,0.8860060374969959,701.0434360935625,0,0,900,0.0,0,1
20260515_223104,100,e2,Analytic-OSD+Fuzzy+OP-CBRS,proxy,0,72.0,0,0.9977777777777778,4.111314926043979,0.0,0.3333333333333333,0.3333333333333333,8,9,0.8745028071271048,0.9602999999999998,1.0,0.45164184380286093,0.888553483852495,713.7532620933681,0,0,900,0.0,0,1
20260515_224234,2,e2,Eval-Transferred-OSD+Fuzzy-NoOPCBRS-e2,proxy,0,72.0,2,1.0,4.102923298049114,0.0,0.3333333333333333,0.3333333333333333,8,0,0.8667958356274499,0.9599555555555555,1.0,0.4053115948621923,0.8881547699009787,709.7070384459914,0,0,900,0.0,0,1
20260515_224234,4,e2,Eval-Transferred-OSD+Fuzzy-NoOPCBRS-e2,proxy,0,72.0,0,1.0,4.0952008786891705,0.0,0.3333333333333333,0.3333333333333333,8,0,0.8600826307137808,0.9599333333333332,1.0,0.34015202182748666,0.8871255491729128,707.8477975383215,0,0,900,0.0,0,1
20260515_224234,6,e2,Eval-Transferred-OSD+Fuzzy-NoOPCBRS-e2,proxy,0,72.0,1,0.9988888888888889,4.14527807134456,0.0,0.3326613513433848,0.3326613513433848,9,0,0.9027588515149223,0.9485999999999999,0.9865603602010219,0.709075707189604,0.8924211495566288,740.5891598813052,0,0,900,0.0,0,1
20260515_224234,8,e2,Eval-Transferred-OSD+Fuzzy-NoOPCBRS-e2,proxy,0,72.0,0,0.9977777777777778,4.0998084184438675,0.0,0.3333333333333333,0.3333333333333333,8,1,0.8642039883799023,0.9598555555555555,1.0,0.37408741195622913,0.8875624977869722,709.3509835682177,0,0,900,0.0,0,1
20260515_224234,10,e2,Eval-Transferred-OSD+Fuzzy-NoOPCBRS-e2,proxy,0,72.0,0,0.9966666666666667,4.062076896894281,0.0,0.3333333333333333,0.3333333333333333,8,0,0.8297796403368314,0.9592666666666665,1.0,0.07014826159167599,0.8850779794398015,696.2800906085427,0,0,900,0.0,0,1
20260515_224234,12,e2,Eval-Transferred-OSD+Fuzzy-NoOPCBRS-e2,proxy,0,72.0,1,0.9966666666666667,4.118110244762822,0.0,0.3333333333333333,0.3333333333333333,8,4,0.880362949470679,0.9605222222222222,1.0,0.5018420160060213,0.8893485361730891,714.8792784292716,0,0,900,0.0,0,1
20260515_224234,14,e2,Eval-Transferred-OSD+Fuzzy-NoOPCBRS-e2,proxy,0,72.0,1,0.9977777777777778,4.131620555629953,0.0,0.3333333333333333,0.2733333333333333,8,0,0.892176513241397,0.9560777777777775,1.0,0.59335495807357,0.8909038146892211,718.8716375656014,0,0,900,0.0,0,1
20260515_224234,16,e2,Eval-Transferred-OSD+Fuzzy-NoOPCBRS-e2,proxy,0,72.0,1,1.0,4.108824181099474,0.0,0.3333333333333333,0.3333333333333333,8,0,0.8721921395262082,0.9600777777777776,1.0,0.43867823019983776,0.888425239764705,711.6519261102477,0,0,900,0.0,0,1
20260515_224234,18,e2,Eval-Transferred-OSD+Fuzzy-NoOPCBRS-e2,proxy,0,72.0,3,1.0,4.121724224188629,0.0,0.3333333333333333,0.31333333333333335,8,0,0.8836300178037749,0.9600777777777776,1.0,0.5209351213396789,0.8896971163257121,715.5763335763407,0,0,900,0.0,0,1
20260515_224234,20,e2,Eval-Transferred-OSD+Fuzzy-NoOPCBRS-e2,proxy,0,72.0,0,0.9988888888888889,4.047895262474837,0.0,0.3307870223326971,0.3307870223326971,8,0,0.816541637794839,0.958822222222222,0.9490737799872884,0.0,0.8847138578030805,691.3474019488316,0,0,900,0.0,0,1
20260515_224234,22,e2,Eval-Transferred-OSD+Fuzzy-NoOPCBRS-e2,proxy,0,72.0,0,0.9977777777777778,4.108415492601752,0.0,0.3333333333333333,0.3333333333333333,8,0,0.8719471777147717,0.9602999999999998,1.0,0.43166967655105276,0.8883309393700362,711.7311809652606,0,0,900,0.0,0,1
20260515_224234,24,e2,Eval-Transferred-OSD+Fuzzy-NoOPCBRS-e2,proxy,0,72.0,1,0.9977777777777778,4.047744110713519,0.0,0.32122837037165874,0.32122837037165874,8,0,0.8164072483612431,0.9590444444444443,0.7579007407665165,0.2370811838688971,0.884696709451231,691.1307106012243,0,0,900,0.0,0,1
20260515_224234,26,e2,Eval-Transferred-OSD+Fuzzy-NoOPCBRS-e2,proxy,0,72.0,2,0.9977777777777778,4.0692208381467925,0.0,0.3333333333333333,0.3333333333333333,8,4,0.8363198138607872,0.9600222222222221,1.0,0.13813324781376643,0.8854706454221859,698.1196781873471,0,0,900,0.0,0,1
20260515_224234,28,e2,Eval-Transferred-OSD+Fuzzy-NoOPCBRS-e2,proxy,0,72.0,0,0.9977777777777778,4.0912832520213485,0.0,0.3333333333333333,0.3333333333333333,8,0,0.8565420023931397,0.9594222222222221,1.0,0.3097369279418557,0.8868885324829845,706.3097408976631,0,0,900,0.0,0,1
20260515_224234,30,e2,Eval-Transferred-OSD+Fuzzy-NoOPCBRS-e2,proxy,0,72.0,0,1.0,4.1083126050796315,0.0,0.3333333333333333,0.3333333333333333,8,3,0.8718637176023589,0.9607444444444443,1.0,0.4301778732762109,0.8883033208507636,712.1267483922337,0,0,900,0.0,0,1
20260515_224234,32,e2,Eval-Transferred-OSD+Fuzzy-NoOPCBRS-e2,proxy,0,72.0,0,0.9977777777777778,4.101018242302275,0.0,0.3333333333333333,0.3333333333333333,8,0,0.8651269562708007,0.9602999999999998,1.0,0.38962089738715155,0.8877703865100105,709.832134309633,0,0,900,0.0,0,1
20260515_224234,34,e2,Eval-Transferred-OSD+Fuzzy-NoOPCBRS-e2,proxy,0,72.0,1,1.0,4.150151588339096,0.0,0.3333333333333333,0.3333333333333333,9,3,0.9065643971165022,0.9497333333333331,1.0,0.7238526294461176,0.8925220247082144,742.0075931866414,0,0,900,0.0,0,1
20260515_224234,36,e2,Eval-Transferred-OSD+Fuzzy-NoOPCBRS-e2,proxy,0,72.0,4,0.9977777777777778,4.102586469380211,0.0,0.3298931645205289,0.3298931645205289,8,0,0.8664636265569263,0.9593333333333333,0.9311966237438924,0.48971569845060803,0.8881259204026454,708.5548957140874,0,0,900,0.0,0,1
20260515_224234,38,e2,Eval-Transferred-OSD+Fuzzy-NoOPCBRS-e2,proxy,0,72.0,0,0.9988888888888889,4.098411841605914,0.0,0.3333333333333333,0.3333333333333333,8,0,0.8630239834388097,0.9605333333333332,1.0,0.360055016990093,0.8873517296797848,708.6643004353901,0,0,900,0.0,0,1
20260515_224234,40,e2,Eval-Transferred-OSD+Fuzzy-NoOPCBRS-e2,proxy,0,72.0,1,0.9955555555555555,4.060627597527509,0.0,0.3333333333333333,0.3333333333333333,8,0,0.828315468662315,0.9594888888888887,1.0,0.06346379311191964,0.8853847473842543,695.5238911447221,0,0,900,0.0,0,1
20260515_224234,42,e2,Eval-Transferred-OSD+Fuzzy-NoOPCBRS-e2,proxy,0,72.0,1,0.9944444444444445,4.066205767260377,0.0,0.3333333333333333,0.3333333333333333,8,0,0.8334385659297308,0.9593555555555554,1.0,0.11654456502823507,0.8855247226460945,696.5991872480977,0,0,900,0.0,0,1
20260515_224234,44,e2,Eval-Transferred-OSD+Fuzzy-NoOPCBRS-e2,proxy,0,72.0,0,0.9988888888888889,4.127669403275077,0.0,0.3333333333333333,0.29333333333333333,8,3,0.8887644649545352,0.9576333333333331,1.0,0.5636717382113695,0.8903796946336693,718.0264299010325,0,0,900,0.0,0,1
20260515_224234,46,e2,Eval-Transferred-OSD+Fuzzy-NoOPCBRS-e2,proxy,0,72.0,0,0.9966666666666667,4.108162075293265,0.0,0.3333333333333333,0.3333333333333333,8,1,0.8717946709526909,0.9611888888888889,1.0,0.42723956775809424,0.888200286534718,712.2936907194381,0,0,900,0.0,0,1
20260515_224234,48,e2,Eval-Transferred-OSD+Fuzzy-NoOPCBRS-e2,proxy,0,72.0,0,1.0,4.078459925215688,0.0,0.3333333333333333,0.3333333333333333,8,0,0.8448990371823311,0.9601555555555554,1.0,0.2097962930020764,0.8858824149846883,701.8472812205304,0,0,900,0.0,0,1
20260515_224234,50,e2,Eval-Transferred-OSD+Fuzzy-NoOPCBRS-e2,proxy,0,72.0,0,0.9977777777777778,4.1078815464364276,0.0,0.3333333333333333,0.3333333333333333,8,3,0.8715506215890249,0.961411111111111,1.0,0.42487751732346246,0.8881597285238279,712.0839850090327,0,0,900,0.0,0,1
20260515_224234,52,e2,Eval-Transferred-OSD+Fuzzy-NoOPCBRS-e2,proxy,0,72.0,2,0.9955555555555555,4.086860447795232,0.0,0.3317652750153328,0.3317652750153328,8,0,0.8525437432858679,0.959711111111111,0.9686388336399746,0.31589289255362624,0.8866144991034862,704.2061160373886,0,0,900,0.0,0,1
20260515_224234,54,e2,Eval-Transferred-OSD+Fuzzy-NoOPCBRS-e2,proxy,0,72.0,2,0.9944444444444445,4.087719564268261,0.0,0.3333333333333333,0.3333333333333333,8,0,0.853210263815191,0.9594888888888887,1.0,0.28779099016000664,0.8868012653063576,704.0242711387917,0,0,900,0.0,0,1
20260515_224234,56,e2,Eval-Transferred-OSD+Fuzzy-NoOPCBRS-e2,proxy,0,72.0,2,0.9966666666666667,4.100786830917368,0.0,0.3333333333333333,0.3333333333333333,8,0,0.8650320714712143,0.9598555555555555,1.0,0.38274667582872457,0.8875780555578278,708.9125756333412,0,0,900,0.0,0,1
20260515_224234,58,e2,Eval-Transferred-OSD+Fuzzy-NoOPCBRS-e2,proxy,0,72.0,0,0.9966666666666667,4.075169718034519,0.0,0.3333333333333333,0.3333333333333333,8,0,0.8417842509680324,0.9608222222222221,1.0,0.18813127611979455,0.8859816953426028,700.7544407734154,0,0,900,0.0,0,1
20260515_224234,60,e2,Eval-Transferred-OSD+Fuzzy-NoOPCBRS-e2,proxy,0,72.0,1,1.0,4.1445815714533305,0.0,0.3333333333333333,0.3333333333333333,9,0,0.9022418723834885,0.9495111111111111,1.0,0.6860428411647399,0.8922756938163745,740.3093641326658,0,0,900,0.0,0,1
20260515_224234,62,e2,Eval-Transferred-OSD+Fuzzy-NoOPCBRS-e2,proxy,0,72.0,1,0.9988888888888889,4.169424493320758,0.0,0.3333333333333333,0.3333333333333333,9,0,0.9225291369689835,0.9502444444444441,1.0,0.8184807169443181,0.8928156072584287,747.5260322234636,0,0,900,0.0,0,1
20260515_224234,64,e2,Eval-Transferred-OSD+Fuzzy-NoOPCBRS-e2,proxy,0,72.0,1,0.9977777777777778,4.0933015993431505,0.0,0.3333333333333333,0.3333333333333333,8,0,0.8582102993130684,0.9596333333333333,1.0,0.3329528743226203,0.8871915152741383,706.5993118755724,0,0,900,0.0,0,1
20260515_224234,66,e2,Eval-Transferred-OSD+Fuzzy-NoOPCBRS-e2,proxy,0,72.0,1,0.9988888888888889,4.117295232457832,0.0,0.3333333333333333,0.3333333333333333,8,1,0.8798358926508162,0.9616333333333332,1.0,0.4892482263548302,0.889028826711906,715.0038780487259,0,0,900,0.0,0,1
20260515_224234,68,e2,Eval-Transferred-OSD+Fuzzy-NoOPCBRS-e2,proxy,0,72.0,1,0.9955555555555555,4.110864701650436,0.0,0.3333333333333333,0.3333333333333333,8,0,0.8741072113646401,0.9602999999999998,1.0,0.4484974749218931,0.88849861357637,712.0919727162848,0,0,900,0.0,0,1
20260515_224234,70,e2,Eval-Transferred-OSD+Fuzzy-NoOPCBRS-e2,proxy,0,72.0,0,0.9988888888888889,4.0996826067791785,0.0,0.3333333333333333,0.3333333333333333,8,0,0.8640921764903599,0.9598555555555555,1.0,0.3731572188322978,0.8875467939664509,709.1132299895266,0,0,900,0.0,0,1
20260515_224234,72,e2,Eval-Transferred-OSD+Fuzzy-NoOPCBRS-e2,proxy,0,72.0,2,1.0,4.065616042169441,0.0,0.3333333333333333,0.3333333333333333,8,0,0.8329794902933968,0.9601555555555554,1.0,0.10598561802774856,0.8853804075417835,696.4530163937126,0,0,900,0.0,0,1
20260515_224234,74,e2,Eval-Transferred-OSD+Fuzzy-NoOPCBRS-e2,proxy,0,72.0,0,0.9988888888888889,4.119340207700864,0.0,0.3333333333333333,0.3333333333333333,8,1,0.8813682228989071,0.9595555555555555,1.0,0.5127173716273161,0.8895960246240363,715.773408248273,0,0,900,0.0,0,1
20260515_224234,76,e2,Eval-Transferred-OSD+Fuzzy-NoOPCBRS-e2,proxy,0,72.0,0,0.9988888888888889,4.1017715340601475,0.0,0.3333333333333333,0.3333333333333333,8,0,0.865959614680873,0.9605222222222223,1.0,0.3866325444803392,0.8877464810144846,709.8029326157712,0,0,900,0.0,0,1
20260515_224234,78,e2,Eval-Transferred-OSD+Fuzzy-NoOPCBRS-e2,proxy,0,72.0,0,1.0,4.110043722913196,0.0,0.3333333333333333,0.3333333333333333,8,7,0.8732621609502369,0.9596333333333333,1.0,0.44773017776100227,0.8885843909486999,712.8345078087061,0,0,900,0.0,0,1
20260515_224234,80,e2,Eval-Transferred-OSD+Fuzzy-NoOPCBRS-e2,proxy,0,72.0,0,1.0,4.10604181516295,0.0,0.3333333333333333,0.3333333333333333,8,0,0.8697774329781532,0.9596333333333333,1.0,0.41710386229096147,0.888070695261229,711.2412403628873,0,0,900,0.0,0,1
20260515_224234,82,e2,Eval-Transferred-OSD+Fuzzy-NoOPCBRS-e2,proxy,0,72.0,2,0.9944444444444445,4.109588991549477,0.0,0.3333333333333333,0.3333333333333333,8,0,0.8730333063006401,0.9607444444444444,1.0,0.43644080931720114,0.8883121316414324,711.619205123485,0,0,900,0.0,0,1
20260515_224234,84,e2,Eval-Transferred-OSD+Fuzzy-NoOPCBRS-e2,proxy,0,72.0,0,0.9966666666666667,4.092181554545349,0.0,0.3333333333333333,0.3333333333333333,8,0,0.8573659130268627,0.9599333333333332,1.0,0.31751914293881245,0.8869504212146548,706.7054746587763,0,0,900,0.0,0,1
20260515_224234,86,e2,Eval-Transferred-OSD+Fuzzy-NoOPCBRS-e2,proxy,0,72.0,0,0.9955555555555555,4.079647541900329,0.0,0.3333333333333333,0.3333333333333333,8,6,0.8460364665256607,0.9605999999999998,1.0,0.21557960265081932,0.8858924518753253,702.1604293280648,0,0,900,0.0,0,1
20260515_224234,88,e2,Eval-Transferred-OSD+Fuzzy-NoOPCBRS-e2,proxy,0,72.0,0,0.9966666666666667,4.15764014569543,0.0,0.3333333333333333,0.3333333333333333,9,6,0.9127531782786051,0.9495777777777774,1.0,0.7601220488061565,0.8928559566861766,744.598890104338,0,0,900,0.0,0,1
20260515_224234,90,e2,Eval-Transferred-OSD+Fuzzy-NoOPCBRS-e2,proxy,0,72.0,2,0.9977777777777778,4.144775069210106,0.0,0.3333333333333333,0.3333333333333333,9,0,0.9024059353603258,0.9495111111111111,1.0,0.6871912521690974,0.8922979853091821,739.9621354969129,0,0,900,0.0,0,1
20260515_224234,92,e2,Eval-Transferred-OSD+Fuzzy-NoOPCBRS-e2,proxy,0,72.0,3,0.9955555555555555,4.077079033858391,0.0,0.3333333333333333,0.3333333333333333,8,2,0.8434791696402761,0.9594999999999999,1.0,0.20612596446028653,0.8861370668591312,700.2076832122117,0,0,900,0.0,0,1
20260515_224234,94,e2,Eval-Transferred-OSD+Fuzzy-NoOPCBRS-e2,proxy,0,72.0,1,0.9988888888888889,4.0770389290286655,0.0,0.3333333333333333,0.3333333333333333,8,8,0.8434937298297882,0.9597999999999998,1.0,0.20406756405196044,0.8860568933371731,701.2689177959277,0,0,900,0.0,0,1
20260515_224234,96,e2,Eval-Transferred-OSD+Fuzzy-NoOPCBRS-e2,proxy,0,72.0,0,0.9988888888888889,4.156030284215534,0.0,0.3333333333333333,0.3333333333333333,9,0,0.9114642087949647,0.9502555555555553,1.0,0.7522054671039761,0.8929101154935991,744.265491884706,0,0,900,0.0,0,1
20260515_224234,98,e2,Eval-Transferred-OSD+Fuzzy-NoOPCBRS-e2,proxy,0,72.0,1,0.9977777777777778,4.073649125210864,0.0,0.3333333333333333,0.3333333333333333,8,3,0.8403358752859963,0.9599333333333332,1.0,0.1764823327006121,0.8860060374969959,700.0217870356232,0,0,900,0.0,0,1
20260515_224234,100,e2,Eval-Transferred-OSD+Fuzzy-NoOPCBRS-e2,proxy,0,72.0,0,0.9977777777777778,4.111314927206113,0.0,0.3333333333333333,0.3333333333333333,8,9,0.8745028082529703,0.9602999999999998,1.0,0.45164184380286093,0.888553483852495,712.9760889669976,0,0,900,0.0,0,1
