run_id,episode,step,time_sec,sim_env_id,policy_name,slam_mode,x,y,z,slam_x,slam_y,slam_z,yaw,slam_yaw,target_index,distance_to_target_m,min_depth_ray,reward,terminated,truncated,feature_count,mu_T,mu_L,mu_W,mu_A,epsilon_mu,adherence_error_m,mu_cvg,coverage_delta,localization_error_m,localization_accurate,drift_event,pre_drift_alert,speed_mps,policy_speed_mps,commanded_speed_mps,osd_speed_cap_mps,action_speed_normalized,osd_speed_vt,mu_slow,mu_medium,mu_fast,motor_power_w,energy_step_wh,op_cbrs_potential,op_cbrs_shaping_reward,illumination_lux,wind_mps,paper_progress,slam_quality,op_cbrs_potential_source
20260514_035650,232,1,0.08,e2,Eval-Transferred-OSD+Fuzzy+OP-CBRS-e2,proxy,-15.483465194702148,-12.478741645812988,9.587759971618652,0.018177248537540436,-0.011559609323740005,-0.009910975582897663,0.6205116189570652,0.06583769699895654,0,5.728370189666748,1.0,0.44182567596435546,0,0,80.0,1.0,1.0,0.9498002889745354,1.0,1.5,0.0,0.0,0.0,0.0,1.0,0.0,0.0,0.0,1.0,0.9901334127352318,0.9901334127352318,1.0,0.9901334127352318,0.00986658726476831,0.019733174529536594,0.9704002382056952,182.7539999485016,0.004061199998855591,1.1899600577949072,0.0,421.67782581844904,0.25099855512732283,0.028365135192871094,1.0,heuristic_fallback
20260514_035650,232,2,0.16,e2,Eval-Transferred-OSD+Fuzzy+OP-CBRS-e2,proxy,-15.456027030944824,-12.443464279174805,9.567441940307617,0.0711691752076149,0.030754994601011276,-0.07851904630661011,0.6772029750452682,0.12730133662475399,0,5.681325912475586,1.0,0.4912517288965296,0,0,80.0,1.0,1.0,0.9498002889745354,0.9944138706972202,1.4930173383715253,0.00837919395416975,0.0,0.0,0.02230585366487503,1.0,0.0,0.0,0.3697825074195862,1.0,0.9895972942950367,0.9895972942950367,1.0,0.9895972942950367,0.01040270570496316,0.020805411409926297,0.9687918828851104,188.9472909464131,0.0041988286876980686,1.171834135220556,-0.04118045876251548,421.67782581844904,0.25099855512732283,0.04704427719116211,1.0,heuristic_fallback
20260514_035650,232,3,0.24,e2,Eval-Transferred-OSD+Fuzzy+OP-CBRS-e2,proxy,-15.421406745910645,-12.398953437805176,9.541791915893555,0.11439721286296844,0.05258093401789665,-0.06251707673072815,0.7227828312794455,0.17529229808264468,0,5.622016429901123,1.0,0.5524192668375949,0,0,80.0,1.0,1.0,0.9498002889745354,0.9851406080027422,1.4814257600034277,0.022289087995886803,0.0,0.0,0.04647732898592949,1.0,0.0,0.0,0.6136730313301086,1.0,0.9887102246261538,0.9887102246261538,1.0,0.9887102246261538,0.011289775373846168,0.02257955074769231,0.9661306738784614,197.82230917547452,0.004396051315010545,1.1513872130561456,-0.03799447393640092,421.67782581844904,0.25099855512732283,0.05930948257446289,1.0,heuristic_fallback
20260514_035650,232,4,0.32,e2,Eval-Transferred-OSD+Fuzzy+OP-CBRS-e2,proxy,-15.382065773010254,-12.348371505737305,9.512622833251953,0.17777235805988312,0.09390873461961746,-0.09927765280008316,0.7594290564902639,0.21295933495218314,0,5.554685592651367,1.0,0.5525995557255942,0,0,80.0,1.0,1.0,0.9498002889745354,0.9734309713045756,1.4667887141307194,0.0398535430431366,0.0,0.0,0.010219747200608253,1.0,0.0,0.0,0.7743662595748901,1.0,0.987595260858255,0.987595260858255,1.0,0.987595260858255,0.01240473914174505,0.024809478283490095,0.9627857825747649,205.75162613998737,0.004572258358666387,1.1756529902205948,-0.08037575293358183,421.67782581844904,0.25099855512732283,0.06733083724975586,1.0,heuristic_fallback
20260514_035650,232,5,0.4,e2,Eval-Transferred-OSD+Fuzzy+OP-CBRS-e2,proxy,-15.339630126953125,-12.293810844421387,9.481131553649902,0.23258374631404877,0.09358655661344528,-0.1269288957118988,0.7888926071589779,0.2438383745288906,0,5.482141971588135,1.0,0.6146046552933313,0,0,80.0,1.0,1.0,0.9498002889745354,0.9601098572214445,1.4501373215268056,0.05983521416783333,0.0,0.0,0.02892369031906128,1.0,0.0,0.0,0.8800787925720215,1.0,0.9863338148745681,0.9863338148745681,1.0,0.9863338148745681,0.01366618512543184,0.027332370250863717,0.9590014446237044,211.8708486628675,0.004708241081397055,1.1582947543609723,-0.04123206671306907,421.67782581844904,0.25099855512732283,0.07254362106323242,1.0,heuristic_fallback
20260514_035650,232,6,0.48,e2,Eval-Transferred-OSD+Fuzzy+OP-CBRS-e2,proxy,-15.295173645019531,-12.236653327941895,9.44810676574707,0.3231775462627411,0.1265169233083725,-0.1485850065946579,0.8125812901818141,0.26421970143851525,0,5.406241416931152,1.0,0.6081144858991732,0,0,80.0,1.0,1.0,0.9498002889745354,0.9457229971885681,1.4321537464857101,0.08141550421714783,0.0,0.0,0.01447120402008295,1.0,0.0,0.0,0.9494587182998657,1.0,0.9849796955915857,0.9849796955915857,1.0,0.9849796955915857,0.015020304408414282,0.03004060881682856,0.9549390867747571,216.27760269734836,0.004806168948829963,1.165537404076987,-0.06441495757482414,421.67782581844904,0.25099855512732283,0.07590055465698242,1.0,heuristic_fallback
20260514_035650,232,7,0.56,e2,Eval-Transferred-OSD+Fuzzy+OP-CBRS-e2,proxy,-15.249407768249512,-12.177811622619629,9.414071083068848,0.384827196598053,0.12308605760335922,-0.17379102110862732,0.8316270098621491,0.2901764225499598,0,5.328211784362793,1.0,0.6273498162483702,0,0,80.0,1.0,1.0,0.9498002889745354,0.930628627538681,1.4132857844233513,0.10405705869197845,0.0,0.0,0.014567023143172264,1.0,0.0,0.0,0.9948306083679199,1.0,0.9835681054658931,0.9835681054658931,1.0,0.9835681054658931,0.01643189453410685,0.03286378906821374,0.9507043163976794,219.32814619493,0.0048739588043317785,1.1616919473221983,-0.053996792520696196,421.67782581844904,0.25099855512732283,0.07802963256835938,1.0,heuristic_fallback
20260514_035650,232,8,0.64,e2,Eval-Transferred-OSD+Fuzzy+OP-CBRS-e2,proxy,-15.202801704406738,-12.117889404296875,9.379915237426758,0.44703951478004456,0.18482239544391632,-0.21504993736743927,0.846939772055823,0.288204868926617,0,5.248929023742676,1.0,0.6381490291107904,0,0,80.0,1.0,1.0,0.9498002889745354,0.9150649607181549,1.3938312008976936,0.12740255892276764,0.0,0.0,0.02407733164727688,1.0,0.0,0.0,1.0243395566940308,1.0,0.9821223124982609,0.9821223124982609,1.0,0.9821223124982609,0.017877687501739157,0.035755375003478355,0.9463669374947825,221.26173590750886,0.004916927464611308,1.1506682992389883,-0.046779373335540865,421.67782581844904,0.25099855512732283,0.07928276062011719,1.0,heuristic_fallback
20260514_035650,232,9,0.72,e2,Eval-Transferred-OSD+Fuzzy+OP-CBRS-e2,proxy,-15.155665397644043,-12.05728530883789,9.346330642700195,0.49554306268692017,0.17821241915225983,-0.23421038687229156,0.8592512302578774,0.31064272467629084,0,5.168971538543701,1.0,0.6285965913179941,0,0,80.0,1.0,1.0,0.9498002889745354,0.8995481928189596,1.3744352410236995,0.15067771077156067,0.0,0.0,0.0164170078933239,1.0,0.0,0.0,1.0405386686325073,1.0,0.9806905670343661,0.9806905670343661,1.0,0.9806905670343661,0.01930943296563403,0.03861886593126807,0.942071701103098,222.20355074890585,0.00493785668330902,1.152534350079654,-0.05883567749861493,421.67782581844904,0.25099855512732283,0.07995748519897461,1.0,heuristic_fallback
20260514_035650,232,10,0.8,e2,Eval-Transferred-OSD+Fuzzy+OP-CBRS-e2,proxy,-15.108201026916504,-11.996260643005371,9.313762664794922,0.5901177525520325,0.21122950315475464,-0.24241818487644196,0.8691496367897141,0.32968822782987983,0,5.088709354400635,1.0,0.6491296746051983,0,0,80.0,1.0,1.0,0.9498002889745354,0.8844885230064392,1.355610653758049,0.1732672154903412,0.0,0.0,0.04017031937837601,1.0,0.0,0.0,1.0475181341171265,1.0,0.9793101591726581,0.9793101591726581,1.0,0.9793101591726581,0.02068984082734182,0.041379681654683684,0.9379304775179744,222.44117749102998,0.004943137277578444,1.130954449012735,-0.03591990383584585,421.67782581844904,0.25099855512732283,0.0802621841430664,1.0,heuristic_fallback
20260514_035650,232,11,0.88,e2,Eval-Transferred-OSD+Fuzzy+OP-CBRS-e2,proxy,-15.060543060302734,-11.934986114501953,9.282485961914062,0.6769377589225769,0.24635863304138184,-0.33749672770500183,0.8771079787469483,0.3360450315759045,0,5.008376121520996,1.0,0.6353693604938687,0,0,80.0,1.0,1.0,0.9498002889745354,0.8701497515042623,1.337687189380328,0.19477537274360657,0.0,0.0,0.04639395698904991,1.0,0.0,0.0,1.04862642288208,1.0,0.9780041359451085,0.9780041359451085,1.0,0.9780041359451085,0.021995864054891477,0.043991728109782906,0.9340124078353256,222.22503720771783,0.004938334160171507,1.1227020279291853,-0.04799109906985023,421.67782581844904,0.25099855512732283,0.08033323287963867,1.0,heuristic_fallback
20260514_035650,232,12,0.96,e2,Eval-Transferred-OSD+Fuzzy+OP-CBRS-e2,proxy,-15.012777328491211,-11.873573303222656,9.252656936645508,0.7329006195068359,0.2854635715484619,-0.3522969186306,0.8835064864873509,0.3584214768324084,0,4.928112983703613,1.0,0.6139682890949807,0,0,80.0,1.0,1.0,0.9498002889745354,0.8566925823688507,1.3208657279610634,0.21496112644672394,0.0,0.0,0.02189757488667965,1.0,0.0,0.0,1.0461325645446777,1.0,0.9767857140467954,0.9767857140467954,1.0,0.9767857140467954,0.02321428595320459,0.04642857190640918,0.9303571421403862,221.73216163687903,0.004927381369708423,1.1377100222221102,-0.07017921456282362,421.67782581844904,0.25099855512732283,0.08026313781738281,1.0,heuristic_fallback
20260514_035650,232,13,1.04,e2,Eval-Transferred-OSD+Fuzzy+OP-CBRS-e2,proxy,-14.964959144592285,-11.812092781066895,9.224350929260254,0.8336836099624634,0.3049716353416443,-0.37612536549568176,0.8886508942263485,0.3349749334957946,0,4.848000526428223,1.0,0.623002892748224,0,0,80.0,1.0,1.0,0.9498002889745354,0.8442073265711466,1.3052591582139332,0.23368901014328003,0.0,0.0,0.0126272551715374,1.0,0.0,0.0,1.04155433177948,1.0,0.9756615583602967,0.9756615583602967,1.0,0.9756615583602967,0.02433844163970329,0.04867688327940655,0.9269846750808901,221.08355471805453,0.004912967882623433,1.1415414480590407,-0.06011509387075636,421.67782581844904,0.25099855512732283,0.08011245727539062,1.0,heuristic_fallback
20260514_035650,232,14,1.12,e2,Eval-Transferred-OSD+Fuzzy+OP-CBRS-e2,proxy,-14.917123794555664,-11.750589370727539,9.197589874267578,0.8831202983856201,0.33109840750694275,-0.3711863160133362,0.8927869990183208,0.33807700806345214,0,4.768082141876221,1.0,0.6307302995182434,0,0,80.0,1.0,1.0,0.9498002889745354,0.8327358365058899,1.2909197956323624,0.25089624524116516,0.0,0.0,0.018086666241288185,1.0,0.0,0.0,1.0358922481536865,1.0,0.9746339569973993,0.9746339569973993,1.0,0.9746339569973993,0.025366043002600647,0.05073208600520129,0.923901870992198,220.359668363295,0.004896881519184333,1.1345790172404135,-0.049774946021290734,421.67782581844904,0.25099855512732283,0.07991838455200195,1.0,heuristic_fallback
20260514_035650,232,15,1.2,e2,Eval-Transferred-OSD+Fuzzy+OP-CBRS-e2,proxy,-14.869292259216309,-11.689091682434082,9.172357559204102,0.9685505628585815,0.3880625069141388,-0.4321860373020172,0.8961124075713006,0.3381189916252134,0,4.688377857208252,1.0,0.6335046048508494,0,0,80.0,1.0,1.0,0.9498002889745354,0.8222865064938863,1.277858133117358,0.26657024025917053,0.0,0.0,0.03185964375734329,1.0,0.0,0.0,1.029793381690979,1.0,0.9737022848751259,0.9737022848751259,1.0,0.9737022848751259,0.026297715124874024,0.05259543024974802,0.9211068546253779,219.61253995292327,0.004880278665620517,1.1216369516003712,-0.04355986498513353,421.67782581844904,0.25099855512732283,0.07970428466796875,1.0,heuristic_fallback
20260514_035650,232,16,1.28,e2,Eval-Transferred-OSD+Fuzzy+OP-CBRS-e2,proxy,-14.821477890014648,-11.627614974975586,9.148613929748535,1.0559618473052979,0.37836721539497375,-0.4414507746696472,0.8987860367380989,0.34314851706204885,0,4.608889579772949,1.0,0.6191567672849517,0,0,80.0,1.0,1.0,0.9498002889745354,0.8128463427225748,1.2660579284032185,0.2807304859161377,0.0,0.0,0.027694787830114365,1.0,0.0,0.0,1.023666262626648,1.0,0.9728641455274704,0.9728641455274704,1.0,0.9728641455274704,0.027135854472529503,0.05427170894505898,0.9185924365824114,218.8747999129123,0.004863884442509163,1.122400552602965,-0.056350828373253094,421.67782581844904,0.25099855512732283,0.07948827743530273,1.0,heuristic_fallback
20260514_035650,232,17,1.36,e2,Eval-Transferred-OSD+Fuzzy+OP-CBRS-e2,proxy,-14.773686408996582,-11.566168785095215,9.12630558013916,1.1076500415802002,0.4323215186595917,-0.48186174035072327,0.9009356067635165,0.3621388198658519,0,4.529610633850098,1.0,0.6190175216357635,0,0,80.0,1.0,1.0,0.9498002889745354,0.8043859004974365,1.2554823756217957,0.2934211492538452,0.0,0.0,0.026009734719991684,1.0,0.0,0.0,1.017758846282959,1.0,0.9721158400533102,0.9721158400533102,1.0,0.9721158400533102,0.027884159946689826,0.055768319893379624,0.9163475201599306,218.16599557008158,0.004848133234890702,1.1215492318792726,-0.05481385423171991,421.67782581844904,0.25099855512732283,0.07927894592285156,1.0,heuristic_fallback
20260514_035650,232,18,1.44,e2,Eval-Transferred-OSD+Fuzzy+OP-CBRS-e2,proxy,-14.725921630859375,-11.504756927490234,9.105369567871094,1.1625243425369263,0.4610815942287445,-0.49493086338043213,0.9026638613098119,0.35483700952046177,0,4.450530529022217,1.0,0.6132034452324725,0,0,80.0,1.0,1.0,0.9498002889745354,0.7968698938687643,1.2460873673359554,0.30469515919685364,0.0,0.0,0.017826950177550316,1.0,0.0,0.0,1.012212872505188,1.0,0.9714533150560375,0.9714533150560375,1.0,0.9714533150560375,0.028546684943962376,0.057093369887924725,0.9143599451681128,217.49705210809816,0.004833267824624403,1.1258073186289355,-0.05974489702910693,421.67782581844904,0.25099855512732283,0.07908010482788086,1.0,heuristic_fallback
20260514_035650,232,19,1.52,e2,Eval-Transferred-OSD+Fuzzy+OP-CBRS-e2,proxy,-14.678184509277344,-11.443380355834961,9.085737228393555,1.2512311935424805,0.48659372329711914,-0.5101524591445923,0.9040533782193694,0.3517101391863323,0,4.371634483337402,1.0,0.6215130479309003,0,0,80.0,1.0,1.0,0.9498002889745354,0.7902558644612631,1.2378198305765789,0.31461620330810547,0.0,0.0,0.024618180468678474,1.0,0.0,0.0,1.0071009397506714,1.0,0.9708720388542008,0.9708720388542008,1.0,0.9708720388542008,0.029127961145799,0.05825592229159797,0.9126161165626029,216.8733087675214,0.004819406861500475,1.119060388558714,-0.04921516342731948,421.67782581844904,0.25099855512732283,0.07889604568481445,1.0,heuristic_fallback
20260514_035650,232,20,1.6,e2,Eval-Transferred-OSD+Fuzzy+OP-CBRS-e2,proxy,-14.630473136901855,-11.382037162780762,9.067339897155762,1.3242075443267822,0.49218547344207764,-0.5434848070144653,0.9051705425616726,0.36775523762557855,0,4.292904853820801,1.0,0.6098388784262123,0,0,80.0,1.0,1.0,0.9498002889745354,0.7844982345898946,1.2306227932373683,0.3232526481151581,0.0,0.0,0.015980171039700508,1.0,0.0,0.0,1.0024505853652954,1.0,0.970367348878854,0.970367348878854,1.0,0.970367348878854,0.02963265112114602,0.05926530224229204,0.9111020466365619,216.29650265620558,0.00480658894791568,1.1240994881626054,-0.060382131503159284,421.67782581844904,0.25099855512732283,0.07872962951660156,1.0,heuristic_fallback
20260514_035650,232,21,1.68,e2,Eval-Transferred-OSD+Fuzzy+OP-CBRS-e2,proxy,-14.582786560058594,-11.32072639465332,9.0501070022583,1.4188886880874634,0.5357268452644348,-0.5533856153488159,0.9060687428292135,0.3667407481643521,0,4.214328289031982,1.0,0.6123804013461855,0,0,80.0,1.0,1.0,0.9498002889745354,0.779552181561788,1.224440226952235,0.3306717276573181,0.0,0.0,0.012663324363529682,1.0,0.0,0.0,0.9982617497444153,1.0,0.9699347767780472,0.9699347767780472,1.0,0.9699347767780472,0.030065223221952875,0.0601304464439058,0.9098043303341414,215.76618404167596,0.0047948040898150215,1.1253506099127069,-0.056945479245683994,421.67782581844904,0.25099855512732283,0.07857656478881836,1.0,heuristic_fallback
20260514_035650,232,22,1.76,e2,Eval-Transferred-OSD+Fuzzy+OP-CBRS-e2,proxy,-14.535122871398926,-11.259444236755371,9.033971786499023,1.4741250276565552,0.5417594909667969,-0.5550556778907776,0.9067909115733143,0.3553960604697414,0,4.135887622833252,1.0,0.620060274497278,0,0,80.0,1.0,1.0,0.9498002889745354,0.7753714720408121,1.2192143400510151,0.33694279193878174,0.0,0.0,0.023026587441563606,1.0,0.0,0.0,0.9945176839828491,1.0,0.9695698430829,0.9695698430829,1.0,0.9695698430829,0.03043015691709999,0.06086031383419999,0.9087095292487,215.28059274427915,0.004784013172095092,1.1165329852239374,-0.04716132474699138,421.67782581844904,0.25099855512732283,0.07844066619873047,1.0,heuristic_fallback
20260514_035650,232,23,1.84,e2,Eval-Transferred-OSD+Fuzzy+OP-CBRS-e2,proxy,-14.487478256225586,-11.198186874389648,9.018867492675781,1.5462759733200073,0.6015917658805847,-0.5506332516670227,0.907371527742788,0.3406213501962711,0,4.057567119598389,1.0,0.6074916423638191,0,0,80.0,1.0,1.0,0.9498002889745354,0.77191162109375,1.2148895263671875,0.342132568359375,0.0,0.0,0.016209807246923447,1.0,0.0,0.0,0.9911918640136719,1.0,0.9692683187883749,0.9692683187883749,1.0,0.9692683187883749,0.030731681211625103,0.06146336242325015,0.9078049563651248,214.8372256574221,0.004774160570164936,1.1207806076331521,-0.05949120125652254,421.67782581844904,0.25099855512732283,0.07832050323486328,1.0,heuristic_fallback
20260514_035650,232,24,1.92,e2,Eval-Transferred-OSD+Fuzzy+OP-CBRS-e2,proxy,-14.439850807189941,-11.13695240020752,9.004731178283691,1.6121083498001099,0.6113281846046448,-0.5914979577064514,0.9078383434472217,0.35871387075686884,0,3.979353904724121,1.0,0.6246097336835348,0,0,80.0,1.0,1.0,0.9498002889745354,0.7691291769345602,1.2114114711682002,0.3463062345981598,0.0,0.0,0.037121668457984924,1.0,0.0,0.0,0.9882537126541138,1.0,0.969026148601994,0.969026148601994,1.0,0.969026148601994,0.03097385139800599,0.06194770279601198,0.907078445805982,214.43326642555667,0.004765183698345704,1.1044011006850585,-0.03949065033612448,421.67782581844904,0.25099855512732283,0.07821321487426758,1.0,heuristic_fallback
20260514_035650,232,25,2.0,e2,Eval-Transferred-OSD+Fuzzy+OP-CBRS-e2,proxy,-14.392237663269043,-11.075736045837402,8.991503715515137,1.6664376258850098,0.6149258017539978,-0.6285967826843262,0.9082136883408639,0.3687957670439619,0,3.9012341499328613,1.0,0.5901408865120609,0,0,80.0,1.0,1.0,0.9498002889745354,0.7669835090637207,1.2087293863296509,0.34952473640441895,0.0,0.0,0.006565042771399021,1.0,0.0,0.0,0.985670268535614,1.0,0.9688395938010396,0.9688395938010396,1.0,0.9688395938010396,0.03116040619896054,0.06232081239792103,0.9065187814031185,214.06574056860075,0.004757016457080016,1.1267821529822881,-0.07635403536788776,421.67782581844904,0.25099855512732283,0.07811975479125977,1.0,heuristic_fallback
20260514_035650,232,26,2.08,e2,Eval-Transferred-OSD+Fuzzy+OP-CBRS-e2,proxy,-14.344636917114258,-11.014534950256348,8.979126930236816,1.734130620956421,0.6662684679031372,-0.6381725072860718,0.9085154832857095,0.3406788698170097,0,3.8231961727142334,1.0,0.6294237399089864,0,0,80.0,1.0,1.0,0.9498002889745354,0.7654356559117635,1.2067945698897045,0.35184651613235474,0.0,0.0,0.03629262372851372,1.0,0.0,0.0,0.9834094643592834,1.0,0.9687051204088417,0.9687051204088417,1.0,0.9687051204088417,0.031294879591158474,0.06258975918231696,0.9061153612265247,213.73175460116738,0.004749594546692609,1.1040995039764627,-0.033553100529700626,421.67782581844904,0.25099855512732283,0.07803797721862793,1.0,heuristic_fallback
20260514_035650,232,27,2.16,e2,Eval-Transferred-OSD+Fuzzy+OP-CBRS-e2,proxy,-14.29704475402832,-10.95334529876709,8.967547416687012,1.8060718774795532,0.6812151074409485,-0.6386455297470093,0.9087581233244602,0.3672462212440382,0,3.7452282905578613,1.0,0.6056530515731056,0,0,80.0,1.0,1.0,0.9498002889745354,0.764447549978892,1.205559437473615,0.353328675031662,0.0,0.0,0.032520003616809845,1.0,0.0,0.0,0.981440007686615,1.0,0.9686193221291656,0.9686193221291656,1.0,0.9686193221291656,0.03138067787083444,0.06276135574166888,0.9058579663874967,213.4284915746813,0.004742855368326251,1.1066819425770227,-0.057267976567559185,421.67782581844904,0.25099855512732283,0.07796788215637207,1.0,heuristic_fallback
20260514_035650,232,28,2.24,e2,Eval-Transferred-OSD+Fuzzy+OP-CBRS-e2,proxy,-14.249459266662598,-10.89216423034668,8.956714630126953,1.8786207437515259,0.7186717987060547,-0.6341097354888916,0.9089532158352135,0.36160489810256946,0,3.667320489883423,1.0,0.606127993918684,0,0,80.0,1.0,1.0,0.9498002889745354,0.7639846404393514,1.2049808005491893,0.3540230393409729,0.0,0.0,0.02983224391937256,1.0,0.0,0.0,0.9797330498695374,1.0,0.968579139462477,0.968579139462477,1.0,0.968579139462477,0.03142086053752309,0.06284172107504622,0.9057374183874307,213.1533347567257,0.004736740772371683,1.1085820349652156,-0.056729424600091304,421.67782581844904,0.25099855512732283,0.07790780067443848,1.0,heuristic_fallback
20260514_035650,232,29,2.32,e2,Eval-Transferred-OSD+Fuzzy+OP-CBRS-e2,proxy,-14.201878547668457,-10.830988883972168,8.946581840515137,1.9417921304702759,0.7607865333557129,-0.6764325499534607,0.909110080552972,0.36703224786991684,0,3.5894641876220703,1.0,0.6073683674040432,0,0,80.0,1.0,1.0,0.9498002889745354,0.7640135486920675,1.2050169358650844,0.3539796769618988,0.0,0.0,0.029405051842331886,1.0,0.0,0.0,0.9782615900039673,1.0,0.9685816486022536,0.9685816486022536,1.0,0.9685816486022536,0.031418351397746534,0.06283670279549311,0.9057449458067605,212.90383034326487,0.004731196229850331,1.108909656086175,-0.05528979638372066,421.67782581844904,0.25099855512732283,0.07785630226135254,1.0,heuristic_fallback
20260514_035650,232,30,2.4,e2,Eval-Transferred-OSD+Fuzzy+OP-CBRS-e2,proxy,-14.15429973602295,-10.769816398620605,8.937103271484375,2.0686354637145996,0.7727530598640442,-0.6986358761787415,0.9092361968586744,0.36820342264640177,0,3.511650323867798,1.0,0.6184351339190036,0,0,80.0,1.0,1.0,0.9498002889745354,0.764504075050354,1.2056300938129425,0.353243887424469,0.0,0.0,0.046772442758083344,1.0,0.0,0.0,0.9770013689994812,1.0,0.9686242292997318,0.9686242292997318,1.0,0.9686242292997318,0.03137577070026815,0.06275154140053635,0.9058726878991955,212.67774742272843,0.004726172164949521,1.0960067444889332,-0.042334287639254384,421.67782581844904,0.25099855512732283,0.07781386375427246,1.0,heuristic_fallback
20260514_035650,232,31,2.48,e2,Eval-Transferred-OSD+Fuzzy+OP-CBRS-e2,proxy,-14.106720924377441,-10.708643913269043,8.928236961364746,2.1160683631896973,0.7648371458053589,-0.6789066791534424,0.9093376053277576,0.3559219514148216,0,3.433870792388916,1.0,0.6016073734090557,0,0,80.0,1.0,1.0,0.9498002889745354,0.7654260198275248,1.206782524784406,0.35186097025871277,0.0,0.0,0.03961222991347313,1.0,0.0,0.0,0.9759302735328674,1.0,0.9687042835253904,0.9687042835253904,1.0,0.9687042835253904,0.031295716474609686,0.06259143294921941,0.906112850576171,212.47303073661544,0.004721622905258121,1.1016073903166834,-0.059808423047577795,421.67782581844904,0.25099855512732283,0.07777953147888184,1.0,heuristic_fallback
20260514_035650,232,32,2.56,e2,Eval-Transferred-OSD+Fuzzy+OP-CBRS-e2,proxy,-14.059141159057617,-10.647469520568848,8.919943809509277,2.190436601638794,0.8321548104286194,-0.7135838270187378,0.9094191491912135,0.36399833953670147,0,3.3561203479766846,1.0,0.6040217648795795,0,0,80.0,1.0,1.0,0.9498002889745354,0.7667524218559265,1.2084405273199081,0.34987136721611023,0.0,0.0,0.035748425871133804,1.0,0.0,0.0,0.9750282764434814,1.0,0.9688195119963415,0.9688195119963415,1.0,0.9688195119963415,0.03118048800365862,0.062360976007317215,0.9064585359890243,212.28780062253827,0.004717506680500851,1.1048368438555385,-0.05777627514850216,421.67782581844904,0.25099855512732283,0.07775044441223145,1.0,heuristic_fallback
20260514_035650,232,33,2.64,e2,Eval-Transferred-OSD+Fuzzy+OP-CBRS-e2,proxy,-14.011557579040527,-10.58629035949707,8.912186622619629,2.2665812969207764,0.8311353921890259,-0.6955815553665161,0.9094846980015173,0.3496412912985592,0,3.278390884399414,1.0,0.6059525076926814,0,0,80.0,1.0,1.0,0.9498002889745354,0.7684569756189982,1.2105712195237477,0.3473145365715027,0.0,0.0,0.034614693373441696,1.0,0.0,0.0,0.974277675151825,1.0,0.9689676860359856,0.9689676860359856,1.0,0.9689676860359856,0.031032313964014395,0.06206462792802876,0.9069030581079568,212.12036592925244,0.004713785909538943,1.1061132816695753,-0.05603209270664142,421.67782581844904,0.25099855512732283,0.07772946357727051,1.0,heuristic_fallback
20260514_035650,232,34,2.72,e2,Eval-Transferred-OSD+Fuzzy+OP-CBRS-e2,proxy,-13.963968276977539,-10.525103569030762,8.90493106842041,2.3629586696624756,0.8971953392028809,-0.689858078956604,0.9095373912035211,0.36857497413801904,0,3.200676441192627,1.0,0.599983238622105,0,0,80.0,1.0,1.0,0.9498002889745354,0.7705158789952596,1.2131448487440746,0.3442261815071106,0.0,0.0,0.023815017193555832,1.0,0.0,0.0,0.973662257194519,1.0,0.9691468048460339,0.9691468048460339,1.0,0.9691468048460339,0.030853195153965972,0.061706390307931944,0.907440414538102,211.96916750612627,0.004710425944580585,1.1147277646485552,-0.0632188514856608,421.67782581844904,0.25099855512732283,0.07771444320678711,1.0,heuristic_fallback
20260514_035650,232,35,2.8,e2,Eval-Transferred-OSD+Fuzzy+OP-CBRS-e2,proxy,-13.916372299194336,-10.463908195495605,8.898144721984863,2.4003095626831055,0.9234983325004578,-0.6938570141792297,0.9095797378574045,0.35896887049116,0,3.1229727268218994,1.0,0.6097504651013845,0,0,80.0,1.0,1.0,0.9498002889745354,0.7729073564211527,1.2161341955264409,0.3406389653682709,0.0,0.0,0.02731269784271717,1.0,0.0,0.0,0.9731680154800415,1.0,0.9693550516079144,0.9693550516079144,1.0,0.9693550516079144,0.0306449483920855,0.06128989678417098,0.9080651548237434,211.83282183757956,0.004707396040835102,1.1127023735181574,-0.0532933005839854,421.67782581844904,0.25099855512732283,0.07770371437072754,1.0,heuristic_fallback
20260514_035650,232,36,2.88,e2,Eval-Transferred-OSD+Fuzzy+OP-CBRS-e2,proxy,-13.868767738342285,-10.402701377868652,8.891797065734863,2.49039363861084,0.913756787776947,-0.721104621887207,0.9096137649589381,0.37159114327999876,0,3.045273780822754,1.0,0.6043212582210862,0,0,80.0,1.0,1.0,0.9498002889745354,0.7756096522013346,1.2195120652516682,0.33658552169799805,0.0,0.0,0.022318867966532707,1.0,0.0,0.0,0.9727822542190552,1.0,0.969590616536493,0.969590616536493,1.0,0.969590616536493,0.030409383463506915,0.06081876692701388,0.9087718496094792,211.71006123864254,0.0047046680275253895,1.1171233198703412,-0.05947352047424247,421.67782581844904,0.25099855512732283,0.07769894599914551,1.0,heuristic_fallback
20260514_035650,232,37,2.96,e2,Eval-Transferred-OSD+Fuzzy+OP-CBRS-e2,proxy,-13.821152687072754,-10.341482162475586,8.885859489440918,2.5252528190612793,0.9844273328781128,-0.6920874714851379,0.9096410859840514,0.3471935265262081,0,2.967576026916504,1.0,0.610646028865718,0,0,80.0,1.0,1.0,0.9498002889745354,0.778602659702301,1.2232533246278763,0.33209601044654846,0.0,0.0,0.02541627362370491,1.0,0.0,0.0,0.972493588924408,1.0,0.96985183666087,0.96985183666087,1.0,0.96985183666087,0.030148163339129938,0.06029632667825991,0.9095555099826101,211.59973096578517,0.004702216243684116,1.1155485175027038,-0.0538503043916331,421.67782581844904,0.25099855512732283,0.07769775390625,1.0,heuristic_fallback
20260514_035650,232,38,3.04,e2,Eval-Transferred-OSD+Fuzzy+OP-CBRS-e2,proxy,-13.773526191711426,-10.280248641967773,8.880306243896484,2.651726722717285,0.995039701461792,-0.711945116519928,0.9096630576149244,0.36313072009338665,0,2.8898749351501465,1.0,0.6236348549809817,0,0,80.0,1.0,1.0,0.9498002889745354,0.7818679014841715,1.2273348768552144,0.3271981477737427,0.0,0.0,0.04616798087954521,1.0,0.0,0.0,0.9722920656204224,1.0,0.9701371927305734,0.9701371927305734,1.0,0.9701371927305734,0.029862807269426646,0.05972561453885329,0.9104115781917201,211.5007946464616,0.004700017658810257,1.100801047506291,-0.040843031829166696,421.67782581844904,0.25099855512732283,0.07770109176635742,1.0,heuristic_fallback
20260514_035650,232,39,3.12,e2,Eval-Transferred-OSD+Fuzzy+OP-CBRS-e2,proxy,-13.725887298583984,-10.218997955322266,8.87511157989502,2.7043957710266113,1.0021740198135376,-0.7230387330055237,0.9096807456549408,0.36858316554313636,0,2.812166690826416,1.0,0.5958498077569212,0,0,80.0,1.0,1.0,0.9498002889745354,0.7853887478510538,1.2317359348138173,0.3219168782234192,0.0,0.0,0.021700376644730568,1.0,0.0,0.0,0.9721687436103821,1.0,0.9704453273807186,0.9704453273807186,1.0,0.9704453273807186,0.029554672619281356,0.05910934523856271,0.9113359821421559,211.41231041217281,0.0046980513424927295,1.1200319622741226,-0.07317588010322414,421.67782581844904,0.25099855512732283,0.07770824432373047,1.0,heuristic_fallback
20260514_035650,232,40,3.2,e2,Eval-Transferred-OSD+Fuzzy+OP-CBRS-e2,proxy,-13.678234100341797,-10.157730102539062,8.870253562927246,2.760092258453369,1.0613203048706055,-0.7256410121917725,0.9096949384636375,0.35880968434671784,0,2.734447717666626,1.0,0.6106656112254218,0,0,80.0,1.0,1.0,0.9498002889745354,0.7891477346420288,1.236434668302536,0.3162783980369568,0.0,0.0,0.01524641364812851,1.0,0.0,0.0,0.972115695476532,1.0,0.9707748093735948,0.9707748093735948,1.0,0.9707748093735948,0.029225190626405054,0.05845038125281012,0.9123244281207847,211.3334208353309,0.004696298240785132,1.125812181219318,-0.061148026099280696,421.67782581844904,0.25099855512732283,0.07771897315979004,1.0,heuristic_fallback
20260514_035650,232,41,3.28,e2,Eval-Transferred-OSD+Fuzzy+OP-CBRS-e2,proxy,-13.630566596984863,-10.096443176269531,8.86570930480957,2.8467440605163574,1.0665123462677002,-0.7553055286407471,0.9097063734711657,0.3701262724859115,0,2.6567158699035645,1.0,0.6229828003190516,0,0,80.0,1.0,1.0,0.9498002889745354,0.793131430943807,1.2414142886797588,0.31030285358428955,0.0,0.0,0.024375198408961296,1.0,0.0,0.0,0.9721258878707886,1.0,0.9711245592145302,0.9711245592145302,1.0,0.9711245592145302,0.028875440785469685,0.057750881570939404,0.9133736776435908,211.26335448105283,0.004694741210690063,1.119961516724138,-0.05009362758095304,421.67782581844904,0.25099855512732283,0.07773184776306152,1.0,heuristic_fallback
20260514_035650,232,42,3.36,e2,Eval-Transferred-OSD+Fuzzy+OP-CBRS-e2,proxy,-13.58288288116455,-10.035135269165039,8.861458778381348,2.9188942909240723,1.1019564867019653,-0.7120210528373718,0.9097155617458579,0.3673807023203254,0,2.5789670944213867,1.0,0.6172253088935169,0,0,80.0,1.0,1.0,0.9498002889745354,0.7973244786262512,1.246655598282814,0.30401328206062317,0.0,0.0,0.021959304809570312,1.0,0.0,0.0,0.9721930623054504,1.0,0.9714933261552167,0.9714933261552167,1.0,0.9714933261552167,0.028506673844783302,0.057013347689566646,0.91447997846565,211.2014040235764,0.004693364533857253,1.1228216988442923,-0.05830962692388243,421.67782581844904,0.25099855512732283,0.07774877548217773,1.0,heuristic_fallback
20260514_035650,232,43,3.44,e2,Eval-Transferred-OSD+Fuzzy+OP-CBRS-e2,proxy,-13.535181999206543,-9.97380542755127,8.857483863830566,3.011035919189453,1.1476918458938599,-0.7367022037506104,0.9097229369593428,0.3599438899663784,0,2.5011990070343018,1.0,0.6241886027024248,0,0,80.0,1.0,1.0,0.9498002889745354,0.8017138242721558,1.2521422803401947,0.29742926359176636,0.0,0.0,0.026929153129458427,1.0,0.0,0.0,0.9723116159439087,1.0,0.9718800587580385,0.9718800587580385,1.0,0.9718800587580385,0.02811994124196147,0.056239882483922914,0.9156401762741156,211.1469258973343,0.004692153908829651,1.1201916490158523,-0.053097957764088974,421.67782581844904,0.25099855512732283,0.07776808738708496,1.0,heuristic_fallback
20260514_035650,232,44,3.52,e2,Eval-Transferred-OSD+Fuzzy+OP-CBRS-e2,proxy,-13.487462997436523,-9.912452697753906,8.853765487670898,3.0982840061187744,1.141014575958252,-0.7272491455078125,0.9097288602723768,0.36372323701492015,0,2.4234092235565186,1.0,0.6228392354381646,0,0,80.0,1.0,1.0,0.9498002889745354,0.8062881628672282,1.2578602035840352,0.2905677556991577,0.0,0.0,0.026808494701981544,1.0,0.0,0.0,0.972476601600647,1.0,0.9722838565581429,0.9722838565581429,1.0,0.9722838565581429,0.027716143441857112,0.05543228688371428,0.9168515696744286,211.09934065203242,0.004691096458934054,1.121425727485228,-0.056738647137201635,421.67782581844904,0.25099855512732283,0.0777897834777832,1.0,heuristic_fallback
20260514_035650,232,45,3.6,e2,Eval-Transferred-OSD+Fuzzy+OP-CBRS-e2,proxy,-13.439724922180176,-9.851075172424316,8.850287437438965,3.1405293941497803,1.1632698774337769,-0.7666144967079163,0.9097336361490732,0.35937501422448975,0,2.345594882965088,1.0,0.6321347531991511,0,0,80.0,1.0,1.0,0.9498002889745354,0.8110338648160299,1.2637923310200374,0.2834492027759552,0.0,0.0,0.03786478564143181,1.0,0.0,0.0,0.9726837277412415,1.0,0.9727036100807931,0.9727036100807931,1.0,0.9727036100807931,0.027296389919206906,0.05459277983841386,0.9181108302423793,211.05812081875513,0.004690180462639003,1.1143199347678407,-0.04864851753458585,421.67782581844904,0.25099855512732283,0.07781434059143066,1.0,heuristic_fallback
20260514_035650,232,46,3.68,e2,Eval-Transferred-OSD+Fuzzy+OP-CBRS-e2,proxy,-13.391966819763184,-9.7896728515625,8.847034454345703,3.1753132343292236,1.2273980379104614,-0.7662308812141418,0.9097374764026618,0.36915653216713096,0,2.2677550315856934,1.0,0.6184693857162209,0,0,80.0,1.0,1.0,0.9498002889745354,0.8159415324529012,1.2699269155661266,0.2760877013206482,0.0,0.0,0.02478623390197754,1.0,0.0,0.0,0.9729288816452026,1.0,0.9731385796488189,0.9731385796488189,1.0,0.9731385796488189,0.026861420351181022,0.05372284070236208,0.9194157389464568,211.02276984778337,0.004689394885506297,1.1253557654816493,-0.06595409007501588,421.67782581844904,0.25099855512732283,0.07783985137939453,1.0,heuristic_fallback
20260514_035650,232,47,3.76,e2,Eval-Transferred-OSD+Fuzzy+OP-CBRS-e2,proxy,-13.344188690185547,-9.728243827819824,8.843992233276367,3.2672460079193115,1.2321678400039673,-0.7499774098396301,0.9097406150613201,0.33590468271489016,0,2.189887046813965,1.0,0.6424475097351391,0,0,80.0,1.0,1.0,0.9498002889745354,0.8210005362828573,1.2762506703535716,0.2684991955757141,0.0,0.0,0.04476756975054741,1.0,0.0,0.0,0.9732086062431335,1.0,0.9735879127517423,0.9735879127517423,1.0,0.9735879127517423,0.02641208724825762,0.05282417449651521,0.9207637382552271,210.99284896540223,0.004688729977008938,1.111634514552711,-0.04233819574682734,421.67782581844904,0.25099855512732283,0.07786798477172852,1.0,heuristic_fallback
20260514_035650,232,48,3.84,e2,Eval-Transferred-OSD+Fuzzy+OP-CBRS-e2,proxy,-13.29638957977295,-9.666787147521973,8.841146469116211,3.3810298442840576,1.2886600494384766,-0.7482448220252991,0.9097431408559739,0.35117756060225763,0,2.1119892597198486,1.0,0.6157698454189567,0,0,80.0,1.0,1.0,0.9498002889745354,0.8262020746866862,1.2827525933583577,0.2606968879699707,0.0,0.0,0.02070484310388565,1.0,0.0,0.0,0.9735199213027954,1.0,0.9740509149226653,0.9740509149226653,1.0,0.9740509149226653,0.025949085077334837,0.05189817015466963,0.9221527447679956,210.96796439392028,0.004688176986531562,1.1309819441386644,-0.07380504949606771,421.67782581844904,0.25099855512732283,0.07789778709411621,1.0,heuristic_fallback
20260514_035650,232,49,3.92,e2,Eval-Transferred-OSD+Fuzzy+OP-CBRS-e2,proxy,-13.248568534851074,-9.605302810668945,8.838484764099121,3.4307708740234375,1.2912834882736206,-0.7526096701622009,0.9097451352605315,0.36563173243273817,0,2.034060478210449,1.0,0.6434801529507422,0,0,80.0,1.0,1.0,0.9498002889745354,0.8315365513165792,1.289420689145724,0.2526951730251312,0.0,0.0,0.03470132127404213,1.0,0.0,0.0,0.9738598465919495,1.0,0.9745268167473575,0.9745268167473575,1.0,0.9745268167473575,0.025473183252642424,0.05094636650528482,0.9235804502420727,210.9477324476976,0.004687727387726613,1.1218182046685203,-0.04709794707987855,421.67782581844904,0.25099855512732283,0.07792878150939941,1.0,heuristic_fallback
20260514_035650,232,50,4.0,e2,Eval-Transferred-OSD+Fuzzy+OP-CBRS-e2,proxy,-13.200724601745605,-9.54378890991211,8.8359956741333,3.509477138519287,1.3116575479507446,-0.7789809703826904,0.9097467318900597,0.368230757856736,1,1.956097960472107,1.0,18.620090546990145,0,0,80.0,1.0,1.0,0.9498002889745354,0.8369956215222677,1.2962445269028346,0.2445065677165985,0.0,0.0,0.009061906486749649,1.0,0.0,0.0,0.9742260575294495,1.0,0.9750149557591667,0.9750149557591667,1.0,0.9750149557591667,0.02498504424083323,0.04997008848166646,0.9250448672775002,210.93182511679345,0.004687373891484299,1.1424125333104118,-0.07548125807473136,421.67782581844904,0.25099855512732283,0.07796251773834229,1.0,heuristic_fallback
20260514_035650,232,51,4.08,e2,Eval-Transferred-OSD+Fuzzy+OP-CBRS-e2,proxy,-13.16610050201416,-9.476430892944336,8.840331077575684,3.5494303703308105,1.3775278329849243,-0.7530017495155334,1.0170877555999984,0.4761570026949908,1,10.545676231384277,1.0,0.5629402054868895,0,0,80.0,1.0,1.0,0.9498002889745354,1.0,1.5,0.0,0.0,0.0,0.016947796568274498,1.0,0.0,0.0,0.9746161103248596,1.0,0.9901334127352318,0.9901334127352318,1.0,0.9901334127352318,0.00986658726476831,0.019733174529536594,0.9704002382056952,211.37157699610918,0.004697146155469093,1.1772492103687013,-0.08989821035188855,421.67782581844904,0.25099855512732283,0.0709066390991211,1.0,heuristic_fallback
20260514_035650,232,52,4.16,e2,Eval-Transferred-OSD+Fuzzy+OP-CBRS-e2,proxy,-13.140274047851562,-9.405254364013672,8.849088668823242,3.6346232891082764,1.4252434968948364,-0.7781063914299011,1.1038878874689255,0.5428569820162222,1,10.471871376037598,1.0,0.6194659494100816,0,0,80.0,1.0,1.0,0.9498002889745354,0.9820842333137989,1.4776052916422486,0.026873650029301643,0.0,0.0,0.029353832826018333,1.0,0.0,0.0,0.9482486248016357,1.0,0.9884186492623848,0.9884186492623848,1.0,0.9884186492623848,0.011581350737615154,0.023162701475230304,0.9652559477871545,210.74408249689623,0.004683201833264361,1.1634657415038432,-0.04483136737209493,421.67782581844904,0.25099855512732283,0.07380485534667969,1.0,heuristic_fallback
20260514_035650,232,53,4.24,e2,Eval-Transferred-OSD+Fuzzy+OP-CBRS-e2,proxy,-13.1203031539917,-9.331584930419922,8.860597610473633,3.648862361907959,1.4509990215301514,-0.733369767665863,1.1740083802957877,0.6293560755891487,1,10.3961763381958,1.0,0.6210241391281747,0,0,79.0,1.0,1.0,0.9498002889745354,0.9698304856816927,1.4622881071021159,0.04525427147746086,0.0,0.0,0.03434694558382034,1.0,0.0,0.0,0.9527700543403625,1.0,0.987253584066885,0.987253584066885,1.0,0.987253584066885,0.012746415933114916,0.025492831866229807,0.9617607522006552,211.63827622761994,0.004703072805058221,1.156657470027465,-0.050999404090597035,421.67782581844904,0.25099855512732283,0.07569503784179688,1.0,heuristic_fallback
20260514_035650,232,54,4.32,e2,Eval-Transferred-OSD+Fuzzy+OP-CBRS-e2,proxy,-13.104229927062988,-9.2562894821167,8.873703956604004,3.765070915222168,1.5058037042617798,-0.7406792640686035,1.2306083170355675,0.6747710470904691,1,10.319260597229004,1.0,0.6237972880622922,0,0,79.0,1.0,1.0,0.9498002889745354,0.9608347391088804,1.4510434238861005,0.05874789133667946,0.0,0.0,0.03702254220843315,1.0,0.0,0.0,0.9648931622505188,1.0,0.9864022681890523,0.9864022681890523,1.0,0.9864022681890523,0.013597731810947682,0.027195463621895365,0.9592068045671569,212.74154389267017,0.0047275898642815594,1.1524018359158024,-0.05316263646173693,421.67782581844904,0.25099855512732283,0.07691574096679688,1.0,heuristic_fallback
20260514_035650,232,55,4.4,e2,Eval-Transferred-OSD+Fuzzy+OP-CBRS-e2,proxy,-13.090751647949219,-9.179936408996582,8.887615203857422,3.8156938552856445,1.5795540809631348,-0.7070214748382568,1.2762640568564732,0.7236174950957297,1,10.24156665802002,1.0,0.6213713861705747,0,0,77.0,1.0,1.0,0.9498002889745354,0.953576902548472,1.44197112818559,0.06963464617729187,0.0,0.0,0.03159885108470917,1.0,0.0,0.0,0.9762474298477173,1.0,0.9857178634725914,0.9857178634725914,1.0,0.9857178634725914,0.014282136527408687,0.028564273054817325,0.957153590417774,213.62784172861257,0.004747285371746945,1.1546551451184932,-0.059296115020723406,421.67782581844904,0.25099855512732283,0.07769393920898438,1.0,heuristic_fallback
20260514_035650,232,56,4.48,e2,Eval-Transferred-OSD+Fuzzy+OP-CBRS-e2,proxy,-13.079001426696777,-9.102901458740234,8.901792526245117,3.8537003993988037,1.6248373985290527,-0.673427164554596,1.3130713490419006,0.7683001040815772,1,10.163389205932617,1.0,0.6246081989899396,0,0,77.0,1.0,1.0,0.9498002889745354,0.9471673170725504,1.433959146340688,0.07924902439117432,0.0,0.0,0.028215188533067703,1.0,0.0,0.0,0.9846407771110535,1.0,0.9851152532459565,0.9851152532459565,1.0,0.9851152532459565,0.01488474675404366,0.02976949350808727,0.9553457597378692,214.21438222665813,0.004760319605036848,1.155590495663244,-0.058124737708418896,421.67782581844904,0.25099855512732283,0.07817745208740234,1.0,heuristic_fallback
20260514_035650,232,57,4.56,e2,Eval-Transferred-OSD+Fuzzy+OP-CBRS-e2,proxy,-13.068402290344238,-9.025429725646973,8.915875434875488,3.936353921890259,1.707161784172058,-0.6763781905174255,1.342731471014741,0.7989547673879611,1,10.084917068481445,1.0,0.6283419145347132,0,0,76.0,1.0,1.0,0.9498002889745354,0.9411399265130361,1.4264249081412952,0.08829011023044586,0.0,0.0,0.029114220291376114,1.0,0.0,0.0,0.9900689125061035,1.0,0.9845501141952929,0.9845501141952929,1.0,0.9845501141952929,0.01544988580470705,0.03089977160941405,0.9536503425858789,214.5361691235521,0.004767470424967825,1.153409374204634,-0.055135416648846976,421.67782581844904,0.25099855512732283,0.07847213745117188,1.0,heuristic_fallback
20260514_035650,232,58,4.64,e2,Eval-Transferred-OSD+Fuzzy+OP-CBRS-e2,proxy,-13.058570861816406,-8.947684288024902,8.929627418518066,3.9250526428222656,1.7421244382858276,-0.6752070188522339,1.366623153252692,0.8245429180269636,1,10.00627613067627,1.0,0.6415644265409591,0,0,72.0,1.0,1.0,0.9498002889745354,0.9352933913469315,1.4191167391836643,0.09705991297960281,0.0,0.0,0.050468288362026215,1.0,0.0,0.0,0.9931427836418152,1.0,0.9840033514249446,0.9840033514249446,1.0,0.9840033514249446,0.01599664857505546,0.03199329715011087,0.9520100542748337,214.6569088954085,0.004770153531009078,1.1359321893601204,-0.04001752455365657,421.67782581844904,0.25099855512732283,0.07864093780517578,1.0,heuristic_fallback
20260514_035650,232,59,4.72,e2,Eval-Transferred-OSD+Fuzzy+OP-CBRS-e2,proxy,-13.049251556396484,-8.869771957397461,8.942899703979492,3.9838180541992188,1.8423373699188232,-0.6615630984306335,1.385862188229566,0.8391497482800125,1,9.9275484085083,1.0,0.6058740376724923,0,0,67.0,1.0,1.0,0.9498002889745354,0.9295716633399328,1.411964579174916,0.10564250499010086,0.0,0.0,0.017278388142585754,1.0,0.0,0.0,0.9945281744003296,1.0,0.9834696082393428,0.9834696082393428,1.0,0.9834696082393428,0.016530391760657164,0.0330607835213143,0.9504088247180285,214.63705151588192,0.004769712255908487,1.159394182522951,-0.07888082295527828,421.67782581844904,0.25099855512732283,0.07872772216796875,1.0,heuristic_fallback
20260514_035650,232,60,4.8,e2,Eval-Transferred-OSD+Fuzzy+OP-CBRS-e2,proxy,-13.040274620056152,-8.791763305664062,8.955602645874023,4.041532516479492,1.8459012508392334,-0.6441655158996582,1.401350565681855,0.8518054581893176,1,9.848786354064941,1.0,0.6356794248694625,0,0,64.0,1.0,1.0,0.9498002889745354,0.9239862610896429,1.4049828263620536,0.11402060836553574,0.0,0.0,0.028955278918147087,1.0,0.0,0.0,0.9947773814201355,1.0,0.9829498631309692,0.9829498631309692,1.0,0.9829498631309692,0.017050136869030768,0.03410027373806151,0.9488495893929076,214.52479306185262,0.004767217623596724,1.1492401638787075,-0.047520417295502174,421.67782581844904,0.25099855512732283,0.07876205444335938,1.0,heuristic_fallback
20260514_035650,232,61,4.88,e2,Eval-Transferred-OSD+Fuzzy+OP-CBRS-e2,proxy,-13.031526565551758,-8.713705062866211,8.967687606811523,4.0736823081970215,1.9617806673049927,-0.6292424201965332,1.4138167571272695,0.8448302260578422,1,9.770023345947266,1.0,0.6279817385039803,0,0,62.0,1.0,1.0,0.9498002889745354,0.9185743232568105,1.3982179040710132,0.12213851511478424,0.0,0.0,0.03045589104294777,1.0,0.0,0.0,0.9943026900291443,1.0,0.9824474625571414,0.9824474625571414,1.0,0.9824474625571414,0.017552537442858458,0.03510507488571696,0.9473423876714245,214.35559841847146,0.0047634577426327,1.146761720326899,-0.05453567022241781,421.67782581844904,0.25099855512732283,0.07876300811767578,1.0,heuristic_fallback
20260514_035650,232,62,4.96,e2,Eval-Transferred-OSD+Fuzzy+OP-CBRS-e2,proxy,-13.022932052612305,-8.635625839233398,8.979135513305664,4.135010719299316,1.9795536994934082,-0.6177598834037781,1.423848656767156,0.8887351381173316,1,9.691277503967285,1.0,0.5083441758396472,0,0,60.0,1.0,1.0,0.9498002889745354,0.9133759339650472,1.391719917456309,0.1299360990524292,0.08333333333333333,0.08333333333333333,0.026206914335489273,1.0,0.0,0.0,0.9933949708938599,1.0,0.9819659970001553,0.9819659970001553,1.0,0.9819659970001553,0.01803400299984466,0.03606800599968927,0.945897991000466,214.15436275304864,0.004758985838956637,1.3153155222012185,-0.19899907428281657,421.67782581844904,0.25099855512732283,0.07874584197998047,1.0,heuristic_fallback
20260514_035650,232,63,5.04,e2,Eval-Transferred-OSD+Fuzzy+OP-CBRS-e2,proxy,-13.01444149017334,-8.55754566192627,8.989944458007812,4.189942836761475,2.0562708377838135,-0.6034767031669617,1.4319203998186294,0.882913531658285,1,9.612564086914062,1.0,0.61445690224808,0,0,57.0,1.0,1.0,0.9498002889745354,0.9084247450033823,1.3855309312542279,0.13736288249492645,0.08333333333333333,0.0,0.020705049857497215,1.0,0.0,0.0,0.9922521710395813,1.0,0.9815084354070364,0.9815084354070364,1.0,0.9815084354070364,0.01849156459296368,0.03698312918592731,0.9445253062211091,213.93799625309578,0.0047541776945132395,1.3182041233192965,-0.06778718506402973,421.67782581844904,0.25099855512732283,0.07871341705322266,1.0,heuristic_fallback
20260514_035650,232,64,5.12,e2,Eval-Transferred-OSD+Fuzzy+OP-CBRS-e2,proxy,-13.006021499633789,-8.479476928710938,9.000125885009766,4.208690643310547,2.1044538021087646,-0.6175026297569275,1.4384141665544747,0.9099447260248371,1,9.53388786315918,1.0,0.6130507408036641,0,0,55.0,1.0,1.0,0.9498002889745354,0.9037461082140604,1.3796826352675755,0.1443808376789093,0.08333333333333333,0.0,0.013422152027487755,1.0,0.0,0.0,0.9910051822662354,1.0,0.981076963050547,0.981076963050547,1.0,0.981076963050547,0.01892303694945288,0.037846073898905735,0.9432308891516413,213.71767523756898,0.004749281671945977,1.322496637494473,-0.06927616274868315,421.67782581844904,0.25099855512732283,0.07867622375488281,1.0,heuristic_fallback
20260514_035650,232,65,5.2,e2,Eval-Transferred-OSD+Fuzzy+OP-CBRS-e2,proxy,-12.997649192810059,-8.401426315307617,9.009698867797852,4.279534816741943,2.188955307006836,-0.6050001978874207,1.4436378895692317,0.9005241526552151,1,9.455252647399902,1.0,0.6293883844035311,0,0,54.0,1.0,1.0,0.9498002889745354,0.899354616800944,1.37419327100118,0.15096807479858398,0.08333333333333333,0.0,0.032455332577228546,1.0,0.0,0.0,0.9897380471229553,1.0,0.980672766305541,0.980672766305541,1.0,0.980672766305541,0.019327233694459087,0.03865446738891817,0.9420182989166228,213.5005619304485,0.004744456931787744,1.3071238792288884,-0.050399323665729225,421.67782581844904,0.25099855512732283,0.07863521575927734,1.0,heuristic_fallback
20260514_035650,232,66,5.28,e2,Eval-Transferred-OSD+Fuzzy+OP-CBRS-e2,proxy,-12.989309310913086,-8.323397636413574,9.018688201904297,4.365955352783203,2.248690128326416,-0.6015197038650513,1.447839599458149,0.910846613801604,1,9.37665843963623,1.0,0.6050298967650696,0,0,54.0,1.0,1.0,0.9498002889745354,0.8952579895655314,1.3690724869569142,0.15711301565170288,0.08333333333333333,0.0,0.015469051897525787,1.0,0.0,0.0,0.9885026812553406,1.0,0.9802964007807773,0.9802964007807773,1.0,0.9802964007807773,0.019703599219222795,0.03940719843844559,0.9408892023423316,213.2910617484896,0.004739801372188658,1.3188394329298123,-0.07584970261339001,421.67782581844904,0.25099855512732283,0.07859420776367188,1.0,heuristic_fallback
20260514_035650,232,67,5.36,e2,Eval-Transferred-OSD+Fuzzy+OP-CBRS-e2,proxy,-12.980992317199707,-8.245392799377441,9.027121543884277,4.397838115692139,2.323880672454834,-0.5860227942466736,1.451219015870668,0.918497353765496,1,9.298104286193848,1.0,0.6360246053056291,0,0,55.0,1.0,1.0,0.9498002889745354,0.891457756360372,1.364322195450465,0.16281336545944214,0.08333333333333333,0.0,0.047036606818437576,1.0,0.0,0.0,0.9873297214508057,1.0,0.979947860923576,0.979947860923576,1.0,0.979947860923576,0.020052139076424103,0.04010427815284822,0.9398435827707278,213.09173308828213,0.004735371846406269,1.2942137084378385,-0.041125397495661756,421.67782581844904,0.25099855512732283,0.07855415344238281,1.0,heuristic_fallback
20260514_035650,232,68,5.44,e2,Eval-Transferred-OSD+Fuzzy+OP-CBRS-e2,proxy,-12.972691535949707,-8.167412757873535,9.035027503967285,4.439372539520264,2.3555033206939697,-0.5548328161239624,1.4539369024989923,0.9051005638382426,1,9.219588279724121,1.0,0.6044233634185531,0,0,56.0,1.0,1.0,0.9498002889745354,0.8879498342672983,1.359937292834123,0.16807524859905243,0.08333333333333333,0.0,0.032459430396556854,1.0,0.0,0.0,0.9862357974052429,1.0,0.9796266378214727,0.9796266378214727,1.0,0.9796266378214727,0.020373362178527196,0.04074672435705436,0.9388799134644183,212.9039091289934,0.004731197980644298,1.3042696102309808,-0.0736496950786084,421.67782581844904,0.25099855512732283,0.07851600646972656,1.0,heuristic_fallback
20260514_035650,232,69,5.52,e2,Eval-Transferred-OSD+Fuzzy+OP-CBRS-e2,proxy,-12.964402198791504,-8.089456558227539,9.042434692382812,4.512293815612793,2.4526216983795166,-0.5706905722618103,1.4561226462622958,0.887696694728153,1,9.141108512878418,1.0,0.6113283000848136,0,0,56.0,1.0,1.0,0.9498002889745354,0.8847273389498392,1.355909173687299,0.1729089915752411,0.08333333333333333,0.0,0.028361547738313675,1.0,0.0,0.0,0.9852280616760254,1.0,0.9793319796984336,0.9793319796984336,1.0,0.9793319796984336,0.02066802030156645,0.0413360406031329,0.9379959390953007,212.72809789708845,0.0047272910643797435,1.3065373983952984,-0.06665735182595312,421.67782581844904,0.25099855512732283,0.07847976684570312,1.0,heuristic_fallback
20260514_035650,232,70,5.6,e2,Eval-Transferred-OSD+Fuzzy+OP-CBRS-e2,proxy,-12.956121444702148,-8.011523246765137,9.049370765686035,4.493073463439941,2.4855775833129883,-0.5464389324188232,1.4578803667344606,0.912062304344187,1,9.062662124633789,1.0,0.6275819832641589,0,0,56.0,1.0,1.0,0.9498002889745354,0.8817814886569977,1.352226860821247,0.17732776701450348,0.08333333333333333,0.0,0.05042789876461029,1.0,0.0,0.0,0.984308123588562,1.0,0.9790629754366534,0.9790629754366534,1.0,0.9790629754366534,0.020937024563346677,0.041874049126693326,0.9371889263099601,212.56431033618037,0.004723651340804008,1.2892511725523654,-0.04774120475255573,421.67782581844904,0.25099855512732283,0.0784463882446289,1.0,heuristic_fallback
20260514_035650,232,71,5.68,e2,Eval-Transferred-OSD+Fuzzy+OP-CBRS-e2,proxy,-12.947847366333008,-7.93361234664917,9.055865287780762,4.557096481323242,2.5464632511138916,-0.5359063148498535,1.459293830725205,0.8998765563644624,1,8.984248161315918,1.0,0.5959927873361315,0,0,56.0,1.0,1.0,0.9498002889745354,0.8791021108627319,1.348877638578415,0.1813468337059021,0.08333333333333333,0.0,0.0248377975076437,1.0,0.0,0.0,0.9834741950035095,1.0,0.9788186008713761,0.9788186008713761,1.0,0.9788186008713761,0.02118139912862401,0.042362798257247994,0.9364558026141281,212.41225101910288,0.0047202722448689526,1.307773904046524,-0.08146442436939641,421.67782581844904,0.25099855512732283,0.0784139633178711,1.0,heuristic_fallback
20260514_035650,232,72,5.76,e2,Eval-Transferred-OSD+Fuzzy+OP-CBRS-e2,proxy,-12.93957805633545,-7.855721950531006,9.061944007873535,4.598595142364502,2.609649181365967,-0.5462291240692139,1.4604304248370064,0.9089741832215152,1,8.905861854553223,1.0,0.6074954943823843,0,0,56.0,1.0,1.0,0.9498002889745354,0.8766761124134064,1.345845140516758,0.18498583137989044,0.08333333333333333,0.0,0.0159462783485651,1.0,0.0,0.0,0.9827222228050232,1.0,0.9785975791003405,0.9785975791003405,1.0,0.9785975791003405,0.021402420899659512,0.04280484179931904,0.9357927373010214,212.27141428324478,0.004717142539627662,1.3138360438035015,-0.07047452901073616,421.67782581844904,0.25099855512732283,0.07838630676269531,1.0,heuristic_fallback
20260514_035650,232,73,5.84,e2,Eval-Transferred-OSD+Fuzzy+OP-CBRS-e2,proxy,-12.931312561035156,-7.777850151062012,9.067632675170898,4.619033336639404,2.660236120223999,-0.5636736750602722,1.4613443606841203,0.9071498537245344,1,8.82750129699707,1.0,0.614690950545422,0,0,56.0,1.0,1.0,0.9498002889745354,0.874493012825648,1.34311626603206,0.18826048076152802,0.08333333333333333,0.0,0.018293922767043114,1.0,0.0,0.0,0.9820469617843628,1.0,0.9783988839744728,0.9783988839744728,1.0,0.9783988839744728,0.021601116025527282,0.04320223205105452,0.9351966519234183,212.14119174853158,0.004714248705522924,1.3115295355927035,-0.06270130579780271,421.67782581844904,0.25099855512732283,0.07836055755615234,1.0,heuristic_fallback
20260514_035650,232,74,5.92,e2,Eval-Transferred-OSD+Fuzzy+OP-CBRS-e2,proxy,-12.923049926757812,-7.699995517730713,9.072955131530762,4.692193984985352,2.751436710357666,-0.5399186611175537,1.4620792395317843,0.9173347187562618,1,8.749163627624512,1.0,0.636020587646678,0,0,56.0,1.0,1.0,0.9498002889745354,0.8725400070349375,1.3406750087936719,0.1911899894475937,0.08333333333333333,0.0,0.055031538009643555,1.0,0.0,0.0,0.981442928314209,1.0,0.9782212889779107,0.9782212889779107,1.0,0.9782212889779107,0.021778711022089267,0.04355742204417855,0.9346638669337322,212.0209428371818,0.004711576507492929,1.2834880727130755,-0.03739177560098328,421.67782581844904,0.25099855512732283,0.0783376693725586,1.0,heuristic_fallback
20260514_035650,232,75,6.0,e2,Eval-Transferred-OSD+Fuzzy+OP-CBRS-e2,proxy,-12.914790153503418,-7.622156620025635,9.077935218811035,4.758474826812744,2.7934751510620117,-0.5610553026199341,1.4626701347210436,0.9010161079486927,1,8.67084789276123,1.0,0.5884085598863844,0,0,56.0,1.0,1.0,0.9498002889745354,0.8708047866821289,1.3385059833526611,0.19379281997680664,0.08333333333333333,0.0,0.019757311791181564,1.0,0.0,0.0,0.9809043407440186,1.0,0.9780636232313851,0.9780636232313851,1.0,0.9780636232313851,0.02193637676861493,0.04387275353722989,0.9341908696941552,211.91000503990108,0.004709111223108913,1.3095099372887198,-0.08825124099696584,421.67782581844904,0.25099855512732283,0.07831573486328125,1.0,heuristic_fallback
20260514_035650,232,76,6.08,e2,Eval-Transferred-OSD+Fuzzy+OP-CBRS-e2,proxy,-12.906532287597656,-7.544332027435303,9.08259391784668,4.787661552429199,2.8947689533233643,-0.5172930359840393,1.463145242351913,0.9161102993678981,1,8.59255313873291,1.0,0.6258449923785198,0,0,58.0,1.0,1.0,0.9498002889745354,0.8692751228809357,1.3365939036011696,0.1960873156785965,0.08333333333333333,0.0,0.04163690283894539,1.0,0.0,0.0,0.9804257154464722,1.0,0.9779247323016237,0.9779247323016237,1.0,0.9779247323016237,0.022075267698376307,0.044150535396752615,0.9337741969048711,211.80773326720418,0.004706838517048982,1.2927178280525986,-0.048371830806308184,421.67782581844904,0.25099855512732283,0.07829475402832031,1.0,heuristic_fallback
20260514_035650,232,77,6.16,e2,Eval-Transferred-OSD+Fuzzy+OP-CBRS-e2,proxy,-12.898276329040527,-7.466519832611084,9.086952209472656,4.842243671417236,2.9124722480773926,-0.5377389192581177,1.4635272507514578,0.9017560463783858,1,8.514272689819336,1.0,0.6025167198519599,0,0,58.0,1.0,1.0,0.9498002889745354,0.8679396410783132,1.3349245513478916,0.1980905383825302,0.08333333333333333,0.0,0.028910454362630844,1.0,0.0,0.0,0.9800016283988953,1.0,0.9778035474160457,0.9778035474160457,1.0,0.9778035474160457,0.022196452583954206,0.044392905167908385,0.9334106422481373,211.7134976995959,0.004704744393324353,1.3019287939591788,-0.07277020634538928,421.67782581844904,0.25099855512732283,0.07828044891357422,1.0,heuristic_fallback
20260514_035650,232,78,6.24,e2,Eval-Transferred-OSD+Fuzzy+OP-CBRS-e2,proxy,-12.890021324157715,-7.388719081878662,9.091029167175293,4.907558441162109,2.971634864807129,-0.5362983345985413,1.4638343919029217,0.9230898566455987,1,8.436007499694824,1.0,0.6128008318654142,0,0,59.0,1.0,1.0,0.9498002889745354,0.8667876124382019,1.3334845155477524,0.19981858134269714,0.08333333333333333,0.0,0.03175690025091171,1.0,0.0,0.0,0.979627251625061,1.0,0.9776990653725709,0.9776990653725709,1.0,0.9776990653725709,0.02230093462742921,0.04460186925485837,0.9330971961177125,211.6267138596636,0.00470281586354808,1.2995059523829404,-0.062012200673925946,421.67782581844904,0.25099855512732283,0.07826519012451172,1.0,heuristic_fallback
20260514_035650,232,79,6.32,e2,Eval-Transferred-OSD+Fuzzy+OP-CBRS-e2,proxy,-12.881767272949219,-7.310927867889404,9.094842910766602,4.946564197540283,3.0447640419006348,-0.5057540535926819,1.4640813459247148,0.8911173017768701,1,8.357756614685059,1.0,0.6136305200414597,0,0,61.0,1.0,1.0,0.9498002889745354,0.8658072849114736,1.332259106139342,0.2012890726327896,0.08333333333333333,0.0,0.0365268811583519,1.0,0.0,0.0,0.9792979955673218,1.0,0.9776101962961964,0.9776101962961964,1.0,0.9776101962961964,0.022389803703803505,0.04477960740760698,0.9328305888885894,211.5468257216021,0.004701040571591157,1.2956833848206781,-0.06053794987059069,421.67782581844904,0.25099855512732283,0.07825088500976562,1.0,heuristic_fallback
20260514_035650,232,80,6.4,e2,Eval-Transferred-OSD+Fuzzy+OP-CBRS-e2,proxy,-12.873514175415039,-7.233145236968994,9.098409652709961,4.98275089263916,3.1129465103149414,-0.5145741701126099,1.4642799110850386,0.9109211733631677,1,8.27951431274414,1.0,0.5942967741515572,0,0,63.0,1.0,1.0,0.9498002889745354,0.8649887343247732,1.3312359179059665,0.20251689851284027,0.08333333333333333,0.0,0.01077331230044365,1.0,0.0,0.0,0.979009747505188,1.0,0.9775360213527694,0.9775360213527694,1.0,0.9775360213527694,0.022463978647230615,0.04492795729446119,0.9326080640583082,211.47332028036226,0.004699407117341383,1.3147939238174342,-0.08232405282971866,421.67782581844904,0.25099855512732283,0.07824230194091797,1.0,heuristic_fallback
20260514_035650,232,81,6.48,e2,Eval-Transferred-OSD+Fuzzy+OP-CBRS-e2,proxy,-12.865262031555176,-7.155369758605957,9.101746559143066,5.014700889587402,3.1629436016082764,-0.5052235722541809,1.464439568472664,0.9161349770948617,1,8.201284408569336,1.0,0.6152972648057108,0,0,65.0,1.0,1.0,0.9498002889745354,0.8643228809038798,1.3304036011298497,0.2035156786441803,0.08333333333333333,0.0,0.016557026654481888,1.0,0.0,0.0,0.9787585139274597,1.0,0.9774757026602834,0.9774757026602834,1.0,0.9774757026602834,0.022524297339716687,0.045048594679433375,0.93242710798085,211.4057090757916,0.004697904646128703,1.3102896746966823,-0.060618188950114935,421.67782581844904,0.25099855512732283,0.07822990417480469,1.0,heuristic_fallback
20260514_035650,232,82,6.56,e2,Eval-Transferred-OSD+Fuzzy+OP-CBRS-e2,proxy,-12.857010841369629,-7.077600002288818,9.104866981506348,5.095519542694092,3.2099647521972656,-0.5124869346618652,1.4645679431980962,0.9090172012689958,1,8.123062133789062,1.0,0.6200836912593496,0,0,66.0,1.0,1.0,0.9498002889745354,0.863799919684728,1.32974989960591,0.20430012047290802,0.08333333333333333,0.0,0.03070824034512043,1.0,0.0,0.0,0.9785409569740295,1.0,0.9774283404533886,0.9774283404533886,1.0,0.9774283404533886,0.02257165954661142,0.0451433190932228,0.9322850213601658,211.34355202135532,0.00469652337825234,1.2995455241239153,-0.05432759599661787,421.67782581844904,0.25099855512732283,0.07822227478027344,1.0,heuristic_fallback
20260514_035650,232,83,6.64,e2,Eval-Transferred-OSD+Fuzzy+OP-CBRS-e2,proxy,-12.848760604858398,-6.99983549118042,9.107786178588867,5.122299671173096,3.2760069370269775,-0.507387638092041,1.464671158543211,0.9138395334923884,1,8.044846534729004,1.0,0.6139453537694671,0,0,68.0,1.0,1.0,0.9498002889745354,0.8634112874666849,1.3292641093333561,0.20488306879997253,0.08333333333333333,0.0,0.036697469651699066,1.0,0.0,0.0,0.9783537983894348,1.0,0.977393150696535,0.977393150696535,1.0,0.977393150696535,0.022606849303465005,0.04521369860693005,0.932179452089605,211.28643396851396,0.004695254088189199,1.2949564440894707,-0.059796009471503785,421.67782581844904,0.25099855512732283,0.0782155990600586,1.0,heuristic_fallback
20260514_035650,232,84,6.72,e2,Eval-Transferred-OSD+Fuzzy+OP-CBRS-e2,proxy,-12.840510368347168,-6.922074794769287,9.110516548156738,5.166545867919922,3.3630990982055664,-0.4774286150932312,1.4647541337126921,0.9194119958469034,1,7.9666361808776855,1.0,0.6078748324921761,0,0,69.0,1.0,1.0,0.9498002889745354,0.8631485899289449,1.3289357374111812,0.20527711510658264,0.08333333333333333,0.0,0.03371809050440788,1.0,0.0,0.0,0.978194534778595,1.0,0.9773693673615319,0.9773693673615319,1.0,0.9773693673615319,0.022630632638468096,0.04526126527693615,0.9321081020845957,211.233993990768,0.0046940887553504,1.297125304065504,-0.06611307673325266,421.67782581844904,0.25099855512732283,0.07821035385131836,1.0,heuristic_fallback
20260514_035650,232,85,6.8,e2,Eval-Transferred-OSD+Fuzzy+OP-CBRS-e2,proxy,-12.832260131835938,-6.8443169593811035,9.113070487976074,5.212035179138184,3.429360866546631,-0.5165455937385559,1.4648208467249475,0.9158799081070628,1,7.888430118560791,1.0,0.6015588684504982,0,0,70.0,1.0,1.0,0.9498002889745354,0.8630035718282064,1.328754464785258,0.20549464225769043,0.08333333333333333,0.0,0.020341552793979645,1.0,0.0,0.0,0.9780603647232056,1.0,0.9773562392891972,0.9773562392891972,1.0,0.9773562392891972,0.02264376071080278,0.0452875214216056,0.9320687178675916,211.18586872654532,0.00469301930503434,1.3071214528231405,-0.07373171719782148,421.67782581844904,0.25099855512732283,0.07820606231689453,1.0,heuristic_fallback
20260514_035650,232,86,6.88,e2,Eval-Transferred-OSD+Fuzzy+OP-CBRS-e2,proxy,-12.824010848999023,-6.766561031341553,9.115459442138672,5.248591423034668,3.4765055179595947,-0.5146193504333496,1.464874492482208,0.9109706301255147,1,7.810227870941162,1.0,0.6198497870439623,0,0,71.0,1.0,1.0,0.9498002889745354,0.8629699150721232,1.328712393840154,0.20554512739181519,0.08333333333333333,0.0,0.034948837012052536,1.0,0.0,0.0,0.9779490232467651,1.0,0.9773531925565265,0.9773531925565265,1.0,0.9773531925565265,0.022646807443473506,0.04529361488694705,0.9320595776695795,211.141739244355,0.004692038649874555,1.2961575754705652,-0.05395850713993394,421.67782581844904,0.25099855512732283,0.0782022476196289,1.0,heuristic_fallback
20260514_035650,232,87,6.96,e2,Eval-Transferred-OSD+Fuzzy+OP-CBRS-e2,proxy,-12.81576156616211,-6.688806533813477,9.117693901062012,5.297841548919678,3.564903736114502,-0.47207140922546387,1.46491761358726,0.9085890359016935,1,7.732028007507324,1.0,0.6154087047862308,0,0,71.0,1.0,1.0,0.9498002889745354,0.8630396823088328,1.328799602886041,0.2054404765367508,0.08333333333333333,0.0,0.044032543897628784,1.0,0.0,0.0,0.9778583645820618,1.0,0.9773595081909339,0.9773595081909339,1.0,0.9773595081909339,0.022640491809066174,0.0452809836181323,0.9320785245728016,211.10130517474056,0.0046911401149942345,1.2893622371155604,-0.05748705291590507,421.67782581844904,0.25099855512732283,0.07819986343383789,1.0,heuristic_fallback
20260514_035650,232,88,7.04,e2,Eval-Transferred-OSD+Fuzzy+OP-CBRS-e2,proxy,-12.807512283325195,-6.6110520362854,9.119783401489258,5.363852500915527,3.640798807144165,-0.4849770963191986,1.4649522764938654,0.9127960205195065,1,7.653829097747803,1.0,0.6021364624669822,0,0,73.0,1.0,1.0,0.9498002889745354,0.8632064064343771,1.3290080080429714,0.20519039034843445,0.08333333333333333,0.0,0.03280223533511162,1.0,0.0,0.0,0.9777868390083313,1.0,0.9773746015516365,0.9773746015516365,1.0,0.9773746015516365,0.02262539844836358,0.04525079689672711,0.9321238046549093,211.0643149516119,0.0046903181100358205,1.2978266495688342,-0.07189492525639163,421.67782581844904,0.25099855512732283,0.07819890975952148,1.0,heuristic_fallback
20260514_035650,232,89,7.12,e2,Eval-Transferred-OSD+Fuzzy+OP-CBRS-e2,proxy,-12.799263000488281,-6.533297538757324,9.121737480163574,5.397669792175293,3.6634039878845215,-0.4477740526199341,1.4649801388768913,0.922825360023891,1,7.575631141662598,1.0,0.6078790621860357,0,0,74.0,1.0,1.0,0.9498002889745354,0.8634650707244873,1.3293313384056091,0.20480239391326904,0.08333333333333333,0.0,0.029670579358935356,1.0,0.0,0.0,0.9777324199676514,1.0,0.9773980202972878,0.9773980202972878,1.0,0.9773980202972878,0.022601979702712157,0.045203959405424356,0.9321940608918635,211.03049887401176,0.004689566641644705,1.300240057623494,-0.06648721021398589,421.67782581844904,0.25099855512732283,0.07819795608520508,1.0,heuristic_fallback
20260514_035650,232,90,7.2,e2,Eval-Transferred-OSD+Fuzzy+OP-CBRS-e2,proxy,-12.791013717651367,-6.455541610717773,9.123565673828125,5.464954376220703,3.7206759452819824,-0.4778587222099304,1.4650025335028425,0.9318653156198456,1,7.497433185577393,1.0,0.6166726034873046,0,0,74.0,1.0,1.0,0.9498002889745354,0.8638097246487936,1.329762155810992,0.2042854130268097,0.08333333333333333,0.0,0.0402340404689312,1.0,0.0,0.0,0.9776937365531921,1.0,0.9774292283463487,0.9774292283463487,1.0,0.9774292283463487,0.022570771653651303,0.04514154330730265,0.932287685039046,210.99963596651753,0.004688880799255945,1.2924036252720736,-0.05667234405763588,421.67782581844904,0.25099855512732283,0.07819795608520508,1.0,heuristic_fallback
20260514_035650,232,91,7.28,e2,Eval-Transferred-OSD+Fuzzy+OP-CBRS-e2,proxy,-12.782763481140137,-6.377784252166748,9.125275611877441,5.503544330596924,3.805020809173584,-0.4800509810447693,1.4650205279661437,0.9271232270983092,1,7.419233798980713,1.0,0.5950023811725711,0,0,75.0,1.0,1.0,0.9498002889745354,0.8642334441343943,1.3302918051679928,0.2036498337984085,0.08333333333333333,0.0,0.016933640465140343,1.0,0.0,0.0,0.977669358253479,1.0,0.9774676020271172,0.9774676020271172,1.0,0.9774676020271172,0.022532397972882607,0.045064795945765186,0.9324028060813521,210.9715066173344,0.004688255702607431,1.3099848551463171,-0.08072262667222127,421.67782581844904,0.25099855512732283,0.07819938659667969,1.0,heuristic_fallback
20260514_035650,232,92,7.36,e2,Eval-Transferred-OSD+Fuzzy+OP-CBRS-e2,proxy,-12.774513244628906,-6.300024509429932,9.126874923706055,5.573514938354492,3.8698246479034424,-0.4554455578327179,1.4650350055370416,0.9085694092317771,1,7.341032981872559,1.0,0.6098543879322813,0,0,75.0,1.0,1.0,0.9498002889745354,0.8647327721118927,1.3309159651398659,0.20290084183216095,0.08333333333333333,0.0,0.015230348333716393,1.0,0.0,0.0,0.9776581525802612,1.0,0.9775128320678651,0.9775128320678651,1.0,0.9775128320678651,0.02248716793213496,0.04497433586426989,0.9325384962035952,210.94592151353618,0.004687687144745248,1.3113871562392596,-0.0660984784365336,421.67782581844904,0.25099855512732283,0.0782008171081543,1.0,heuristic_fallback
20260514_035650,232,93,7.44,e2,Eval-Transferred-OSD+Fuzzy+OP-CBRS-e2,proxy,-12.766263008117676,-6.222261428833008,9.12837028503418,5.572824001312256,3.9432191848754883,-0.49786144495010376,1.465046649023893,0.9065137551117228,1,7.262829303741455,1.0,0.6152038737777948,0,0,76.0,1.0,1.0,0.9498002889745354,0.8653018176555634,1.3316272720694542,0.20204727351665497,0.08333333333333333,0.0,0.02182695083320141,1.0,0.0,0.0,0.9776589870452881,1.0,0.9775643890776865,0.9775643890776865,1.0,0.9775643890776865,0.022435610922313533,0.044871221844627024,0.9326931672330595,210.92269885741007,0.004687171085720224,1.3065819657505635,-0.060160939563086255,421.67782581844904,0.25099855512732283,0.07820367813110352,1.0,heuristic_fallback
20260514_035650,232,94,7.52,e2,Eval-Transferred-OSD+Fuzzy+OP-CBRS-e2,proxy,-12.758011817932129,-6.144495010375977,9.129769325256348,5.661164283752441,3.9500184059143066,-0.4313952922821045,1.4650560044792358,0.9059058918417227,1,7.184622287750244,1.0,0.6292637805795614,0,0,76.0,1.0,1.0,0.9498002889745354,0.8659375409285227,1.3324219261606534,0.20109368860721588,0.08333333333333333,0.0,0.05118735879659653,1.0,0.0,0.0,0.9776707887649536,1.0,0.9776220021655991,0.9776220021655991,1.0,0.9776220021655991,0.022377997834400677,0.04475599566880133,0.9328660064967979,210.90166972969064,0.004686703771770903,1.284720590596257,-0.043245610974646,421.67782581844904,0.25099855512732283,0.07820701599121094,1.0,heuristic_fallback
20260514_035650,232,95,7.6,e2,Eval-Transferred-OSD+Fuzzy+OP-CBRS-e2,proxy,-12.749760627746582,-6.06672477722168,9.131077766418457,5.715723514556885,4.022500991821289,-0.46927589178085327,1.4650635364930484,0.9080915720529645,1,7.106412410736084,1.0,0.6096013041388547,0,0,76.0,1.0,1.0,0.9498002889745354,0.8666339914004008,1.333292489250501,0.2000490128993988,0.08333333333333333,0.0,0.052307114005088806,1.0,0.0,0.0,0.9776926636695862,1.0,0.9776851367788498,0.9776851367788498,1.0,0.9776851367788498,0.022314863221150335,0.04462972644230063,0.9330554103365492,210.8826783994774,0.004686281742210609,1.2840548868078574,-0.06288038226632423,421.67782581844904,0.25099855512732283,0.07820987701416016,1.0,heuristic_fallback
20260514_035650,232,96,7.68,e2,Eval-Transferred-OSD+Fuzzy+OP-CBRS-e2,proxy,-12.741508483886719,-5.988949775695801,9.132301330566406,5.741429805755615,4.0947065353393555,-0.4939075708389282,1.4650695915845187,0.9271005294860537,1,7.0281982421875,1.0,0.592633958764448,0,0,77.0,1.0,1.0,0.9498002889745354,0.8673889140288035,1.3342361425360043,0.19891662895679474,0.08333333333333333,0.0,0.02593897469341755,1.0,0.0,0.0,0.9777237772941589,1.0,0.977753593345403,0.977753593345403,1.0,0.977753593345403,0.022246406654596904,0.04449281330919378,0.9332607800362093,210.86558228576462,0.0046859018285725475,1.3040197219487115,-0.0825817802976817,421.67782581844904,0.25099855512732283,0.07821416854858398,1.0,heuristic_fallback
20260514_035650,232,97,7.76,e2,Eval-Transferred-OSD+Fuzzy+OP-CBRS-e2,proxy,-12.733256340026855,-5.91117000579834,9.133445739746094,5.788757801055908,4.137106895446777,-0.45348483324050903,1.4650744716334159,0.9128155508754398,1,6.949979305267334,1.0,0.6149414844754001,0,0,78.0,1.0,1.0,0.9498002889745354,0.8681974112987518,1.3352467641234398,0.19770388305187225,0.08333333333333333,0.0,0.0327618345618248,1.0,0.0,0.0,0.9777633547782898,1.0,0.9778269327002791,0.9778269327002791,1.0,0.9778269327002791,0.022173067299720982,0.044346134599441915,0.9334807981008372,210.85024873403484,0.0046855610829785515,1.299104701364893,-0.0596967577991228,421.67782581844904,0.25099855512732283,0.07821893692016602,1.0,heuristic_fallback
20260514_035650,232,98,7.84,e2,Eval-Transferred-OSD+Fuzzy+OP-CBRS-e2,proxy,-12.725003242492676,-5.8333845138549805,9.134516716003418,5.848789215087891,4.228383541107178,-0.4559471607208252,1.4650783930247937,0.9236872548395887,1,6.871755123138428,1.0,0.6141529172209689,0,0,79.0,1.0,1.0,0.9498002889745354,0.8690569202105204,1.3363211502631505,0.19641461968421936,0.08333333333333333,0.0,0.038876745849847794,1.0,0.0,0.0,0.9778106808662415,1.0,0.9779049273035991,0.9779049273035991,1.0,0.9779049273035991,0.022095072696400982,0.04419014539280192,0.9337147819107972,210.83655300079147,0.004685256733350922,1.294733395126818,-0.05998601085962965,421.67782581844904,0.25099855512732283,0.07822418212890625,1.0,heuristic_fallback
20260514_035650,232,99,7.92,e2,Eval-Transferred-OSD+Fuzzy+OP-CBRS-e2,proxy,-12.716750144958496,-5.755593299865723,9.135518074035645,5.890443325042725,4.287210941314697,-0.4774430990219116,1.4650815534363946,0.9175319707286328,1,6.793524742126465,1.0,0.5926794091693397,0,0,79.0,1.0,1.0,0.9498002889745354,0.8699633876482645,1.3374542345603306,0.19505491852760315,0.08333333333333333,0.0,0.010702441446483135,1.0,0.0,0.0,0.9778652191162109,1.0,0.9779872142964438,0.9779872142964438,1.0,0.9779872142964438,0.02201278570355616,0.044025571407112295,0.9339616428893315,210.82438418560196,0.004684986315235598,1.3160907402887776,-0.08439859051065289,421.67782581844904,0.25099855512732283,0.07823038101196289,1.0,heuristic_fallback
20260514_035650,232,100,8.0,e2,Eval-Transferred-OSD+Fuzzy+OP-CBRS-e2,proxy,-12.70849609375,-5.677795886993408,9.136454582214355,5.9494948387146,4.349815368652344,-0.46155473589897156,1.465084084778043,0.9128029735440223,1,6.715289115905762,1.0,0.6158121278161998,0,0,79.0,1.0,1.0,0.9498002889745354,0.8709145983060201,1.3386432478825252,0.19362810254096985,0.08333333333333333,0.0,0.016907453536987305,1.0,0.0,0.0,0.9779264330863953,1.0,0.9780735974584541,0.9780735974584541,1.0,0.9780735974584541,0.021926402541545792,0.04385280508309162,0.9342207923753625,210.81364141580082,0.004684747587017797,1.3116747838853382,-0.06076671776421905,421.67782581844904,0.25099855512732283,0.07823562622070312,1.0,heuristic_fallback
20260514_035650,232,101,8.08,e2,Eval-Transferred-OSD+Fuzzy+OP-CBRS-e2,proxy,-12.700241088867188,-5.599992275238037,9.137331008911133,5.968294620513916,4.417771339416504,-0.4862426817417145,1.465086118713981,0.9146421937579136,1,6.637047290802002,1.0,0.6063391480768205,0,0,79.0,1.0,1.0,0.9498002889745354,0.8719071348508199,1.339883918563525,0.19213929772377014,0.08333333333333333,0.0,0.00837457925081253,1.0,0.0,0.0,0.9779937267303467,1.0,0.978163771258726,0.978163771258726,1.0,0.978163771258726,0.021836228741274066,0.043672457482548145,0.9344913137761779,210.80422251935124,0.004684538278207805,1.3183225737361692,-0.07122323300197902,421.67782581844904,0.25099855512732283,0.07824182510375977,1.0,heuristic_fallback
20260514_035650,232,102,8.16,e2,Eval-Transferred-OSD+Fuzzy+OP-CBRS-e2,proxy,-12.691985130310059,-5.522181510925293,9.138150215148926,6.022373676300049,4.458330154418945,-0.46043628454208374,1.4650877613981168,0.9080421769383022,1,6.558798313140869,1.0,0.6287613638232449,0,0,79.0,1.0,1.0,0.9498002889745354,0.8729380269845327,1.341172533730666,0.190592959523201,0.08333333333333333,0.0,0.03446764126420021,1.0,0.0,0.0,0.978066623210907,1.0,0.9782574704946002,0.9782574704946002,1.0,0.9782574704946002,0.02174252950539966,0.043485059010799354,0.9347724114838009,210.79603449349554,0.004684356322077679,1.2990105002595567,-0.04633056305445234,421.67782581844904,0.25099855512732283,0.07824897766113281,1.0,heuristic_fallback
20260514_035650,232,103,8.24,e2,Eval-Transferred-OSD+Fuzzy+OP-CBRS-e2,proxy,-12.68372917175293,-5.444363594055176,9.138916969299316,6.068784236907959,4.540812015533447,-0.46050751209259033,1.4650890954814084,0.911903244827604,1,6.4805426597595215,1.0,0.6076551906726766,0,0,80.0,1.0,1.0,0.9498002889745354,0.8740055859088898,1.3425069823861122,0.18899162113666534,0.08333333333333333,0.0,0.02948623336851597,1.0,0.0,0.0,0.9781447052955627,1.0,0.9783545462290677,0.9783545462290677,1.0,0.9783545462290677,0.02164545377093231,0.04329090754186458,0.9350636386872031,210.78899725085296,0.004684199938907844,1.3030134459124092,-0.0680750114880991,421.67782581844904,0.25099855512732283,0.07825565338134766,1.0,heuristic_fallback
20260514_035650,232,104,8.32,e2,Eval-Transferred-OSD+Fuzzy+OP-CBRS-e2,proxy,-12.675472259521484,-5.3665385246276855,9.139634132385254,6.117729187011719,4.62440824508667,-0.47634851932525635,1.4650901589490102,0.9163653786175253,1,6.402279853820801,1.0,0.6054178126936299,0,0,80.0,1.0,1.0,0.9498002889745354,0.8751075466473898,1.3438844333092372,0.1873386800289154,0.08333333333333333,0.0,0.020182156935334206,1.0,0.0,0.0,0.9782275557518005,1.0,0.9784547969817313,0.9784547969817313,1.0,0.9784547969817313,0.02154520301826861,0.043090406036537195,0.9353643909451941,210.78302868949697,0.0046840673042110445,1.3102669934219204,-0.07138875597117925,421.67782581844904,0.25099855512732283,0.0782628059387207,1.0,heuristic_fallback
20260514_035650,232,105,8.4,e2,Eval-Transferred-OSD+Fuzzy+OP-CBRS-e2,proxy,-12.667214393615723,-5.288705825805664,9.140304565429688,6.188328742980957,4.664866924285889,-0.4557873606681824,1.46509101054885,0.919248549115004,1,6.324008941650391,1.0,0.6189258582941273,0,0,80.0,1.0,1.0,0.9498002889745354,0.8762412071228027,1.3453015089035034,0.1856381893157959,0.08333333333333333,0.0,0.031339485198259354,1.0,0.0,0.0,0.9783149361610413,1.0,0.9785579812388653,0.9785579812388653,1.0,0.9785579812388653,0.02144201876113475,0.04288403752226945,0.9356739437165958,210.77806467178573,0.00468395699270635,1.30218241234358,-0.05691887475037788,421.67782581844904,0.25099855512732283,0.07827091217041016,1.0,heuristic_fallback
20260514_035650,232,106,8.48,e2,Eval-Transferred-OSD+Fuzzy+OP-CBRS-e2,proxy,-12.658955574035645,-5.210865020751953,9.140932083129883,6.189298629760742,4.665249347686768,-0.455229252576828,1.465091696166917,0.9183298404429726,1,6.245730876922607,1.0,0.580772135644418,0,0,79.0,1.0,1.0,0.9498002889745354,0.8774050076802572,1.3467562596003215,0.18389248847961426,0.08333333333333333,0.0,0.006077232304960489,1.0,0.0,0.0,0.9784063100814819,1.0,0.978663961197209,0.978663961197209,1.0,0.978663961197209,0.02133603880279091,0.04267207760558179,0.9359918835916272,210.7740269234314,0.004683867264965142,1.3214200521529176,-0.08275096553202778,421.67782581844904,0.25099855512732283,0.0782780647277832,1.0,heuristic_fallback
20260514_035650,232,107,8.56,e2,Eval-Transferred-OSD+Fuzzy+OP-CBRS-e2,proxy,-12.65069580078125,-5.133016109466553,9.141518592834473,6.299726963043213,4.832643032073975,-0.4576647877693176,1.4650922512806992,0.90554908354211,1,6.167443752288818,1.0,0.6584128541515027,0,0,79.0,1.0,1.0,0.9498002889745354,0.878596176703771,1.3482452208797138,0.18210573494434357,0.08333333333333333,0.0,0.07698167860507965,1.0,0.0,0.0,0.9785016775131226,1.0,0.9787724884356652,0.9787724884356652,1.0,0.9787724884356652,0.021227511564334656,0.04245502312866927,0.936317465306996,210.77086961519353,0.004683797102559856,1.2685395096837067,-0.013184218827311717,421.67782581844904,0.25099855512732283,0.07828712463378906,0.22125168945489623,heuristic_fallback
20260514_035650,232,108,8.64,e2,Eval-Transferred-OSD+Fuzzy+OP-CBRS-e2,proxy,-12.642435073852539,-5.055158615112305,9.142066955566406,6.329812526702881,4.857730388641357,-0.45978468656539917,1.4650927045262494,0.9130012534786878,1,6.08914852142334,1.0,0.5896285023653953,0,0,78.0,1.0,1.0,0.9498002889745354,0.8798137207825979,1.3497671509782474,0.1802794188261032,0.08333333333333333,0.0,0.045986585319042206,1.0,0.0,0.0,0.9786005020141602,1.0,0.9788834762539228,0.9788834762539228,1.0,0.9788834762539228,0.021116523746077167,0.042233047492154376,0.9366504287617684,210.76852076643263,0.004683744905920725,1.2920902156679415,-0.0852303655083527,421.67782581844904,0.25099855512732283,0.07829523086547852,0.2812516894548962,heuristic_fallback
20260514_035650,232,109,8.72,e2,Eval-Transferred-OSD+Fuzzy+OP-CBRS-e2,proxy,-12.634173393249512,-4.977292537689209,9.142580032348633,6.350903034210205,4.90883731842041,-0.46159878373146057,1.4650930774255397,0.9021446353562641,1,6.010844707489014,1.0,0.5859885724098828,0,0,78.0,1.0,1.0,0.9498002889745354,0.8810555934906006,1.3513194918632507,0.17841660976409912,0.08333333333333333,0.0,0.005345766432583332,1.0,0.0,0.0,0.9787026643753052,1.0,0.978996741785211,0.978996741785211,1.0,0.978996741785211,0.021003258214789003,0.04200651642957805,0.9369902253556329,210.76693534108972,0.0046837096742464385,1.3228812980097864,-0.0931014799675498,421.67782581844904,0.25099855512732283,0.07830381393432617,0.3412516894548962,heuristic_fallback
20260514_035650,232,110,8.8,e2,Eval-Transferred-OSD+Fuzzy+OP-CBRS-e2,proxy,-12.625910758972168,-4.899417877197266,9.143059730529785,6.41092586517334,4.968554496765137,-0.4649726152420044,1.465093387343068,0.905872707757039,1,5.932532787322998,1.0,0.6262700868234101,0,0,78.0,1.0,1.0,0.9498002889745354,0.8823209504286448,1.352901188035806,0.17651857435703278,0.08333333333333333,0.0,0.025512520223855972,1.0,0.0,0.0,0.978807806968689,1.0,0.9791122115634326,0.9791122115634326,1.0,0.9791122115634326,0.020887788436567457,0.04177557687313491,0.9373366346902977,210.7660538948153,0.004683690086551451,1.308072571900843,-0.05097035702714683,421.67782581844904,0.25099855512732283,0.07831192016601562,0.4012516894548962,heuristic_fallback
20260514_035650,232,111,8.88,e2,Eval-Transferred-OSD+Fuzzy+OP-CBRS-e2,proxy,-12.617647171020508,-4.821534156799316,9.143508911132812,6.454202651977539,5.026707649230957,-0.43798497319221497,1.465093648303948,0.9184640799188576,1,5.854211330413818,1.0,0.6071457167584768,0,0,78.0,1.0,1.0,0.9498002889745354,0.8836077451705933,1.3545096814632416,0.1745883822441101,0.08333333333333333,0.0,0.01697433926165104,1.0,0.0,0.0,0.978915810585022,1.0,0.9792297022453423,0.9792297022453423,1.0,0.9792297022453423,0.020770297754657642,0.041540595509315235,0.9376891067360271,210.76583635496036,0.004683685252332453,1.3147979063079838,-0.07112490837831591,421.67782581844904,0.25099855512732283,0.07832145690917969,0.4612516894548962,heuristic_fallback
20260514_035650,232,112,8.96,e2,Eval-Transferred-OSD+Fuzzy+OP-CBRS-e2,proxy,-12.609382629394531,-4.743641376495361,9.143928527832031,6.537603855133057,5.124157428741455,-0.4721227288246155,1.465093869967529,0.921711440855849,1,5.775880813598633,1.0,0.62001007137737,0,0,78.0,1.0,1.0,0.9498002889745354,0.884914626677831,1.3561432833472888,0.17262805998325348,0.08333333333333333,0.0,0.02791060507297516,1.0,0.0,0.0,0.9790264964103699,1.0,0.9793490936822186,0.9793490936822186,1.0,0.9793490936822186,0.020650906317781343,0.041301812635562686,0.9380472810466559,210.76623778094938,0.004683694172909986,1.3069224273263,-0.057342914859043345,421.67782581844904,0.25099855512732283,0.07833051681518555,0.5212516894548962,heuristic_fallback
20260514_035650,232,113,9.04,e2,Eval-Transferred-OSD+Fuzzy+OP-CBRS-e2,proxy,-12.601117134094238,-4.665739059448242,9.14432144165039,6.547632694244385,5.155783176422119,-0.46102258563041687,1.465094060102581,0.9269687257509603,1,5.697540760040283,1.0,0.6162105778646431,0,0,78.0,1.0,1.0,0.9498002889745354,0.8862400949001312,1.357800118625164,0.17063985764980316,0.08333333333333333,0.0,0.03365454450249672,1.0,0.0,0.0,0.9791396260261536,1.0,0.9794702518776082,0.9794702518776082,1.0,0.9794702518776082,0.02052974812239174,0.04105949624478348,0.9384107556328247,210.76721688630198,0.004683715930806711,1.302945839809734,-0.06074824496686846,421.67782581844904,0.25099855512732283,0.07834005355834961,0.5812516894548962,heuristic_fallback
20260514_035650,232,114,9.12,e2,Eval-Transferred-OSD+Fuzzy+OP-CBRS-e2,proxy,-12.592850685119629,-4.587827205657959,9.144688606262207,6.600090026855469,5.236663818359375,-0.45748627185821533,1.465094223227339,0.9231194442622929,1,5.619191646575928,1.0,0.6045001153508924,0,0,78.0,1.0,1.0,0.9498002889745354,0.8875831762949625,1.3594789703687031,0.16862523555755615,0.08333333333333333,0.0,0.020909341052174568,1.0,0.0,0.0,0.9792550206184387,1.0,0.979593090738341,0.979593090738341,1.0,0.979593090738341,0.02040690926165898,0.040813818523317974,0.938779272215023,210.76873282871304,0.004683749618415845,1.3128405127461835,-0.07391283549516367,421.67782581844904,0.25099855512732283,0.07834911346435547,0.6412516894548963,heuristic_fallback
20260514_035650,232,115,9.2,e2,Eval-Transferred-OSD+Fuzzy+OP-CBRS-e2,proxy,-12.584583282470703,-4.509905815124512,9.145031929016113,6.655558109283447,5.313421249389648,-0.46255654096603394,1.4650943629050313,0.9201155517030619,1,5.54083251953125,1.0,0.6114470297829828,0,0,76.0,1.0,1.0,0.9498002889745354,0.8889430065949758,1.3611787582437198,0.16658549010753632,0.08333333333333333,0.0,0.01779453083872795,1.0,0.0,0.0,0.9793726801872253,1.0,0.9797175340110439,0.9797175340110439,1.0,0.9797175340110439,0.020282465988956094,0.04056493197791219,0.9391526020331317,210.7707619878703,0.0046837947108415625,1.3155165779812716,-0.06746345301603067,421.67782581844904,0.25099855512732283,0.07835912704467773,0.7012516894548964,heuristic_fallback
20260514_035650,232,116,9.28,e2,Eval-Transferred-OSD+Fuzzy+OP-CBRS-e2,proxy,-12.576314926147461,-4.4319748878479,9.145353317260742,6.674386501312256,5.354436874389648,-0.46754884719848633,1.4650944819271159,0.9111867226285051,1,5.462463855743408,1.0,0.6197345164609207,0,0,76.0,1.0,1.0,0.9498002889745354,0.8903180261452993,1.3628975326816242,0.1645229607820511,0.08333333333333333,0.0,0.02734382078051567,1.0,0.0,0.0,0.9794923067092896,1.0,0.9798434416018618,0.9798434416018618,1.0,0.9798434416018618,0.020156558398138232,0.04031311679627642,0.9395303248055853,210.7732619363819,0.004683850265252931,1.3086983654125117,-0.05840622301476665,421.67782581844904,0.25099855512732283,0.0783686637878418,0.7612516894548964,heuristic_fallback
20260514_035650,232,117,9.36,e2,Eval-Transferred-OSD+Fuzzy+OP-CBRS-e2,proxy,-12.568045616149902,-4.354033946990967,9.14565372467041,6.750976085662842,5.407876968383789,-0.45574846863746643,1.4650945824603185,0.9267624127909121,1,5.384085178375244,1.0,0.6198243299441479,0,0,76.0,1.0,1.0,0.9498002889745354,0.8917079269886017,1.364634908735752,0.16243810951709747,0.08333333333333333,0.0,0.03773151710629463,1.0,0.0,0.0,0.9796137809753418,1.0,0.9799707878298269,0.9799707878298269,1.0,0.9799707878298269,0.020029212170173148,0.040058424340346295,0.9399123634894806,210.77620137390477,0.004683915586086773,1.3012550683790032,-0.05746669788490316,421.67782581844904,0.25099855512732283,0.07837867736816406,0.8212516894548965,heuristic_fallback
20260514_035650,232,118,9.44,e2,Eval-Transferred-OSD+Fuzzy+OP-CBRS-e2,proxy,-12.559775352478027,-4.276082992553711,9.14593505859375,6.7660675048828125,5.482654094696045,-0.46665501594543457,1.4650946643331308,0.9232491892576521,1,5.305696487426758,1.0,0.5944124263279067,0,0,75.0,1.0,1.0,0.9498002889745354,0.893111377954483,1.3663892224431038,0.16033293306827545,0.08333333333333333,0.0,0.00779967475682497,1.0,0.0,0.0,0.9797369837760925,1.0,0.9800994531429584,0.9800994531429584,1.0,0.9800994531429584,0.01990054685704153,0.0398010937140831,0.9402983594288753,210.7795530161958,0.0046839900670265725,1.3240548128825758,-0.08606219873429076,421.67782581844904,0.25099855512732283,0.07838869094848633,0.8812516894548965,heuristic_fallback
20260514_035650,232,119,9.52,e2,Eval-Transferred-OSD+Fuzzy+OP-CBRS-e2,proxy,-12.551504135131836,-4.198122024536133,9.146198272705078,6.846301555633545,5.52300500869751,-0.47411155700683594,1.4650947272394665,0.9271897303827586,1,5.227298259735107,1.0,0.6364630635209098,0,0,75.0,1.0,1.0,0.9498002889745354,0.8945271074771881,1.3681588843464851,0.15820933878421783,0.08333333333333333,0.0,0.041906844824552536,1.0,0.0,0.0,0.9798617959022522,1.0,0.9802293231903493,0.9802293231903493,1.0,0.9802293231903493,0.019770676809650608,0.03954135361930123,0.940687969571048,210.78328816350233,0.004684073070300052,1.2988283677124564,-0.040790101202605886,421.67782581844904,0.25099855512732283,0.07839822769165039,0.9412516894548966,heuristic_fallback
20260514_035650,232,120,9.6,e2,Eval-Transferred-OSD+Fuzzy+OP-CBRS-e2,proxy,-12.543231964111328,-4.120150566101074,9.146444320678711,6.895177841186523,5.603044509887695,-0.45418447256088257,1.4650947707549045,0.9233754989412584,1,5.148889064788818,1.0,0.6025681834601406,0,0,74.0,1.0,1.0,0.9498002889745354,0.8959551155567169,1.3699438944458961,0.15606732666492462,0.08333333333333333,0.0,0.025228209793567657,1.0,0.0,0.0,0.979988157749176,1.0,0.9803604001119364,0.9803604001119364,1.0,0.9803604001119364,0.019639599888063616,0.03927919977612727,0.9410812003358091,210.78738499435724,0.0046841641109857165,1.3116943460055772,-0.07655048184761959,421.67782581844904,0.25099855512732283,0.07840919494628906,1.0,heuristic_fallback
20260514_035650,232,121,9.68,e2,Eval-Transferred-OSD+Fuzzy+OP-CBRS-e2,proxy,-12.534958839416504,-4.042169094085693,9.146674156188965,6.938408374786377,5.670713424682617,-0.47437864542007446,1.465094792433904,0.9169397400969898,1,5.070469379425049,1.0,0.6029806394107403,0,0,74.0,1.0,1.0,0.9498002889745354,0.8973935743172964,1.3717419678966205,0.15390963852405548,0.08333333333333333,0.0,0.007184437941759825,1.0,0.0,0.0,0.9801158905029297,1.0,0.9804925181324537,0.9804925181324537,1.0,0.9804925181324537,0.01950748186754614,0.03901496373509225,0.9414775543973615,210.7918162868591,0.004684262584152425,1.3255867895845779,-0.07813870104566102,421.67782581844904,0.25099855512732283,0.07841968536376953,1.0,heuristic_fallback
20260514_035650,232,122,9.76,e2,Eval-Transferred-OSD+Fuzzy+OP-CBRS-e2,proxy,-12.526683807373047,-3.964177131652832,9.146889686584473,6.994422435760498,5.735159397125244,-0.4464448094367981,1.465094791965088,0.92016550242019,1,4.992039680480957,1.0,0.6269285452042755,0,0,75.0,1.0,1.0,0.9498002889745354,0.8988438745339712,1.373554843167464,0.15173418819904327,0.08333333333333333,0.0,0.025423577055335045,1.0,0.0,0.0,0.9802451133728027,1.0,0.980625806977716,0.980625806977716,1.0,0.980625806977716,0.019374193022284047,0.038748386044568046,0.9418774209331479,210.79657487240183,0.004684368330497819,1.3122700103035652,-0.052561979264047015,421.67782581844904,0.25099855512732283,0.0784296989440918,1.0,heuristic_fallback
20260514_035650,232,123,9.84,e2,Eval-Transferred-OSD+Fuzzy+OP-CBRS-e2,proxy,-12.518407821655273,-3.8861746788024902,9.147090911865234,7.045563697814941,5.779623508453369,-0.42159098386764526,1.4650948041410556,0.9257826190300866,1,4.913599014282227,1.0,0.607460739315601,0,0,75.0,1.0,1.0,0.9498002889745354,0.9003024399280548,1.3753780499100685,0.14954634010791779,0.08333333333333333,0.0,0.01410671416670084,1.0,0.0,0.0,0.9803754687309265,1.0,0.9807599397879048,0.9807599397879048,1.0,0.9807599397879048,0.019240060212095317,0.038480120424190606,0.9422798193637142,210.80162049129387,0.004684480455362086,1.3211222988185618,-0.07336216425418673,421.67782581844904,0.25099855512732283,0.07844066619873047,1.0,heuristic_fallback
20260514_035650,232,124,9.92,e2,Eval-Transferred-OSD+Fuzzy+OP-CBRS-e2,proxy,-12.510130882263184,-3.808161497116089,9.147278785705566,7.1049418449401855,5.8315510749816895,-0.4585304856300354,1.465094820564239,0.9136449286219286,1,4.835148334503174,1.0,0.6265114639174357,0,0,75.0,1.0,1.0,0.9498002889745354,0.9017709990342458,1.3772137487928073,0.1473435014486313,0.08333333333333333,0.0,0.031814783811569214,1.0,0.0,0.0,0.980506956577301,1.0,0.9808950771929533,0.9808950771929533,1.0,0.9808950771929533,0.019104922807046783,0.03820984561409358,0.9426852315788598,210.8069413827326,0.004684598697394057,1.3082083863614582,-0.05273755650009559,421.67782581844904,0.25099855512732283,0.07845067977905273,1.0,heuristic_fallback
20260514_035650,232,125,10.0,e2,Eval-Transferred-OSD+Fuzzy+OP-CBRS-e2,proxy,-12.501852989196777,-3.730137825012207,9.147455215454102,7.1307220458984375,5.902896404266357,-0.4380720555782318,1.4650948341949568,0.9082959733755099,1,4.756686687469482,1.0,0.6077950588431046,0,0,75.0,1.0,1.0,0.9498002889745354,0.9032482107480367,1.379060263435046,0.14512768387794495,0.08333333333333333,0.0,0.02112024463713169,1.0,0.0,0.0,0.980639636516571,1.0,0.9810310975008948,0.9810310975008948,1.0,0.9810310975008948,0.018968902499105142,0.037937804998210235,0.9430932925026846,210.8125294599496,0.004684722876887769,1.316598593670734,-0.07272597293644287,421.67782581844904,0.25099855512732283,0.0784616470336914,1.0,heuristic_fallback
20260514_035650,232,126,10.08,e2,Eval-Transferred-OSD+Fuzzy+OP-CBRS-e2,proxy,-12.493574142456055,-3.6521034240722656,9.14762020111084,7.188579559326172,5.984914779663086,-0.44856950640678406,1.4650948369932126,0.9008690779279553,1,4.678214073181152,1.0,0.6135665756132419,0,0,75.0,1.0,1.0,0.9498002889745354,0.9047329425811768,1.380916178226471,0.14290058612823486,0.08333333333333333,0.0,0.018335256725549698,1.0,0.0,0.0,0.9807734489440918,1.0,0.9811678979446966,0.9811678979446966,1.0,0.9811678979446966,0.018832102055303408,0.03766420411060685,0.9435036938340897,210.81836500671488,0.004684852555704775,1.3190585175627056,-0.06743626441397123,421.67782581844904,0.25099855512732283,0.07847261428833008,1.0,heuristic_fallback
20260514_035650,232,127,10.16,e2,Eval-Transferred-OSD+Fuzzy+OP-CBRS-e2,proxy,-12.4852933883667,-3.5740580558776855,9.147773742675781,7.2353515625,6.035251617431641,-0.4681689143180847,1.4650948241704658,0.9131327129793833,1,4.599730491638184,1.0,0.6128708786035705,0,0,75.0,1.0,1.0,0.9498002889745354,0.9062254726886749,1.3827818408608437,0.1406617909669876,0.08333333333333333,0.0,0.013848085887730122,1.0,0.0,0.0,0.9809080958366394,1.0,0.9813055055991625,0.9813055055991625,1.0,0.9813055055991625,0.018694494400837588,0.03738898880167513,0.9439165167974873,210.82441878158636,0.0046849870840352525,1.3227970282179449,-0.06878476779136773,421.67782581844904,0.25099855512732283,0.07848358154296875,1.0,heuristic_fallback
20260514_035650,232,128,10.24,e2,Eval-Transferred-OSD+Fuzzy+OP-CBRS-e2,proxy,-12.477011680603027,-3.496001958847046,9.147917747497559,7.280925750732422,6.099689960479736,-0.4421936273574829,1.4650948297895658,0.918402059386188,1,4.521236419677734,1.0,0.6174800127307187,0,0,75.0,1.0,1.0,0.9498002889745354,0.9077254434426626,1.3846568043033283,0.13841183483600616,0.08333333333333333,0.0,0.01600678823888302,1.0,0.0,0.0,0.9810436964035034,1.0,0.9814438889405754,0.9814438889405754,1.0,0.9814438889405754,0.01855611105942448,0.03711222211884893,0.9443316668217265,210.83069132135324,0.00468512647380785,1.321552994143077,-0.0641622125919054,421.67782581844904,0.25099855512732283,0.07849407196044922,1.0,heuristic_fallback
20260514_035650,232,129,10.32,e2,Eval-Transferred-OSD+Fuzzy+OP-CBRS-e2,proxy,-12.468729019165039,-3.4179348945617676,9.148052215576172,7.324062824249268,6.157098770141602,-0.4542509913444519,1.4650948439205425,0.9246754538747639,1,4.442730903625488,1.0,0.6129654772521511,0,0,75.0,1.0,1.0,0.9498002889745354,0.9092315137386322,1.3865393921732903,0.1361527293920517,0.08333333333333333,0.0,0.010834327898919582,1.0,0.0,0.0,0.9811801910400391,1.0,0.981582925547304,0.981582925547304,1.0,0.981582925547304,0.01841707445269609,0.036834148905392154,0.9447487766419118,210.8371661339188,0.004685270358531528,1.325808856972042,-0.06940182159305058,421.67782581844904,0.25099855512732283,0.0785055160522461,1.0,heuristic_fallback
20260514_035650,232,130,10.4,e2,Eval-Transferred-OSD+Fuzzy+OP-CBRS-e2,proxy,-12.460445404052734,-3.3398568630218506,9.148178100585938,7.357215881347656,6.199167728424072,-0.4608466923236847,1.4650948538061028,0.9129104007797743,1,4.364214897155762,1.0,0.6147444578322376,0,0,75.0,1.0,1.0,0.9498002889745354,0.9107444087664286,1.3884305109580357,0.13388338685035706,0.08333333333333333,0.0,0.007697491906583309,1.0,0.0,0.0,0.9813175797462463,1.0,0.9817226836245125,0.9817226836245125,1.0,0.9817226836245125,0.01827731637548754,0.03655463275097503,0.9451680508735375,210.84383481680572,0.004685418551484571,1.3285397077232435,-0.06814026620237973,421.67782581844904,0.25099855512732283,0.07851600646972656,1.0,heuristic_fallback
20260514_035650,232,131,10.48,e2,Eval-Transferred-OSD+Fuzzy+OP-CBRS-e2,proxy,-12.452160835266113,-3.261767625808716,9.148296356201172,7.420147895812988,6.311524391174316,-0.45406657457351685,1.4650948531097419,0.9032353615318038,1,4.28568696975708,1.0,0.6323516538609222,0,0,75.0,1.0,1.0,0.9498002889745354,0.9122629364331564,1.3903286705414455,0.1316055953502655,0.08333333333333333,0.0,0.0319305956363678,1.0,0.0,0.0,0.9814556837081909,1.0,0.9818630542713527,0.9818630542713527,1.0,0.9818630542713527,0.01813694572864725,0.036273891457294545,0.9455891628140581,210.85067651206236,0.004685570589156941,1.310744511842587,-0.04832121721216486,421.67782581844904,0.25099855512732283,0.07852792739868164,1.0,heuristic_fallback
20260514_035650,232,132,10.56,e2,Eval-Transferred-OSD+Fuzzy+OP-CBRS-e2,proxy,-12.44387435913086,-3.1836674213409424,9.148406982421875,7.484161376953125,6.32401704788208,-0.4373500645160675,1.4650948294404604,0.9131957977009934,1,4.207148551940918,1.0,0.6143280613118708,0,0,75.0,1.0,1.0,0.9498002889745354,0.9137862920761108,1.3922328650951385,0.12932056188583374,0.08333333333333333,0.0,0.02968466468155384,1.0,0.0,0.0,0.981594443321228,1.0,0.9820039641523529,0.9820039641523529,1.0,0.9820039641523529,0.017996035847647016,0.03599207169529407,0.9460118924570589,210.85767703983993,0.0046857261564408875,1.312809798969436,-0.06677419050839549,421.67782581844904,0.25099855512732283,0.07853841781616211,1.0,heuristic_fallback
20260514_035650,232,133,10.64,e2,Eval-Transferred-OSD+Fuzzy+OP-CBRS-e2,proxy,-12.435586929321289,-3.105556011199951,9.148509979248047,7.517786979675293,6.405330181121826,-0.45316082239151,1.4650948232381835,0.9201092815684407,1,4.128598690032959,1.0,0.614379495175007,0,0,76.0,1.0,1.0,0.9498002889745354,0.9153152704238892,1.3941440880298615,0.12702709436416626,0.08333333333333333,0.0,0.026985030621290207,1.0,0.0,0.0,0.9817339777946472,1.0,0.9821454878306123,0.9821454878306123,1.0,0.9821454878306123,0.017854512169387597,0.035709024338775215,0.9464364634918371,210.86483700933525,0.004685885266874116,1.3152167691015784,-0.06720283834504791,421.67782581844904,0.25099855512732283,0.07854986190795898,1.0,heuristic_fallback
20260514_035650,232,134,10.72,e2,Eval-Transferred-OSD+Fuzzy+OP-CBRS-e2,proxy,-12.427298545837402,-3.027433395385742,9.148606300354004,7.584458351135254,6.480910778045654,-0.45661041140556335,1.4650948216574884,0.9002954469160674,1,4.050037860870361,1.0,0.6032634010303416,0,0,77.0,1.0,1.0,0.9498002889745354,0.9168490866820017,1.3960613583525021,0.12472636997699738,0.08333333333333333,0.0,0.0056649078615009785,1.0,0.0,0.0,0.9818741083145142,1.0,0.9822875537219091,0.9822875537219091,1.0,0.9822875537219091,0.017712446278090942,0.035424892556181926,0.9468626611657271,210.87214064908449,0.004686047569979656,1.3315903152359485,-0.08065916266469683,421.67782581844904,0.25099855512732283,0.07856082916259766,1.0,heuristic_fallback
20260514_035650,232,135,10.8,e2,Eval-Transferred-OSD+Fuzzy+OP-CBRS-e2,proxy,-12.4190092086792,-2.9492995738983154,9.148696899414062,7.6296916007995605,6.549315929412842,-0.4511857330799103,1.4650948113878097,0.9020381549583918,1,3.9714653491973877,1.0,0.6260636538368766,0,0,77.0,1.0,1.0,0.9498002889745354,0.9183879395325979,1.3979849244157474,0.12241809070110321,0.08333333333333333,0.0,0.018567778170108795,1.0,0.0,0.0,0.9820148348808289,1.0,0.9824301812368473,0.9824301812368473,1.0,0.9824301812368473,0.01756981876315268,0.03513963752630531,0.947290543710542,210.8795808861297,0.004686212908580661,1.3222978757171415,-0.056780920664240446,421.67782581844904,0.25099855512732283,0.07857251167297363,1.0,heuristic_fallback
20260514_035650,232,136,10.88,e2,Eval-Transferred-OSD+Fuzzy+OP-CBRS-e2,proxy,-12.410717964172363,-2.871154308319092,9.148780822753906,7.685116291046143,6.5861945152282715,-0.42032718658447266,1.4650947822326457,0.9116900556529443,1,3.8928816318511963,1.0,0.6186720351895092,0,0,77.0,1.0,1.0,0.9498002889745354,0.9199299116929373,1.3999123896161716,0.12010513246059418,0.08333333333333333,0.0,0.020696625113487244,1.0,0.0,0.0,0.9821562170982361,1.0,0.9825731935263587,0.9825731935263587,1.0,0.9825731935263587,0.017426806473641206,0.03485361294728236,0.9477195805790763,210.88715271573358,0.004686381171460746,1.3210867335496925,-0.06416988019939282,421.67782581844904,0.25099855512732283,0.0785837173461914,1.0,heuristic_fallback
20260514_035650,232,137,10.96,e2,Eval-Transferred-OSD+Fuzzy+OP-CBRS-e2,proxy,-12.402425765991211,-2.7929978370666504,9.148859977722168,7.694293022155762,6.660711765289307,-0.4601860046386719,1.4650947717547236,0.9158662636281321,1,3.814286231994629,1.0,0.6275724023773912,0,0,77.0,1.0,1.0,0.9498002889745354,0.9214772135019302,1.4018465168774128,0.11778417974710464,0.08333333333333333,0.0,0.03689222037792206,1.0,0.0,0.0,0.9822981953620911,1.0,0.9827167964755619,0.9827167964755619,1.0,0.9827167964755619,0.017283203524438285,0.03456640704887654,0.9481503894266853,210.89485071118827,0.004686552238026406,1.3093268625536147,-0.05386309621784649,421.67782581844904,0.25099855512732283,0.07859539985656738,1.0,heuristic_fallback
20260514_035650,232,138,11.04,e2,Eval-Transferred-OSD+Fuzzy+OP-CBRS-e2,proxy,-12.394132614135742,-2.714829921722412,9.148933410644531,7.7515788078308105,6.734400272369385,-0.4394959807395935,1.4650947648082686,0.9275111346655468,1,3.7356796264648438,1.0,0.6076657838036787,0,0,78.0,1.0,1.0,0.9498002889745354,0.9230271478494009,1.4037839348117511,0.11545927822589874,0.08333333333333333,0.0,0.022541914135217667,1.0,0.0,0.0,0.9824406504631042,1.0,0.9828607406115658,0.9828607406115658,1.0,0.9828607406115658,0.017139259388434122,0.034278518776868216,0.9485822218346975,210.9026580977835,0.004686725735506301,1.3204770758225106,-0.07541576721666546,421.67782581844904,0.25099855512732283,0.07860660552978516,1.0,heuristic_fallback
20260514_035650,232,139,11.12,e2,Eval-Transferred-OSD+Fuzzy+OP-CBRS-e2,proxy,-12.38583755493164,-2.636650562286377,9.149002075195312,7.805079936981201,6.759655952453613,-0.4252537786960602,1.465094747171415,0.9084683303197572,1,3.6570615768432617,1.0,0.617522796266647,0,0,78.0,1.0,1.0,0.9498002889745354,0.924581358830134,1.4057266985376675,0.11312796175479889,0.08333333333333333,0.0,0.0223098061978817,1.0,0.0,0.0,0.9825835824012756,1.0,0.9830051793702455,0.9830051793702455,1.0,0.9830051793702455,0.016994820629754492,0.03398964125950896,0.9490155381107365,210.91057284337705,0.004686901618741713,1.321039709520696,-0.06579460710448852,421.67782581844904,0.25099855512732283,0.07861804962158203,1.0,heuristic_fallback
20260514_035650,232,140,11.2,e2,Eval-Transferred-OSD+Fuzzy+OP-CBRS-e2,proxy,-12.377541542053223,-2.558459758758545,9.149066925048828,7.8634934425354,6.824953556060791,-0.45239800214767456,1.4650947573640816,0.90513670454029,1,3.5784318447113037,1.0,0.6251191850628389,0,0,77.0,1.0,1.0,0.9498002889745354,0.926138753692309,1.4076734421153863,0.11079186946153641,0.08333333333333333,0.0,0.03386338800191879,1.0,0.0,0.0,0.98272705078125,1.0,0.98315001199972,0.98315001199972,1.0,0.98315001199972,0.01684998800027989,0.03369997600055976,0.9494500359991602,210.9185932710534,0.004687079850467853,1.312763871883212,-0.057257012165990204,421.67782581844904,0.25099855512732283,0.07862973213195801,1.0,heuristic_fallback
20260514_035650,232,141,11.28,e2,Eval-Transferred-OSD+Fuzzy+OP-CBRS-e2,proxy,-12.369244575500488,-2.480257511138916,9.149127006530762,7.930107593536377,6.890443801879883,-0.4588529169559479,1.46509477681358,0.9155372791304787,1,3.499790668487549,1.0,0.6082267517269233,0,0,77.0,1.0,1.0,0.9498002889745354,0.9276983539263407,1.4096229424079258,0.10845246911048889,0.08333333333333333,0.0,0.019162246957421303,1.0,0.0,0.0,0.9828709959983826,1.0,0.9832951481107167,0.9832951481107167,1.0,0.9832951481107167,0.016704851889283362,0.033409703778566675,0.94988544433215,210.92670797260155,0.004687260177168923,1.324179627725093,-0.07583274008874305,421.67782581844904,0.25099855512732283,0.07864117622375488,1.0,heuristic_fallback
20260514_035650,232,142,11.36,e2,Eval-Transferred-OSD+Fuzzy+OP-CBRS-e2,proxy,-12.360946655273438,-2.4020438194274902,9.14918327331543,7.927377223968506,6.982543468475342,-0.43464797735214233,1.4650947897034083,0.9209807504834354,1,3.421138048171997,1.0,0.6248882330208596,0,0,77.0,1.0,1.0,0.9498002889745354,0.9292620172103246,1.4115775215129058,0.10610697418451309,0.08333333333333333,0.0,0.02941608801484108,1.0,0.0,0.0,0.9830152988433838,1.0,0.9834407612729725,0.9834407612729725,1.0,0.9834407612729725,0.016559238727027414,0.03311847745405481,0.9503222838189177,210.9349084828009,0.004687442410728909,1.316880162753024,-0.05835946147644755,421.67782581844904,0.25099855512732283,0.07865262031555176,1.0,heuristic_fallback
20260514_035650,232,143,11.44,e2,Eval-Transferred-OSD+Fuzzy+OP-CBRS-e2,proxy,-12.352646827697754,-2.3238184452056885,9.149235725402832,8.002610206604004,7.01748514175415,-0.45617231726646423,1.4650947823514746,0.9132088326279092,1,3.3424735069274902,1.0,0.6211994269704985,0,0,77.0,1.0,1.0,0.9498002889745354,0.9308279603719711,1.413534950464964,0.1037580594420433,0.08333333333333333,0.0,0.03452064469456673,1.0,0.0,0.0,0.9831600785255432,1.0,0.9835866861359667,0.9835866861359667,1.0,0.9835866861359667,0.016413313864033365,0.03282662772806668,0.9507600584079,210.9431975798435,0.004687626612885412,1.3134432310336415,-0.06175401081977611,421.67782581844904,0.25099855512732283,0.07866454124450684,1.0,heuristic_fallback
20260514_035650,232,144,11.52,e2,Eval-Transferred-OSD+Fuzzy+OP-CBRS-e2,proxy,-12.344346046447754,-2.24558162689209,9.149285316467285,8.09157657623291,7.084290504455566,-0.44399306178092957,1.46509479683612,0.9266017002052849,1,3.2637977600097656,1.0,0.6051874568186653,0,0,76.0,1.0,1.0,0.9498002889745354,0.9323969880739847,1.415496235092481,0.10140451788902283,0.08333333333333333,0.0,0.013974628411233425,1.0,0.0,0.0,0.9833051562309265,1.0,0.9837329982967522,0.9837329982967522,1.0,0.9837329982967522,0.01626700170324796,0.03253400340649587,0.9511989948902563,210.95156090064222,0.004687812464458716,1.329245000171645,-0.08003351373623294,421.67782581844904,0.25099855512732283,0.07867574691772461,1.0,heuristic_fallback
20260514_035650,232,145,11.6,e2,Eval-Transferred-OSD+Fuzzy+OP-CBRS-e2,proxy,-12.336044311523438,-2.1673331260681152,9.149331092834473,8.108617782592773,7.172462463378906,-0.451034277677536,1.465094814303675,0.9263865198109517,1,3.185109853744507,1.0,0.63758990520741,0,0,76.0,1.0,1.0,0.9498002889745354,0.9339678635199865,1.4174598293999832,0.0990482047200203,0.08333333333333333,0.0,0.04283029958605766,1.0,0.0,0.0,0.983450710773468,1.0,0.9838795829977118,0.9838795829977118,1.0,0.9838795829977118,0.01612041700228836,0.03224083400457674,0.951638748993135,210.96000356216712,0.00468800007915927,1.307995965652027,-0.04496338251227683,421.67782581844904,0.25099855512732283,0.07868790626525879,1.0,heuristic_fallback
20260514_035650,232,146,11.68,e2,Eval-Transferred-OSD+Fuzzy+OP-CBRS-e2,proxy,-12.327741622924805,-2.0890729427337646,9.149374008178711,8.147720336914062,7.215116500854492,-0.44915860891342163,1.4650948169679863,0.9278854129323523,1,3.106410503387451,1.0,0.6038400311436254,0,0,76.0,1.0,1.0,0.9498002889745354,0.9355413566033045,1.4194266957541306,0.09668796509504318,0.08333333333333333,0.0,0.02030831389129162,1.0,0.0,0.0,0.9835965633392334,1.0,0.9840265126117301,0.9840265126117301,1.0,0.9840265126117301,0.01597348738826998,0.03194697477653991,0.9520795378351902,210.96851434966266,0.004688189207770281,1.3252808281939312,-0.0811800249128543,421.67782581844904,0.25099855512732283,0.07869935035705566,1.0,heuristic_fallback
20260514_035650,232,147,11.76,e2,Eval-Transferred-OSD+Fuzzy+OP-CBRS-e2,proxy,-12.319437026977539,-2.010801076889038,9.1494140625,8.194670677185059,7.294939041137695,-0.45246031880378723,1.4650947892216784,0.9048025200792021,1,3.0276994705200195,1.0,0.6088090601071072,0,0,75.0,1.0,1.0,0.9498002889745354,0.937117318312327,1.4213966478904088,0.0943240225315094,0.08333333333333333,0.0,0.0032201886642724276,1.0,0.0,0.0,0.9837427735328674,1.0,0.984173773816762,0.984173773816762,1.0,0.984173773816762,0.01582622618323798,0.03165245236647598,0.952521321450286,210.97709295788457,0.0046883798435085455,1.3384909125414512,-0.07813581719485643,421.67782581844904,0.25099855512732283,0.07871103286743164,1.0,heuristic_fallback
20260514_035650,232,148,11.84,e2,Eval-Transferred-OSD+Fuzzy+OP-CBRS-e2,proxy,-12.311131477355957,-1.9325175285339355,9.149452209472656,8.26923942565918,7.350164413452148,-0.45147213339805603,1.4650947784649013,0.910886206853345,1,2.9489762783050537,1.0,0.629292511968731,0,0,75.0,1.0,1.0,0.9498002889745354,0.9386950135231018,1.4233687669038773,0.09195747971534729,0.08333333333333333,0.0,0.015207034535706043,1.0,0.0,0.0,0.9838894009590149,1.0,0.9843212984302707,0.9843212984302707,1.0,0.9843212984302707,0.01567870156972932,0.03135740313945864,0.952963895290812,210.9857404658079,0.004688572010351287,1.3298952019405696,-0.05779476888212657,421.67782581844904,0.25099855512732283,0.07872319221496582,1.0,heuristic_fallback
20260514_035650,232,149,11.92,e2,Eval-Transferred-OSD+Fuzzy+OP-CBRS-e2,proxy,-12.302824974060059,-1.854222297668457,9.149487495422363,8.29788589477539,7.439033508300781,-0.46833789348602295,1.4650947630947164,0.9047705269916357,1,2.87024188041687,1.0,0.6311581050976769,0,0,75.0,1.0,1.0,0.9498002889745354,0.9402740349372228,1.4253425436715286,0.0895889475941658,0.08333333333333333,0.0,0.02830534055829048,1.0,0.0,0.0,0.9840362668037415,1.0,0.9844690487673793,0.9844690487673793,1.0,0.9844690487673793,0.015530951232620768,0.031061902465241556,0.9534071463021377,210.9944397663977,0.004688765328142171,1.3204662277771615,-0.056565432411963164,421.67782581844904,0.25099855512732283,0.0787343978881836,1.0,heuristic_fallback
20260514_035650,232,150,12.0,e2,Eval-Transferred-OSD+Fuzzy+OP-CBRS-e2,proxy,-12.294516563415527,-1.7759153842926025,9.149520874023438,8.350680351257324,7.460051536560059,-0.4679003357887268,1.4650947242387438,0.9221691376441945,1,2.7914953231811523,1.0,0.631055659824938,0,0,74.0,1.0,1.0,0.9498002889745354,0.9418555398782095,1.4273194248477619,0.08721669018268585,0.08333333333333333,0.0,0.039495471864938736,1.0,0.0,0.0,0.9841834306716919,1.0,0.9846171335936696,0.9846171335936696,1.0,0.9846171335936696,0.015382866406330206,0.03076573281266041,0.9538514007810093,211.0031948412875,0.004688959885361945,1.312469005532422,-0.05750023604499248,421.67782581844904,0.25099855512732283,0.07874655723571777,1.0,heuristic_fallback
20260514_035650,232,151,12.08,e2,Eval-Transferred-OSD+Fuzzy+OP-CBRS-e2,proxy,-12.28620719909668,-1.6975966691970825,9.149551391601562,8.390152931213379,7.5542378425598145,-0.44403886795043945,1.4650947116367103,0.9238817194771017,1,2.7127368450164795,1.0,0.6148117001549435,0,0,73.0,1.0,1.0,0.9498002889745354,0.943438246846199,1.4292978085577488,0.08484262973070145,0.08333333333333333,0.0,0.022611070424318314,1.0,0.0,0.0,0.9843308329582214,1.0,0.9847654333784733,0.9847654333784733,1.0,0.9847654333784733,0.015234566621526746,0.030469133243053465,0.9542963001354199,211.01199800290772,0.004689155511175727,1.3255279833548848,-0.07738319772024636,421.67782581844904,0.25099855512732283,0.07875847816467285,1.0,heuristic_fallback
20260514_035650,232,152,12.16,e2,Eval-Transferred-OSD+Fuzzy+OP-CBRS-e2,proxy,-12.277896881103516,-1.619266152381897,9.149580001831055,8.433337211608887,7.607386589050293,-0.41026759147644043,1.4650946988728133,0.9132693785718397,1,2.6339669227600098,1.0,0.6302986283843592,0,0,72.0,1.0,1.0,0.9498002889745354,0.945023442308108,1.431279302885135,0.08246483653783798,0.08333333333333333,0.0,0.02586686983704567,1.0,0.0,0.0,0.9844787120819092,1.0,0.9849140691288141,0.9849140691288141,1.0,0.9849140691288141,0.015085930871185822,0.03017186174237162,0.9547422073864424,211.0208657661733,0.00468935257258163,1.3234824326608166,-0.06351936784437538,421.67782581844904,0.25099855512732283,0.07876992225646973,1.0,heuristic_fallback
20260514_035650,232,153,12.24,e2,Eval-Transferred-OSD+Fuzzy+OP-CBRS-e2,proxy,-12.269584655761719,-1.540923833847046,9.149606704711914,8.473483085632324,7.683013916015625,-0.4640645384788513,1.4650946646725205,0.900743685780203,1,2.555184841156006,1.0,0.6407727957844843,0,0,72.0,1.0,1.0,0.9498002889745354,0.9466092685858408,1.433261585732301,0.08008609712123871,0.08333333333333333,0.0,0.04302898421883583,1.0,0.0,0.0,0.9846267700195312,1.0,0.9850628670700925,0.9850628670700925,1.0,0.9850628670700925,0.014937132929907618,0.02987426585981519,0.9551886012102773,211.02977625781205,0.004689550583506934,1.3110073034439071,-0.05328157416680354,421.67782581844904,0.25099855512732283,0.0787820816040039,1.0,heuristic_fallback
20260514_035650,232,154,12.32,e2,Eval-Transferred-OSD+Fuzzy+OP-CBRS-e2,proxy,-12.261271476745605,-1.4625697135925293,9.149632453918457,8.521170616149902,7.716612815856934,-0.4416223168373108,1.4650946627053156,0.9102023930183797,1,2.476390838623047,1.0,0.6245362264423414,0,0,70.0,1.0,1.0,0.9498002889745354,0.9481974144776663,1.4352467680970828,0.07770387828350067,0.08333333333333333,0.0,0.03289610520005226,1.0,0.0,0.0,0.9847750663757324,1.0,0.9852119860572902,0.9852119860572902,1.0,0.9852119860572902,0.01478801394270984,0.029576027885419635,0.9556359581718705,211.03873119015043,0.004689749582003343,1.319003999180951,-0.07248331870050784,421.67782581844904,0.25099855512732283,0.07879400253295898,1.0,heuristic_fallback
20260514_035650,232,155,12.4,e2,Eval-Transferred-OSD+Fuzzy+OP-CBRS-e2,proxy,-12.252957344055176,-1.3842037916183472,9.149656295776367,8.589340209960938,7.777413368225098,-0.44498634338378906,1.465094663792532,0.9190256847121119,1,2.397585391998291,1.0,0.6208665132094242,0,0,70.0,1.0,1.0,0.9498002889745354,0.9497857441504797,1.4372321801880996,0.07532138377428055,0.08333333333333333,0.0,0.012586135417222977,1.0,0.0,0.0,0.9849236607551575,1.0,0.9853612258986454,0.9853612258986454,1.0,0.9853612258986454,0.014638774101354713,0.029277548202709447,0.9560836776959359,211.04772888887885,0.004689949530863974,1.3346335589362763,-0.08013380216371832,421.67782581844904,0.25099855512732283,0.07880544662475586,1.0,heuristic_fallback
20260514_035650,232,156,12.48,e2,Eval-Transferred-OSD+Fuzzy+OP-CBRS-e2,proxy,-12.244641304016113,-1.30582594871521,9.149678230285645,8.614093780517578,7.838613510131836,-0.4196828007698059,1.4650946442770034,0.9135792772853248,1,2.318767547607422,1.0,0.6365489553490281,0,0,69.0,1.0,1.0,0.9498002889745354,0.951376015941302,1.4392200199266274,0.07293597608804703,0.08333333333333333,0.0,0.012444350868463516,1.0,0.0,0.0,0.9850723743438721,1.0,0.985510752124246,0.985510752124246,1.0,0.985510752124246,0.014489247875754048,0.028978495751508116,0.9565322563727379,211.056758585868,0.004690150190797067,1.3351374652955517,-0.06642054706523817,421.67782581844904,0.25099855512732283,0.07881784439086914,1.0,heuristic_fallback
20260514_035650,232,157,12.56,e2,Eval-Transferred-OSD+Fuzzy+OP-CBRS-e2,proxy,-12.236324310302734,-1.2274363040924072,9.149699211120605,8.680334091186523,7.9217681884765625,-0.46435752511024475,1.4650946586965203,0.900941509817032,1,2.2399377822875977,1.0,0.6515921196942418,0,0,68.0,1.0,1.0,0.9498002889745354,0.9529673804839452,1.4412092256049316,0.07054892927408218,0.08333333333333333,0.0,0.03314131498336792,1.0,0.0,0.0,0.9852215051651001,1.0,0.985660485278141,0.985660485278141,1.0,0.985660485278141,0.014339514721858886,0.02867902944371775,0.9569814558344233,211.06583940302198,0.004690351986733822,1.320012583345034,-0.051260682244609994,421.67782581844904,0.25099855512732283,0.07882976531982422,1.0,heuristic_fallback
20260514_035650,232,158,12.64,e2,Eval-Transferred-OSD+Fuzzy+OP-CBRS-e2,proxy,-12.228006362915039,-1.1490347385406494,9.149718284606934,8.729752540588379,7.982738018035889,-0.47051435708999634,1.465094677649875,0.9065835082702253,1,2.1610963344573975,1.0,0.6330397682339749,0,0,68.0,1.0,1.0,0.9498002889745354,0.9545599520206451,1.4431999400258064,0.06816007196903229,0.08333333333333333,0.0,0.023229824379086494,1.0,0.0,0.0,0.9853708148002625,1.0,0.9858104364444676,0.9858104364444676,1.0,0.9858104364444676,0.014189563555532454,0.028379127111064884,0.9574313093334027,211.07495244794802,0.004690554498843289,1.3278443441824201,-0.07275636432311912,421.67782581844904,0.25099855512732283,0.0788414478302002,1.0,heuristic_fallback
20260514_035650,232,159,12.72,e2,Eval-Transferred-OSD+Fuzzy+OP-CBRS-e2,proxy,-12.219686508178711,-1.0706212520599365,9.149736404418945,8.76340103149414,8.025835990905762,-0.4722689986228943,1.4650946727277236,0.9121861125372759,1,2.082242727279663,1.0,0.6439885312738107,0,0,67.0,1.0,1.0,0.9498002889745354,0.9561538944641749,1.4451923680802186,0.06576915830373764,0.08333333333333333,0.0,0.026799853891134262,1.0,0.0,0.0,0.9855203628540039,1.0,0.985960621419868,0.985960621419868,1.0,0.985960621419868,0.014039378580132107,0.028078757160264214,0.9578818642596038,211.08410301650292,0.004690757844811176,1.3255653076592668,-0.06340556867201258,421.67782581844904,0.25099855512732283,0.07885360717773438,1.0,heuristic_fallback
20260514_035650,232,160,12.8,e2,Eval-Transferred-OSD+Fuzzy+OP-CBRS-e2,proxy,-12.211365699768066,-0.9921958446502686,9.14975357055664,8.841385841369629,8.093266487121582,-0.45026522874832153,1.4650947072301468,0.9123371795599974,1,2.0033771991729736,1.0,0.6413401324964996,0,0,66.0,1.0,1.0,0.9498002889745354,0.9577483832836151,1.447185479104519,0.06337742507457733,0.08333333333333333,0.0,0.0233837328851223,1.0,0.0,0.0,0.9856700897216797,1.0,0.9861109628139186,0.9861109628139186,1.0,0.9861109628139186,0.01388903718608145,0.0277780743721629,0.9583328884417557,211.09328428091248,0.004690961872909166,1.3285260206186358,-0.06834967469499158,421.67782581844904,0.25099855512732283,0.07886552810668945,1.0,heuristic_fallback
20260514_035650,232,161,12.88,e2,Eval-Transferred-OSD+Fuzzy+OP-CBRS-e2,proxy,-12.203043937683105,-0.9137584567070007,9.14976978302002,8.909006118774414,8.162544250488281,-0.42846375703811646,1.4650947461912696,0.9011488324861245,2,1.9244996309280396,1.0,18.645263873341097,0,0,65.0,1.0,1.0,0.9498002889745354,0.9593442007899284,1.4491802509874105,0.060983698815107346,0.08333333333333333,0.0,0.02281225100159645,1.0,0.0,0.0,0.9858200550079346,1.0,0.9862615346846142,0.9862615346846142,1.0,0.9862615346846142,0.01373846531538578,0.027476930630771515,0.9587846040538427,211.10249797823963,0.004691166621738658,1.3293535864078585,-0.06643817098199074,421.67782581844904,0.25099855512732283,0.07887756824493408,1.0,heuristic_fallback
20260514_035650,232,162,12.96,e2,Eval-Transferred-OSD+Fuzzy+OP-CBRS-e2,proxy,-12.197050094604492,-0.8350628018379211,9.143120765686035,8.904950141906738,8.238813400268555,-0.4676703214645386,1.482166213974671,0.9301486381368064,2,10.84228515625,1.0,0.6329721870849759,0,0,64.0,1.0,1.0,0.9498002889745354,1.0,1.5,0.0,0.08333333333333333,0.0,0.04827561974525452,1.0,0.0,0.0,0.985970139503479,1.0,0.9901334127352318,0.9901334127352318,1.0,0.9901334127352318,0.00986658726476831,0.019733174529536594,0.9704002382056952,212.60443780135802,0.004724543062252401,1.3204200096526328,-0.05702141793268607,421.67782581844904,0.25099855512732283,0.0789642333984375,1.0,heuristic_fallback
20260514_035650,232,163,13.04,e2,Eval-Transferred-OSD+Fuzzy+OP-CBRS-e2,proxy,-12.192605018615723,-0.7562071681022644,9.13219928741455,8.967360496520996,8.296786308288574,-0.476634681224823,1.495973587157751,0.9461461208378411,2,10.763059616088867,1.0,0.6119280809312688,0,0,62.0,1.0,1.0,0.9498002889745354,0.9959171880036592,1.494896485004574,0.0061242179945111275,0.08333333333333333,0.0,0.024577481672167778,1.0,0.0,0.0,0.9900391697883606,1.0,0.9897414422637206,0.9897414422637206,1.0,0.9897414422637206,0.010258557736279315,0.02051711547255865,0.969224326791162,213.82300346091426,0.0047516222991314284,1.3371729102083627,-0.08126445922915464,421.67782581844904,0.25099855512732283,0.07922554016113281,1.0,heuristic_fallback
20260514_035650,232,164,13.12,e2,Eval-Transferred-OSD+Fuzzy+OP-CBRS-e2,proxy,-12.189189910888672,-0.6772605180740356,9.11866569519043,9.024800300598145,8.363717079162598,-0.48846593499183655,1.507129563576861,0.9653765266587098,2,10.683690071105957,1.0,0.6249804250811898,0,0,60.0,1.0,1.0,0.9498002889745354,0.9902737643569708,1.4878422054462135,0.01458935346454382,0.08333333333333333,0.0,0.01877659186720848,1.0,0.0,0.0,0.9966545701026917,1.0,0.9892008079276152,0.9892008079276152,1.0,0.9892008079276152,0.010799192072384745,0.021598384144769507,0.9676024237828457,214.83122385181207,0.004774027196706935,1.34011272165041,-0.06888764855181115,421.67782581844904,0.25099855512732283,0.07936954498291016,1.0,heuristic_fallback
20260514_035650,232,165,13.2,e2,Eval-Transferred-OSD+Fuzzy+OP-CBRS-e2,proxy,-12.1864595413208,-0.5982722640037537,9.103666305541992,9.03535270690918,8.417032241821289,-0.5355982780456543,1.5161356971093947,0.9668818254220221,2,10.60426139831543,1.0,0.6347989327319047,0,0,55.0,1.0,1.0,0.9498002889745354,0.983109325170517,1.4788866564631462,0.02533601224422455,0.08333333333333333,0.0,0.028125489130616188,1.0,0.0,0.0,1.0021376609802246,1.0,0.9885163983326577,0.9885163983326577,1.0,0.9885163983326577,0.011483601667342245,0.022967203334684532,0.9655491949979732,215.51180203451804,0.004789151156322623,1.3313099389062408,-0.05767221508658263,421.67782581844904,0.25099855512732283,0.07942867279052734,1.0,heuristic_fallback
20260514_035650,232,166,13.28,e2,Eval-Transferred-OSD+Fuzzy+OP-CBRS-e2,proxy,-12.184185028076172,-0.5192775726318359,9.087985038757324,9.091489791870117,8.507841110229492,-0.501762866973877,1.5234012317476673,0.9730998252526706,2,10.52483081817627,1.0,0.6357316292043143,0,0,53.0,1.0,1.0,0.9498002889745354,0.9749802127480507,1.4687252659350634,0.037529680877923965,0.08333333333333333,0.0,0.04069344699382782,1.0,0.0,0.0,1.0055763721466064,1.0,0.9877424463589178,0.9877424463589178,1.0,0.9877424463589178,0.012257553641082266,0.024515107282164484,0.9632273390767533,215.88618668903837,0.0047974708153119645,1.3198516924032155,-0.0546563464436908,421.67782581844904,0.25099855512732283,0.07943058013916016,1.0,heuristic_fallback
20260514_035650,232,167,13.36,e2,Eval-Transferred-OSD+Fuzzy+OP-CBRS-e2,proxy,-12.18221378326416,-0.4403008222579956,9.072152137756348,9.124687194824219,8.55393123626709,-0.5380398035049438,1.5292592011733455,0.9690030587720305,2,10.44543743133545,1.0,0.6189756076265189,0,0,52.0,1.0,1.0,0.9498002889745354,0.9663716504971186,1.4579645631213982,0.05044252425432205,0.08333333333333333,0.0,0.029097381979227066,1.0,0.0,0.0,1.007102608680725,1.0,0.9869258581033686,0.9869258581033686,1.0,0.9869258581033686,0.013074141896631386,0.026148283793262794,0.9607775743101058,216.01858908258555,0.004800413090724123,1.3263966006014332,-0.07151647451574618,421.67782581844904,0.25099855512732283,0.07939338684082031,1.0,heuristic_fallback
20260514_035650,232,168,13.44,e2,Eval-Transferred-OSD+Fuzzy+OP-CBRS-e2,proxy,-12.180444717407227,-0.36135831475257874,9.056520462036133,9.178053855895996,8.610377311706543,-0.5476022362709045,1.5339800518729005,0.9843694583378789,2,10.366104125976562,1.0,0.6166981943402771,0,0,52.0,1.0,1.0,0.9498002889745354,0.957631935675939,1.4470399195949237,0.06355209648609161,0.08333333333333333,0.0,0.014291204512119293,1.0,0.0,0.0,1.0071537494659424,1.0,0.9860999796298984,0.9860999796298984,1.0,0.9860999796298984,0.013900020370101615,0.027800040740203185,0.9582999388896952,215.97656601526432,0.004799479244783652,1.335316304996469,-0.07410157150834755,421.67782581844904,0.25099855512732283,0.07933330535888672,1.0,heuristic_fallback
20260514_035650,232,169,13.52,e2,Eval-Transferred-OSD+Fuzzy+OP-CBRS-e2,proxy,-12.178810119628906,-0.2824605107307434,9.041319847106934,9.200632095336914,8.677838325500488,-0.5291091799736023,1.5377830154349295,1.0023883883496376,2,10.286846160888672,1.0,0.6205873728517198,0,0,51.0,1.0,1.0,0.9498002889745354,0.9490015059709549,1.4362518824636936,0.07649774104356766,0.08333333333333333,0.0,0.006105783861130476,1.0,0.0,0.0,1.006183385848999,1.0,0.9852875257338028,0.9852875257338028,1.0,0.9852875257338028,0.014712474266197139,0.029424948532394298,0.9558625772014085,215.8171715058288,0.004795937144573974,1.3392977630584646,-0.06979922024839079,421.67782581844904,0.25099855512732283,0.07925796508789062,1.0,heuristic_fallback
20260514_035650,232,170,13.6,e2,Eval-Transferred-OSD+Fuzzy+OP-CBRS-e2,proxy,-12.177266120910645,-0.2036135196685791,9.026692390441895,9.251068115234375,8.717789649963379,-0.5490954518318176,1.54084556349361,1.0020794345459445,2,10.207670211791992,1.0,0.5229659108463335,0,0,50.0,1.0,1.0,0.9498002889745354,0.9406369378169378,1.4257961722711723,0.08904459327459335,0.16666666666666666,0.08333333333333333,0.034026045352220535,1.0,0.0,0.0,1.0045679807662964,1.0,0.984503020281283,0.984503020281283,1.0,0.984503020281283,0.015496979718716998,0.030993959437433948,0.953509060843849,215.58417156869882,0.004790759368193308,1.4829330915683092,-0.18839405586819463,421.67782581844904,0.25099855512732283,0.07917594909667969,1.0,heuristic_fallback
20260514_035650,232,171,13.68,e2,Eval-Transferred-OSD+Fuzzy+OP-CBRS-e2,proxy,-12.175782203674316,-0.12482039630413055,9.01272201538086,9.300963401794434,8.835579872131348,-0.5650398135185242,1.5433111716707402,0.991762662981964,2,10.128580093383789,1.0,0.6166967401200772,0,0,50.0,1.0,1.0,0.9498002889745354,0.9326374481121699,1.4157968101402123,0.10104382783174515,0.16666666666666666,0.0,0.0383685901761055,1.0,0.0,0.0,1.0025898218154907,1.0,0.9837554300853785,0.9837554300853785,1.0,0.9837554300853785,0.01624456991462144,0.032489139829242855,0.9512662902561356,215.30927374292924,0.00478465052762065,1.4776763105242037,-0.06801381809076164,421.67782581844904,0.25099855512732283,0.07909011840820312,1.0,heuristic_fallback
20260514_035650,232,172,13.76,e2,Eval-Transferred-OSD+Fuzzy+OP-CBRS-e2,proxy,-12.174338340759277,-0.04608200490474701,8.999451637268066,9.324946403503418,8.898966789245605,-0.6126593351364136,1.5452957474161049,0.9955236997805259,2,10.04957389831543,1.0,0.6086230725925723,0,0,48.0,1.0,1.0,0.9498002889745354,0.9250635902086893,1.4063294877608616,0.11240461468696594,0.16666666666666666,0.0,0.03199511393904686,1.0,0.0,0.0,1.000447392463684,1.0,0.9830500148238812,0.9830500148238812,1.0,0.9830500148238812,0.0169499851761188,0.0338999703522376,0.9491500444716436,215.0145247554833,0.004778100550121852,1.4805629532261275,-0.07556250964536879,421.67782581844904,0.25099855512732283,0.07900619506835938,1.0,heuristic_fallback
20260514_035650,232,173,13.84,e2,Eval-Transferred-OSD+Fuzzy+OP-CBRS-e2,proxy,-12.172922134399414,0.032602302730083466,8.986895561218262,9.378918647766113,8.971662521362305,-0.5980985164642334,1.5468928448610677,1.0003276912117824,2,9.970648765563965,1.0,0.6109812640772807,0,0,48.0,1.0,1.0,0.9498002889745354,0.9179448088010153,1.397431011001269,0.12308278679847717,0.16666666666666666,0.0,0.03060098923742771,1.0,0.0,0.0,0.9982740879058838,1.0,0.982389100197221,0.982389100197221,1.0,0.982389100197221,0.017610899802778912,0.035221799605557796,0.9471673005916632,214.71477122404212,0.00477143936053427,1.4798288514004232,-0.0722411188263476,421.67782581844904,0.25099855512732283,0.07892513275146484,1.0,heuristic_fallback
20260514_035650,232,174,13.92,e2,Eval-Transferred-OSD+Fuzzy+OP-CBRS-e2,proxy,-12.171524047851562,0.1112341657280922,8.97504997253418,9.445094108581543,9.001184463500977,-0.6178957223892212,1.5481779086125425,1.0136059129867616,2,9.891802787780762,1.0,0.6113411019133935,0,0,48.0,1.0,1.0,0.9498002889745354,0.9112939238548279,1.3891174048185349,0.13305911421775818,0.16666666666666666,0.0,0.031379539519548416,1.0,0.0,0.0,0.9961553812026978,1.0,0.9817734693827624,0.9817734693827624,1.0,0.9817734693827624,0.018226530617237526,0.036453061234475094,0.9453204081482873,214.41966572637875,0.0047648814605861945,1.477582217452286,-0.07075653599858424,421.67782581844904,0.25099855512732283,0.07884597778320312,1.0,heuristic_fallback
20260514_035650,232,175,14.0,e2,Eval-Transferred-OSD+Fuzzy+OP-CBRS-e2,proxy,-12.170138359069824,0.18981589376926422,8.963898658752441,9.460112571716309,9.084311485290527,-0.6322575807571411,1.5492117721374496,1.0005246503599874,2,9.813028335571289,1.0,0.6029233796311458,0,0,47.0,1.0,1.0,0.9498002889745354,0.9051099518934885,1.3813874398668606,0.14233507215976715,0.16666666666666666,0.0,0.020179182291030884,1.0,0.0,0.0,0.9941424131393433,1.0,0.9812026488910321,0.9812026488910321,1.0,0.9812026488910321,0.018797351108967922,0.037594702217935885,0.9436079466730962,214.13518960784177,0.004758559769063151,1.4844364923833393,-0.0793313522903384,421.67782581844904,0.25099855512732283,0.07877445220947266,1.0,heuristic_fallback
20260514_035650,232,176,14.08,e2,Eval-Transferred-OSD+Fuzzy+OP-CBRS-e2,proxy,-12.168761253356934,0.26835018396377563,8.953418731689453,9.55628776550293,9.14550495147705,-0.648905873298645,1.5500434510107506,1.015341641344044,2,9.734321594238281,1.0,0.6056024442268513,0,0,47.0,1.0,1.0,0.9498002889745354,0.8993825614452362,1.3742282018065453,0.1509261578321457,0.16666666666666666,0.0,0.01369842141866684,1.0,0.0,0.0,0.9922632575035095,1.0,0.9806753359276402,0.9806753359276402,1.0,0.9806753359276402,0.019324664072359755,0.03864932814471946,0.9420260077829208,213.86483011133726,0.004752551780251939,1.4878652154255492,-0.07640112131509004,421.67782581844904,0.25099855512732283,0.07870674133300781,1.0,heuristic_fallback
20260514_035650,232,177,14.16,e2,Eval-Transferred-OSD+Fuzzy+OP-CBRS-e2,proxy,-12.167389869689941,0.346839964389801,8.943580627441406,9.559784889221191,9.242621421813965,-0.6510660648345947,1.550712424234056,1.0036721871167018,2,9.655678749084473,1.0,0.6272192698797288,0,0,46.0,1.0,1.0,0.9498002889745354,0.8940974473953247,1.3676218092441559,0.15885382890701294,0.16666666666666666,0.0,0.04255649074912071,1.0,0.0,0.0,0.9905308485031128,1.0,0.9801899005024296,0.9801899005024296,1.0,0.9801899005024296,0.01981009949757045,0.03962019899514088,0.9405697015072887,213.6104124748167,0.004746898054995927,1.464900384915231,-0.051061470683394235,421.67782581844904,0.25099855512732283,0.0786428451538086,1.0,heuristic_fallback
20260514_035650,232,178,14.24,e2,Eval-Transferred-OSD+Fuzzy+OP-CBRS-e2,proxy,-12.166023254394531,0.42528825998306274,8.934353828430176,9.58017349243164,9.300475120544434,-0.6637297868728638,1.5512504870166701,1.0023684177793206,2,9.577093124389648,1.0,0.6005684982970374,0,0,45.0,1.0,1.0,0.9498002889745354,0.889236847559611,1.3615460594495137,0.1661447286605835,0.16666666666666666,0.0,0.03294621780514717,1.0,0.0,0.0,0.9889479875564575,1.0,0.9797444341192898,0.9797444341192898,1.0,0.9797444341192898,0.020255565880710133,0.040511131761420245,0.9392333023578695,213.37263409257184,0.004741614090946041,1.4708929396642827,-0.07791102091382801,421.67782581844904,0.25099855512732283,0.07858562469482422,1.0,heuristic_fallback
20260514_035650,232,179,14.32,e2,Eval-Transferred-OSD+Fuzzy+OP-CBRS-e2,proxy,-12.16465950012207,0.5036981105804443,8.925705909729004,9.633724212646484,9.350272178649902,-0.6965468525886536,1.5516832181895084,0.9987636080999469,2,9.498560905456543,1.0,0.6045704628029189,0,0,45.0,1.0,1.0,0.9498002889745354,0.8847796618938446,1.3559745773673058,0.1728305071592331,0.16666666666666666,0.0,0.030046824365854263,1.0,0.0,0.0,0.987511157989502,1.0,0.9793367607268864,0.9793367607268864,1.0,0.9793367607268864,0.020663239273113625,0.041326478546227265,0.9380102821806591,213.15147214453464,0.004736699380989659,1.4719531883273107,-0.0734951481699952,421.67782581844904,0.25099855512732283,0.07853221893310547,1.0,heuristic_fallback
20260514_035650,232,180,14.4,e2,Eval-Transferred-OSD+Fuzzy+OP-CBRS-e2,proxy,-12.163297653198242,0.5820724368095398,8.917604446411133,9.679119110107422,9.423116683959961,-0.6611513495445251,1.5520312194893697,1.010507606283778,2,9.420077323913574,1.0,0.6024055763060496,0,0,44.0,1.0,1.0,0.9498002889745354,0.8807060122489929,1.3508825153112411,0.17894098162651062,0.16666666666666666,0.0,0.02443617209792137,1.0,0.0,0.0,0.9862135052680969,1.0,0.9789648519496514,0.9789648519496514,1.0,0.9789648519496514,0.021035148050348503,0.04207029610069705,0.9368945558489544,212.94647609759807,0.004732143913279956,1.4751427651170474,-0.07557850544062829,421.67782581844904,0.25099855512732283,0.07848358154296875,1.0,heuristic_fallback
20260514_035650,232,181,14.48,e2,Eval-Transferred-OSD+Fuzzy+OP-CBRS-e2,proxy,-12.161937713623047,0.6604141592979431,8.910018920898438,9.713683128356934,9.485368728637695,-0.6841914057731628,1.5523110727843767,1.0016391104121067,2,9.341638565063477,1.0,0.6064875720933869,0,0,44.0,1.0,1.0,0.9498002889745354,0.8769932587941488,1.346241573492686,0.18451011180877686,0.16666666666666666,0.0,0.025870192795991898,1.0,0.0,0.0,0.985045850276947,1.0,0.9786264597595316,0.9786264597595316,1.0,0.9786264597595316,0.02137354024046838,0.04274708048093672,0.9358793792785949,212.75690867682908,0.0047279313039295355,1.4731390612297834,-0.07076480917596925,421.67782581844904,0.25099855512732283,0.07843875885009766,1.0,heuristic_fallback
20260514_035650,232,182,14.56,e2,Eval-Transferred-OSD+Fuzzy+OP-CBRS-e2,proxy,-12.160578727722168,0.7387259602546692,8.902917861938477,9.78493881225586,9.56808090209961,-0.711685836315155,1.552536107874078,1.0029496667568467,2,9.263237953186035,1.0,0.5990144280659054,0,0,43.0,1.0,1.0,0.9498002889745354,0.8736232817173004,1.3420291021466255,0.18956507742404938,0.16666666666666666,0.0,0.016225295141339302,1.0,0.0,0.0,0.9839984178543091,1.0,0.9783197772530778,0.9783197772530778,1.0,0.9783197772530778,0.021680222746922124,0.04336044549384425,0.9349593317592336,212.58191270446014,0.004724042504543558,1.4795302402015609,-0.07868101580722985,421.67782581844904,0.25099855512732283,0.0784006118774414,1.0,heuristic_fallback
20260514_035650,232,183,14.64,e2,Eval-Transferred-OSD+Fuzzy+OP-CBRS-e2,proxy,-12.159220695495605,0.8170105218887329,8.896271705627441,9.821022987365723,9.626720428466797,-0.7332394123077393,1.5527170603538547,0.996266491604818,2,9.184873580932617,1.0,0.6173234123201103,0,0,43.0,1.0,1.0,0.9498002889745354,0.8705733517805735,1.3382166897257168,0.1941399723291397,0.16666666666666666,0.0,0.03589434176683426,1.0,0.0,0.0,0.9830611944198608,1.0,0.978042603462753,0.978042603462753,1.0,0.978042603462753,0.02195739653724695,0.04391479307449391,0.9341278103882591,212.42055879145164,0.0047204568620322586,1.464015972748258,-0.057924532530908825,421.67782581844904,0.25099855512732283,0.07836437225341797,1.0,heuristic_fallback
20260514_035650,232,184,14.72,e2,Eval-Transferred-OSD+Fuzzy+OP-CBRS-e2,proxy,-12.15786361694336,0.8952702879905701,8.89005184173584,9.83625316619873,9.68283748626709,-0.688393771648407,1.5528625603592467,0.9873919915523165,2,9.10654354095459,1.0,0.6043797334084722,0,0,43.0,1.0,1.0,0.9498002889745354,0.8678252597649893,1.3347815747062366,0.19826211035251617,0.16666666666666666,0.0,0.037617478519678116,1.0,0.0,0.0,0.9822243452072144,1.0,0.977793171408838,0.977793171408838,1.0,0.977793171408838,0.02220682859116202,0.044413657182324054,0.933379514226514,212.27190054641005,0.004717153345475779,1.462036597179729,-0.07025438940927314,421.67782581844904,0.25099855512732283,0.07833003997802734,1.0,heuristic_fallback
20260514_035650,232,185,14.8,e2,Eval-Transferred-OSD+Fuzzy+OP-CBRS-e2,proxy,-12.156506538391113,0.9735076427459717,8.884232521057129,9.936426162719727,9.749881744384766,-0.7226389646530151,1.552979545903854,0.9929151728717661,2,9.028242111206055,1.0,0.5967585186906778,0,0,42.0,1.0,1.0,0.9498002889745354,0.8653600017229716,1.3317000021537144,0.2019599974155426,0.16666666666666666,0.0,0.027831675484776497,1.0,0.0,0.0,0.9814786911010742,1.0,0.9775696614158706,0.9775696614158706,1.0,0.9775696614158706,0.02243033858412937,0.04486067716825874,0.932708984247612,212.13501950193313,0.004714111544487403,1.4687596349454008,-0.07846900399174321,421.67782581844904,0.25099855512732283,0.07830142974853516,1.0,heuristic_fallback
20260514_035650,232,186,14.88,e2,Eval-Transferred-OSD+Fuzzy+OP-CBRS-e2,proxy,-12.155150413513184,1.0517247915267944,8.878787994384766,9.90453815460205,9.789461135864258,-0.7130359411239624,1.553073614138985,1.0122203911913186,2,8.949967384338379,1.0,0.6140268236505534,0,0,42.0,1.0,1.0,0.9498002889745354,0.8631605406602224,1.328950675825278,0.20525918900966644,0.16666666666666666,0.0,0.045471444725990295,1.0,0.0,0.0,0.9808155298233032,1.0,0.9773704492633724,0.9773704492633724,1.0,0.9773704492633724,0.022629550736627518,0.04525910147325501,0.9321113477901174,212.0090305842209,0.004711311790760465,1.454979942748803,-0.05908715603036755,421.67782581844904,0.25099855512732283,0.07827472686767578,1.0,heuristic_fallback
20260514_035650,232,187,14.96,e2,Eval-Transferred-OSD+Fuzzy+OP-CBRS-e2,proxy,-12.153794288635254,1.1299238204956055,8.87369441986084,9.992630004882812,9.872645378112793,-0.701822817325592,1.5531492441476031,0.9970459687296145,2,8.871715545654297,1.0,0.5951087582366648,0,0,42.0,1.0,1.0,0.9498002889745354,0.8612092137336731,1.3265115171670914,0.20818617939949036,0.16666666666666666,0.0,0.034996770322322845,1.0,0.0,0.0,0.9802268743515015,1.0,0.9771938687857296,0.9771938687857296,1.0,0.9771938687857296,0.02280613121427043,0.045612262428540815,0.9315816063571888,211.89309727603222,0.004708735495022939,1.4623481168199164,-0.07874656308750125,421.67782581844904,0.25099855512732283,0.07825183868408203,1.0,heuristic_fallback
20260514_035650,232,188,15.04,e2,Eval-Transferred-OSD+Fuzzy+OP-CBRS-e2,proxy,-12.152438163757324,1.2081066370010376,8.868929862976074,10.0357666015625,9.944938659667969,-0.7181218862533569,1.5532100563819007,0.9995177677451756,2,8.793484687805176,1.0,0.5983169482879045,0,0,42.0,1.0,1.0,0.9498002889745354,0.8594913880030314,1.3243642350037892,0.21076291799545288,0.16666666666666666,0.0,0.02915244922041893,1.0,0.0,0.0,0.9797055125236511,1.0,0.9770385407355415,0.9770385407355415,1.0,0.9770385407355415,0.022961459264458556,0.04592291852891715,0.9311156222066244,211.7864423092716,0.0047063653846504796,1.466301901213684,-0.07584917136502939,421.67782581844904,0.25099855512732283,0.0782308578491211,1.0,heuristic_fallback
20260514_035650,232,189,15.12,e2,Eval-Transferred-OSD+Fuzzy+OP-CBRS-e2,proxy,-12.151082992553711,1.286275029182434,8.864472389221191,10.069639205932617,9.99038028717041,-0.7484446167945862,1.5532589614919303,1.0094445708104833,2,8.7152738571167,1.0,0.5980742780753674,0,0,42.0,1.0,1.0,0.9498002889745354,0.8579919338226318,1.3224899172782898,0.21301209926605225,0.16666666666666666,0.0,0.022755809128284454,1.0,0.0,0.0,0.9792448878288269,1.0,0.9769030516422158,0.9769030516422158,1.0,0.9769030516422158,0.02309694835778426,0.0461938967155685,0.9307091549266473,211.68834481513397,0.00470418544033631,1.4707245177376849,-0.07648412735880032,421.67782581844904,0.25099855512732283,0.07821083068847656,1.0,heuristic_fallback
20260514_035650,232,190,15.2,e2,Eval-Transferred-OSD+Fuzzy+OP-CBRS-e2,proxy,-12.149727821350098,1.3644307851791382,8.860302925109863,10.108278274536133,10.08615779876709,-0.7318668961524963,1.5532982779950233,1.0133609931136822,2,8.637078285217285,1.0,0.6004021507568074,0,0,42.0,1.0,1.0,0.9498002889745354,0.8566962480545044,1.3208703100681305,0.2149556279182434,0.16666666666666666,0.0,0.019855676218867302,1.0,0.0,0.0,0.978839099407196,1.0,0.9767860449836604,0.9767860449836604,1.0,0.9767860449836604,0.02321395501633958,0.04642791003267912,0.9303581349509813,211.5981359214103,0.0047021807982535625,1.4725756959777159,-0.07424280033339536,421.67782581844904,0.25099855512732283,0.07819557189941406,1.0,heuristic_fallback
20260514_035650,232,191,15.28,e2,Eval-Transferred-OSD+Fuzzy+OP-CBRS-e2,proxy,-12.148372650146484,1.442575454711914,8.856403350830078,10.146939277648926,10.161872863769531,-0.7355803847312927,1.5533298900775299,1.0055965000260665,2,8.5588960647583,1.0,0.6022183589847654,0,0,41.0,1.0,1.0,0.9498002889745354,0.8555916448434194,1.3194895560542743,0.2166125327348709,0.16666666666666666,0.0,0.019929643720388412,1.0,0.0,0.0,0.9784826040267944,1.0,0.9766863453029907,0.9766863453029907,1.0,0.9766863453029907,0.023313654697009113,0.0466273093940182,0.9300590359089725,211.51518849047397,0.004700337522010533,1.4722440695488037,-0.07224409875418981,421.67782581844904,0.25099855512732283,0.07818222045898438,1.0,heuristic_fallback
20260514_035650,232,192,15.36,e2,Eval-Transferred-OSD+Fuzzy+OP-CBRS-e2,proxy,-12.147017478942871,1.5207105875015259,8.852755546569824,10.180825233459473,10.202288627624512,-0.7135980725288391,1.5533553120000936,1.0135054745698708,2,8.480728149414062,1.0,0.6073315354278074,0,0,40.0,1.0,1.0,0.9498002889745354,0.854666123787562,1.3183326547344525,0.21800081431865692,0.16666666666666666,0.0,0.028558503836393356,1.0,0.0,0.0,0.9781708121299744,1.0,0.9766028456160423,0.9766028456160423,1.0,0.9766028456160423,0.023397154383957897,0.046794308767915745,0.9298085368481265,211.43895225714198,0.004698643383492044,1.4655410441978358,-0.06610584040307034,421.67782581844904,0.25099855512732283,0.07816791534423828,1.0,heuristic_fallback
20260514_035650,232,193,15.44,e2,Eval-Transferred-OSD+Fuzzy+OP-CBRS-e2,proxy,-12.145663261413574,1.5988374948501587,8.849343299865723,10.240055084228516,10.260576248168945,-0.7304199934005737,1.5533757609621133,1.0076250031246894,2,8.402569770812988,1.0,0.6048001895939505,0,0,40.0,1.0,1.0,0.9498002889745354,0.8539082407951355,1.3173853009939194,0.21913763880729675,0.16666666666666666,0.0,0.034248948097229004,1.0,0.0,0.0,0.9778991341590881,1.0,0.9765344947408822,0.9765344947408822,1.0,0.9765344947408822,0.023465505259117895,0.04693101051823575,0.9296034842226464,211.36888832859233,0.004697086407302052,1.4610837402541024,-0.06794633828631208,421.67782581844904,0.25099855512732283,0.07815837860107422,1.0,heuristic_fallback
20260514_035650,232,194,15.52,e2,Eval-Transferred-OSD+Fuzzy+OP-CBRS-e2,proxy,-12.144309043884277,1.6769574880599976,8.846152305603027,10.30806827545166,10.31357479095459,-0.7461175322532654,1.553392193073185,1.002094119641726,2,8.324421882629395,1.0,0.5943406739819717,0,0,40.0,1.0,1.0,0.9498002889745354,0.8533072272936503,1.3166340341170628,0.22003915905952454,0.16666666666666666,0.0,0.023797648027539253,1.0,0.0,0.0,0.9776639342308044,1.0,0.9764803071635613,0.9764803071635613,1.0,0.9764803071635613,0.023519692836438733,0.04703938567287748,0.9294409214906838,211.3045333584488,0.004695656296854418,1.4687719619309985,-0.07933991157357935,421.67782581844904,0.25099855512732283,0.07814788818359375,1.0,heuristic_fallback
20260514_035650,232,195,15.6,e2,Eval-Transferred-OSD+Fuzzy+OP-CBRS-e2,proxy,-12.14295482635498,1.7550718784332275,8.843167304992676,10.303967475891113,10.426274299621582,-0.7560684680938721,1.5534053985840566,1.0018268554435699,2,8.246280670166016,1.0,0.6128555861731777,0,0,40.0,1.0,1.0,0.9498002889745354,0.8528529405593872,1.316066175699234,0.2207205891609192,0.16666666666666666,0.0,0.04227745160460472,1.0,0.0,0.0,0.9774616360664368,1.0,0.9764393577766436,0.9764393577766436,1.0,0.9764393577766436,0.023560642223356472,0.0471212844467129,0.9293180733299307,211.24544632619393,0.0046943432516931985,1.4547985375646335,-0.05889952661867057,421.67782581844904,0.25099855512732283,0.0781412124633789,1.0,heuristic_fallback
20260514_035650,232,196,15.68,e2,Eval-Transferred-OSD+Fuzzy+OP-CBRS-e2,proxy,-12.141600608825684,1.8331817388534546,8.840374946594238,10.344429969787598,10.466574668884277,-0.7452754378318787,1.5534160117612539,1.0118456615786915,2,8.168146133422852,1.0,0.592240397216621,0,0,39.0,1.0,1.0,0.9498002889745354,0.852535198132197,1.3156689976652463,0.2211972028017044,0.16666666666666666,0.0,0.029555851593613625,1.0,0.0,0.0,0.9772891998291016,1.0,0.9764107212226485,0.9764107212226485,1.0,0.9764107212226485,0.0235892787773515,0.047178557554703016,0.9292321636679455,211.1912282864796,0.004693138406366213,1.4642603019660794,-0.08072289191241841,421.67782581844904,0.25099855512732283,0.07813453674316406,1.0,heuristic_fallback
20260514_035650,232,197,15.76,e2,Eval-Transferred-OSD+Fuzzy+OP-CBRS-e2,proxy,-12.140246391296387,1.9112881422042847,8.837763786315918,10.401124954223633,10.54505443572998,-0.774292528629303,1.5534245426082387,1.0016479514263463,2,8.090015411376953,1.0,0.5936739842726877,0,0,38.0,1.0,1.0,0.9498002889745354,0.8523457646369934,1.3154322057962418,0.2214813530445099,0.16666666666666666,0.0,0.01794329471886158,1.0,0.0,0.0,0.9771436452865601,1.0,0.9763936503723866,0.9763936503723866,1.0,0.9763936503723866,0.023606349627613446,0.04721269925522689,0.9291809511171597,211.14149754895743,0.00469203327886572,1.4729223612483424,-0.0804135823777185,421.67782581844904,0.25099855512732283,0.07813072204589844,1.0,heuristic_fallback
20260514_035650,232,198,15.84,e2,Eval-Transferred-OSD+Fuzzy+OP-CBRS-e2,proxy,-12.13889217376709,1.9893921613693237,8.835321426391602,10.431885719299316,10.59133243560791,-0.7637914419174194,1.5534314004219134,1.0165657349172414,2,8.011890411376953,1.0,0.6026672959448036,0,0,38.0,1.0,1.0,0.9498002889745354,0.8522770007451376,1.315346250931422,0.2215844988822937,0.16666666666666666,0.0,0.019845014438033104,1.0,0.0,0.0,0.9770227074623108,1.0,0.9763874540384029,0.9763874540384029,1.0,0.9763874540384029,0.023612545961597134,0.04722509192319422,0.9291623621152086,211.09593457456697,0.004691020768323711,1.4714788804859997,-0.0711955372045853,421.67782581844904,0.25099855512732283,0.078125,1.0,heuristic_fallback
20260514_035650,232,199,15.92,e2,Eval-Transferred-OSD+Fuzzy+OP-CBRS-e2,proxy,-12.137537956237793,2.0674946308135986,8.833036422729492,10.484248161315918,10.657516479492188,-0.7628327012062073,1.5534369143109255,0.9968362488710653,2,7.933766841888428,1.0,0.5942495414991968,0,0,38.0,1.0,1.0,0.9498002889745354,0.8523207008838654,1.3154008761048317,0.22151894867420197,0.16666666666666666,0.0,0.008294695056974888,1.0,0.0,0.0,0.9769240021705627,1.0,0.9763913918492827,0.9763913918492827,1.0,0.9763913918492827,0.02360860815071737,0.04721721630143471,0.929174175547848,211.05421960564502,0.004690093769014334,1.4801525450564754,-0.08076636541607812,421.67782581844904,0.25099855512732283,0.07812356948852539,1.0,heuristic_fallback
20260514_035650,232,200,16.0,e2,Eval-Transferred-OSD+Fuzzy+OP-CBRS-e2,proxy,-12.136183738708496,2.145596504211426,8.830899238586426,10.54721450805664,10.714445114135742,-0.7473785877227783,1.5534413485054597,1.005753185187748,2,7.855644702911377,1.0,0.6011189251967611,0,0,38.0,1.0,1.0,0.9498002889745354,0.8524685800075531,1.3155857250094414,0.22129712998867035,0.16666666666666666,0.0,0.006761300377547741,1.0,0.0,0.0,0.9768455028533936,1.0,0.976404717754589,0.976404717754589,1.0,0.976404717754589,0.023595282245410937,0.04719056449082189,0.9292141532637671,211.01606425632963,0.004689245872362881,1.4813395608469677,-0.07405869121137094,421.67782581844904,0.25099855512732283,0.07812213897705078,1.0,heuristic_fallback
20260514_035650,232,201,16.08,e2,Eval-Transferred-OSD+Fuzzy+OP-CBRS-e2,proxy,-12.1348295211792,2.223698616027832,8.828900337219238,10.534527778625488,10.780899047851562,-0.7779186964035034,1.5534449146460736,0.9972943123686563,2,7.777523994445801,1.0,0.6199437336928614,0,0,37.0,1.0,1.0,0.9498002889745354,0.8527149558067322,1.3158936947584152,0.22092756628990173,0.16666666666666666,0.0,0.03519127890467644,1.0,0.0,0.0,0.9767853617668152,1.0,0.9764269214144039,0.9764269214144039,1.0,0.9764269214144039,0.02357307858559613,0.047146157171192214,0.9292807642432117,210.9812053912857,0.00468847123091746,1.460078670901416,-0.05240902584351505,421.67782581844904,0.25099855512732283,0.07812070846557617,1.0,heuristic_fallback
20260514_035650,232,202,16.16,e2,Eval-Transferred-OSD+Fuzzy+OP-CBRS-e2,proxy,-12.133475303649902,2.3018016815185547,8.827031135559082,10.590463638305664,10.834875106811523,-0.7986790537834167,1.5534477828923914,0.9904975074135441,2,7.699402809143066,1.0,0.599256635561545,0,0,36.0,1.0,1.0,0.9498002889745354,0.8530534207820892,1.3163167759776115,0.22041986882686615,0.16666666666666666,0.0,0.033428844064474106,1.0,0.0,0.0,0.9767419695854187,1.0,0.9764574280731442,0.9764574280731442,1.0,0.9764574280731442,0.023542571926855778,0.047085143853711556,0.9293722842194326,210.94940413041434,0.0046877645362314296,1.461485113275407,-0.07330918394664271,421.67782581844904,0.25099855512732283,0.07812118530273438,1.0,heuristic_fallback
20260514_035650,232,203,16.24,e2,Eval-Transferred-OSD+Fuzzy+OP-CBRS-e2,proxy,-12.132121086120605,2.379906415939331,8.82528305053711,10.631251335144043,10.928800582885742,-0.7826873660087585,1.553450089632521,1.009249850524254,2,7.621280670166016,1.0,0.6039352881896777,0,0,34.0,1.0,1.0,0.9498002889745354,0.8534783124923706,1.3168478906154633,0.2197825312614441,0.16666666666666666,0.0,0.0390009880065918,1.0,0.0,0.0,0.9767138957977295,1.0,0.9764957308416689,0.9764957308416689,1.0,0.9764957308416689,0.023504269158331082,0.0470085383166622,0.9294871925250067,210.92044303896728,0.004687120956421495,1.457412228246389,-0.06812109816155523,421.67782581844904,0.25099855512732283,0.07812213897705078,1.0,heuristic_fallback
20260514_035650,232,204,16.32,e2,Eval-Transferred-OSD+Fuzzy+OP-CBRS-e2,proxy,-12.130766868591309,2.4580135345458984,8.823647499084473,10.711945533752441,11.00606632232666,-0.7821100950241089,1.5534519440850434,1.0133647536409225,2,7.543157577514648,1.0,0.5882629955434246,0,0,34.0,1.0,1.0,0.9498002889745354,0.8539838890234629,1.3174798612793286,0.2190241664648056,0.16666666666666666,0.0,0.019562192261219025,1.0,0.0,0.0,0.9766998291015625,1.0,0.9765413161988872,0.9765413161988872,1.0,0.9765413161988872,0.023458683801112844,0.0469173676022257,0.9296239485966614,210.89411886408925,0.004686535974757539,1.4721177191881918,-0.0857930653736308,421.67782581844904,0.25099855512732283,0.07812309265136719,1.0,heuristic_fallback
20260514_035650,232,205,16.4,e2,Eval-Transferred-OSD+Fuzzy+OP-CBRS-e2,proxy,-12.129412651062012,2.536123514175415,8.822117805480957,10.704934120178223,11.035128593444824,-0.8018727898597717,1.553453434035705,1.0167727820368246,2,7.465031147003174,1.0,0.6058465904708072,0,0,33.0,1.0,1.0,0.9498002889745354,0.8545644680658976,1.318205585082372,0.21815329790115356,0.16666666666666666,0.0,0.02665051817893982,1.0,0.0,0.0,0.9766985177993774,1.0,0.97659367634532,0.97659367634532,1.0,0.97659367634532,0.023406323654679935,0.046812647309359905,0.9297810290359602,210.87023658275984,0.004686005257394664,1.4669466195105099,-0.0675758055446854,421.67782581844904,0.25099855512732283,0.07812643051147461,1.0,heuristic_fallback
20260514_035650,232,206,16.48,e2,Eval-Transferred-OSD+Fuzzy+OP-CBRS-e2,proxy,-12.128058433532715,2.614237070083618,8.820687294006348,10.791009902954102,11.112236976623535,-0.7962221503257751,1.5534546296030802,1.013102707372329,2,7.38690185546875,1.0,0.6110276020139326,0,0,32.0,1.0,1.0,0.9498002889745354,0.8552155594031016,1.319019449253877,0.2171766608953476,0.16666666666666666,0.0,0.04266643524169922,1.0,0.0,0.0,0.9767088294029236,1.0,0.9766524112146302,0.9766524112146302,1.0,0.9766524112146302,0.0233475887853697,0.04669517757073937,0.9299572336438908,210.8486197215699,0.004685524882701553,1.4550974545477413,-0.060872994084094426,421.67782581844904,0.25099855512732283,0.07812929153442383,1.0,heuristic_fallback
20260514_035650,232,207,16.56,e2,Eval-Transferred-OSD+Fuzzy+OP-CBRS-e2,proxy,-12.126704216003418,2.692354679107666,8.81934928894043,10.831450462341309,11.197519302368164,-0.8015483617782593,1.5534555866818252,1.0011293777166415,2,7.308769226074219,1.0,0.589736823205375,0,0,32.0,1.0,1.0,0.9498002889745354,0.8559320966402689,1.3199151208003361,0.21610185503959656,0.16666666666666666,0.0,0.025765081867575645,1.0,0.0,0.0,0.9767298102378845,1.0,0.9767170688940194,0.9767170688940194,1.0,0.9767170688940194,0.02328293110598069,0.04656586221196141,0.930151206682058,210.82911038568466,0.004685091341904104,1.4679526038876258,-0.08394258907905204,421.67782581844904,0.25099855512732283,0.07813262939453125,1.0,heuristic_fallback
20260514_035650,232,208,16.64,e2,Eval-Transferred-OSD+Fuzzy+OP-CBRS-e2,proxy,-12.125349998474121,2.770477056503296,8.818098068237305,10.8505859375,11.241520881652832,-0.7842935919761658,1.5534563499316887,1.016336578092168,2,7.2306318283081055,1.0,0.6020692653227294,0,0,30.0,1.0,1.0,0.9498002889745354,0.8567109207312266,1.3208886509140332,0.2149336189031601,0.16666666666666666,0.0,0.027082549408078194,1.0,0.0,0.0,0.9767606854438782,1.0,0.9767873696331747,0.9767873696331747,1.0,0.9767873696331747,0.023212630366825346,0.04642526073365069,0.930362108899524,210.81156667095013,0.0046847014815766695,1.4671592092549883,-0.07158042813092479,421.67782581844904,0.25099855512732283,0.07813739776611328,1.0,heuristic_fallback
20260514_035650,232,209,16.72,e2,Eval-Transferred-OSD+Fuzzy+OP-CBRS-e2,proxy,-12.123995780944824,2.848604440689087,8.816927909851074,10.892448425292969,11.299077033996582,-0.7988260388374329,1.5534569549674626,1.0141188794658438,2,7.152490615844727,1.0,0.5941552286824688,0,0,30.0,1.0,1.0,0.9498002889745354,0.8575475513935089,1.3219344392418861,0.21367867290973663,0.16666666666666666,0.0,0.015527630224823952,1.0,0.0,0.0,0.9768006205558777,1.0,0.9768629144476753,0.9768629144476753,1.0,0.9768629144476753,0.023137085552324712,0.046274171104649375,0.9305887433430259,210.79585025296103,0.004684352227843578,1.4760345563079995,-0.08075282575129424,421.67782581844904,0.25099855512732283,0.0781412124633789,1.0,heuristic_fallback
20260514_035650,232,210,16.8,e2,Eval-Transferred-OSD+Fuzzy+OP-CBRS-e2,proxy,-12.122640609741211,2.9267373085021973,8.81583309173584,10.913849830627441,11.384881019592285,-0.7847674489021301,1.553457430572094,1.007701242235567,2,7.074343681335449,1.0,0.6097102161856656,0,0,29.0,1.0,1.0,0.9498002889745354,0.8584382136662801,1.3230477670828502,0.21234267950057983,0.16666666666666666,0.0,0.027801239863038063,1.0,0.0,0.0,0.9768486618995667,1.0,0.9769433679110681,0.9769433679110681,1.0,0.9769433679110681,0.023056632088931793,0.04611326417786356,0.9308301037332045,210.78182015723735,0.004684040447938608,1.4670520146475317,-0.06408815374104543,421.67782581844904,0.25099855512732283,0.07814693450927734,1.0,heuristic_fallback
20260514_035650,232,211,16.88,e2,Eval-Transferred-OSD+Fuzzy+OP-CBRS-e2,proxy,-12.121285438537598,3.004876136779785,8.81480884552002,10.984780311584473,11.457324028015137,-0.8117464780807495,1.5534578253154938,0.9929725047114925,2,6.996191024780273,1.0,0.6020378217700538,0,0,28.0,1.0,1.0,0.9498002889745354,0.8593790630499522,1.3242238288124402,0.21093140542507172,0.16666666666666666,0.0,0.028835134580731392,1.0,0.0,0.0,0.9769043922424316,1.0,0.9770283881524714,0.9770283881524714,1.0,0.9770283881524714,0.022971611847528665,0.04594322369505729,0.9310851644574141,210.76937211893528,0.004683763824865229,1.4665118059551798,-0.0717798538527471,421.67782581844904,0.25099855512732283,0.07815265655517578,1.0,heuristic_fallback
20260514_035650,232,212,16.96,e2,Eval-Transferred-OSD+Fuzzy+OP-CBRS-e2,proxy,-12.119930267333984,3.083021402359009,8.813851356506348,11.054872512817383,11.536332130432129,-0.7755163311958313,1.5534581525434787,0.9869511325439118,2,6.918032169342041,1.0,0.6003259682263359,0,0,28.0,1.0,1.0,0.9498002889745354,0.8603675464789072,1.325459433098634,0.2094486802816391,0.16666666666666666,0.0,0.02703082375228405,1.0,0.0,0.0,0.9769671559333801,1.0,0.9771177498289954,0.9771177498289954,1.0,0.9771177498289954,0.02288225017100463,0.045764500342009275,0.9313532494869861,210.7583931575383,0.004683519847945295,1.468112159933754,-0.07380198123748857,421.67782581844904,0.25099855512732283,0.07815885543823242,1.0,heuristic_fallback
20260514_035650,232,213,17.04,e2,Eval-Transferred-OSD+Fuzzy+OP-CBRS-e2,proxy,-12.118575096130371,3.1611733436584473,8.812955856323242,11.077317237854004,11.580416679382324,-0.7901859879493713,1.5534584226670816,1.0086311003227224,2,6.839867115020752,1.0,0.6067378484429605,0,0,28.0,1.0,1.0,0.9498002889745354,0.861399918794632,1.32674989849329,0.20790012180805206,0.16666666666666666,0.0,0.035205572843551636,1.0,0.0,0.0,0.9770363569259644,1.0,0.9772111196474471,0.9772111196474471,1.0,0.9772111196474471,0.022788880352552787,0.045577760705105615,0.9316333589423416,210.74878216641855,0.004683306270364856,1.4622391911942345,-0.06670685775859289,421.67782581844904,0.25099855512732283,0.07816505432128906,1.0,heuristic_fallback
20260514_035650,232,214,17.12,e2,Eval-Transferred-OSD+Fuzzy+OP-CBRS-e2,proxy,-12.117219924926758,3.239332437515259,8.812117576599121,11.090716361999512,11.665925979614258,-0.7852503657341003,1.5534586434862967,1.0088956170839247,2,6.76169490814209,1.0,0.5858664301679533,0,0,28.0,1.0,1.0,0.9498002889745354,0.8624735772609711,1.3280919715762138,0.2062896341085434,0.16666666666666666,0.0,0.009936409071087837,1.0,0.0,0.0,0.9771115183830261,1.0,0.9773082673523337,0.9773082673523337,1.0,0.9773082673523337,0.022691732647666434,0.04538346529533282,0.9319248020570008,210.74044683273235,0.004683121040727385,1.4814594786401671,-0.09024832104434567,421.67782581844904,0.25099855512732283,0.07817220687866211,1.0,heuristic_fallback
20260514_035650,232,215,17.2,e2,Eval-Transferred-OSD+Fuzzy+OP-CBRS-e2,proxy,-12.115864753723145,3.3174989223480225,8.811333656311035,11.12075424194336,11.73478889465332,-0.7934755682945251,1.5534588213942995,1.0047058695624447,2,6.6835150718688965,1.0,0.6127732489330887,0,0,27.0,1.0,1.0,0.9498002889745354,0.863586018482844,1.329482523103555,0.20462097227573395,0.16666666666666666,0.0,0.025631381198763847,1.0,0.0,0.0,0.977192223072052,1.0,0.9774089714632842,0.9774089714632842,1.0,0.9774089714632842,0.022591028536715865,0.04518205707343173,0.9322269143898525,210.7332993740157,0.004682962208311461,1.4699663598498784,-0.06192139616128614,421.67782581844904,0.25099855512732283,0.07817983627319336,1.0,heuristic_fallback
20260514_035650,232,216,17.28,e2,Eval-Transferred-OSD+Fuzzy+OP-CBRS-e2,proxy,-12.114509582519531,3.3956732749938965,8.810600280761719,11.197467803955078,11.784924507141113,-0.7702140212059021,1.5534589606891878,0.9964806097154314,2,6.605327606201172,1.0,0.6094226095979013,0,0,27.0,1.0,1.0,0.9498002889745354,0.8647346993287405,1.3309183741609256,0.20289795100688934,0.16666666666666666,0.0,0.03736015036702156,1.0,0.0,0.0,0.9772779941558838,1.0,0.9775130066574758,0.9775130066574758,1.0,0.9775130066574758,0.02248699334252413,0.044973986685048234,0.9325390199724275,210.72725702807838,0.0046828279339572974,1.4614569531851591,-0.06425217363689376,421.67782581844904,0.25099855512732283,0.07818746566772461,1.0,heuristic_fallback
20260514_035650,232,217,17.36,e2,Eval-Transferred-OSD+Fuzzy+OP-CBRS-e2,proxy,-12.113154411315918,3.473855495452881,8.809914588928223,11.244982719421387,11.839751243591309,-0.8113560676574707,1.5534590651711762,0.9972229199023562,2,6.527132987976074,1.0,0.5906599542433817,0,0,27.0,1.0,1.0,0.9498002889745354,0.8659170269966125,1.3323962837457657,0.20112445950508118,0.16666666666666666,0.0,0.01962224766612053,1.0,0.0,0.0,0.9773684740066528,1.0,0.9776201428234046,0.9776201428234046,1.0,0.9776201428234046,0.02237985717659543,0.04475971435319087,0.9328604284702137,210.72224621091345,0.004682716582464744,1.475055962127803,-0.0849426148151558,421.67782581844904,0.25099855512732283,0.07819461822509766,1.0,heuristic_fallback
20260514_035650,232,218,17.44,e2,Eval-Transferred-OSD+Fuzzy+OP-CBRS-e2,proxy,-12.111798286437988,3.552046060562134,8.809273719787598,11.281083106994629,11.917765617370605,-0.8045835494995117,1.5534591372637485,1.0102668980892895,2,6.448930263519287,1.0,0.605638140653079,0,0,26.0,1.0,1.0,0.9498002889745354,0.8671311736106873,1.333913967013359,0.19930323958396912,0.16666666666666666,0.0,0.02421822026371956,1.0,0.0,0.0,0.9774632453918457,1.0,0.977730218885891,0.977730218885891,1.0,0.977730218885891,0.02226978111410901,0.04453956222821803,0.9331906566576729,210.7181947524732,0.00468262655005496,1.4719125193331224,-0.06966677696555347,421.67782581844904,0.25099855512732283,0.07820272445678711,1.0,heuristic_fallback
20260514_035650,232,219,17.52,e2,Eval-Transferred-OSD+Fuzzy+OP-CBRS-e2,proxy,-12.110442161560059,3.6302452087402344,8.808673858642578,11.366722106933594,11.979331016540527,-0.822396993637085,1.5534592077356484,0.9919344349023819,2,6.370718002319336,1.0,0.5967446456092145,0,0,26.0,1.0,1.0,0.9498002889745354,0.8683757682641348,1.3354697103301685,0.1974363476037979,0.16666666666666666,0.0,0.014606859534978867,1.0,0.0,0.0,0.9775621294975281,1.0,0.9778431150163301,0.9778431150163301,1.0,0.9778431150163301,0.022156884983669828,0.04431376996733961,0.9335293450489905,210.71504883773844,0.004682556640838632,1.4794321885430397,-0.079693551263457,421.67782581844904,0.25099855512732283,0.07821226119995117,1.0,heuristic_fallback
20260514_035650,232,220,17.6,e2,Eval-Transferred-OSD+Fuzzy+OP-CBRS-e2,proxy,-12.109086036682129,3.7084531784057617,8.808113098144531,11.354750633239746,12.059857368469238,-0.814228355884552,1.5534592723795169,1.0098439597737445,2,6.292497634887695,1.0,0.6291118901894474,0,0,26.0,1.0,1.0,0.9498002889745354,0.8696477015813192,1.337059626976649,0.19552844762802124,0.16666666666666666,0.0,0.05548524484038353,1.0,0.0,0.0,0.9776647686958313,1.0,0.9779585534153606,0.9779585534153606,1.0,0.9779585534153606,0.022041446584639197,0.04408289316927843,0.9338756602460823,210.71274165152965,0.004682505370033993,1.4490913828932823,-0.04340619264284932,421.67782581844904,0.25099855512732283,0.07822036743164062,1.0,heuristic_fallback
20260514_035650,232,221,17.68,e2,Eval-Transferred-OSD+Fuzzy+OP-CBRS-e2,proxy,-12.1077299118042,3.786669969558716,8.807588577270508,11.404422760009766,12.13862419128418,-0.8042935729026794,1.5534593279014277,1.0048950539039307,2,6.214268684387207,1.0,0.5839828591909708,0,0,25.0,1.0,1.0,0.9498002889745354,0.8709457119305929,1.3386821399132411,0.19358143210411072,0.16666666666666666,0.0,0.027634844183921814,1.0,0.0,0.0,0.9777708649635315,1.0,0.9780764236051533,0.9780764236051533,1.0,0.9780764236051533,0.021923576394846787,0.04384715278969359,0.9342292708154597,210.71121704227346,0.004682471489828299,1.470303685972947,-0.09149298008613765,421.67782581844904,0.25099855512732283,0.07822895050048828,1.0,heuristic_fallback
20260514_035650,232,222,17.76,e2,Eval-Transferred-OSD+Fuzzy+OP-CBRS-e2,proxy,-12.10637378692627,3.864896059036255,8.807097434997559,11.45106315612793,12.203709602355957,-0.7803857326507568,1.5534593714855616,1.0059802956975155,2,6.136030197143555,1.0,0.6040035418803729,0,0,25.0,1.0,1.0,0.9498002889745354,0.872267872095108,1.340334840118885,0.19159819185733795,0.16666666666666666,0.0,0.02944171614944935,1.0,0.0,0.0,0.9778801798820496,1.0,0.978196554449095,0.978196554449095,1.0,0.978196554449095,0.021803445550904917,0.04360689110180983,0.9345896633472852,210.7104231278746,0.004682453847286102,1.4692790720399302,-0.07147150993245477,421.67782581844904,0.25099855512732283,0.07823848724365234,1.0,heuristic_fallback
20260514_035650,232,223,17.84,e2,Eval-Transferred-OSD+Fuzzy+OP-CBRS-e2,proxy,-12.10501766204834,3.943131446838379,8.806638717651367,11.47281265258789,12.248944282531738,-0.7911137342453003,1.5534594001638156,1.0156766456193955,2,6.0577826499938965,1.0,0.6027762475091205,0,0,24.0,1.0,1.0,0.9498002889745354,0.8736129204432169,1.3420161505540211,0.18958061933517456,0.16666666666666666,0.0,0.02919391170144081,1.0,0.0,0.0,0.9779924750328064,1.0,0.9783188350178903,0.9783188350178903,1.0,0.9783188350178903,0.0216811649821097,0.04336232996421944,0.9349565050536709,210.71030833178713,0.004682451296261936,1.469801187462964,-0.07290338911334819,421.67782581844904,0.25099855512732283,0.0782475471496582,1.0,heuristic_fallback
20260514_035650,232,224,17.92,e2,Eval-Transferred-OSD+Fuzzy+OP-CBRS-e2,proxy,-12.103660583496094,4.021376609802246,8.806209564208984,11.548391342163086,12.351365089416504,-0.809528648853302,1.5534594113441464,0.9963224761740531,2,5.979525089263916,1.0,0.5956906951228622,0,0,24.0,1.0,1.0,0.9498002889745354,0.8749795854091644,1.3437244817614555,0.18753062188625336,0.16666666666666666,0.0,0.017101190984249115,1.0,0.0,0.0,0.9781076312065125,1.0,0.9784431532829715,0.9784431532829715,1.0,0.9784431532829715,0.021556846717028556,0.04311369343405711,0.9353294598489144,210.71083695859227,0.004682463043524272,1.4792123942423445,-0.08138494796953169,421.67782581844904,0.25099855512732283,0.07825756072998047,1.0,heuristic_fallback
20260514_035650,232,225,18.0,e2,Eval-Transferred-OSD+Fuzzy+OP-CBRS-e2,proxy,-12.102303504943848,4.099631309509277,8.805808067321777,11.59078598022461,12.376105308532715,-0.8227320909500122,1.5534594339813974,1.0063791239665085,2,5.90125846862793,1.0,0.6233088717133641,0,0,23.0,1.0,1.0,0.9498002889745354,0.8763659199078878,1.3454573998848598,0.18545112013816833,0.16666666666666666,0.0,0.04786055162549019,1.0,0.0,0.0,0.9782252907752991,1.0,0.9785693355037925,0.9785693355037925,1.0,0.9785693355037925,0.021430664496207445,0.04286132899241484,0.9357080065113776,210.71195572737463,0.00468248790505277,1.4564894573860945,-0.05087476829480735,421.67782581844904,0.25099855512732283,0.07826662063598633,1.0,heuristic_fallback
20260514_035650,232,226,18.08,e2,Eval-Transferred-OSD+Fuzzy+OP-CBRS-e2,proxy,-12.100946426391602,4.177896022796631,8.805432319641113,11.623077392578125,12.47757339477539,-0.8068908452987671,1.5534594607009204,1.002640059080156,2,5.822981834411621,1.0,0.5935061630715398,0,0,22.0,1.0,1.0,0.9498002889745354,0.8777706821759542,1.3472133527199428,0.18334397673606873,0.16666666666666666,0.0,0.03361257538199425,1.0,0.0,0.0,0.9783454537391663,1.0,0.9786972718267184,0.9786972718267184,1.0,0.9786972718267184,0.0213027281732815,0.04260545634656297,0.9360918154801554,210.7136361123977,0.0046825252469421715,1.467526630135733,-0.08229281868939917,421.67782581844904,0.25099855512732283,0.0782766342163086,1.0,heuristic_fallback
20260514_035650,232,227,18.16,e2,Eval-Transferred-OSD+Fuzzy+OP-CBRS-e2,proxy,-12.099589347839355,4.256170749664307,8.805081367492676,11.64268970489502,12.531648635864258,-0.7921980023384094,1.5534594850884762,0.9980545936539371,2,5.744694709777832,1.0,0.606536421594325,0,0,22.0,1.0,1.0,0.9498002889745354,0.8791932562987009,1.3489915703733761,0.18121011555194855,0.16666666666666666,0.0,0.03878454864025116,1.0,0.0,0.0,0.9784678220748901,1.0,0.9788269092222376,0.9788269092222376,1.0,0.9788269092222376,0.021173090777762436,0.042346181555524914,0.9364807276667126,210.7158324518391,0.004682574054485313,1.4640032937227272,-0.0689400723404654,421.67782581844904,0.25099855512732283,0.07828712463378906,1.0,heuristic_fallback
20260514_035650,232,228,18.24,e2,Eval-Transferred-OSD+Fuzzy+OP-CBRS-e2,proxy,-12.09823226928711,4.334455966949463,8.804752349853516,11.670055389404297,12.596607208251953,-0.7963041663169861,1.5534595017575399,1.0215178202465385,2,5.666397571563721,1.0,0.5966244579129542,0,0,21.0,1.0,1.0,0.9498002889745354,0.8806323707103729,1.3507904633879662,0.1790514439344406,0.16666666666666666,0.0,0.028121717274188995,1.0,0.0,0.0,0.9785923361778259,1.0,0.978958134763024,0.978958134763024,1.0,0.978958134763024,0.02104186523697593,0.04208373047395187,0.9368744042890721,210.71851914580304,0.004682633758795624,1.4723601958501917,-0.08011229850122095,421.67782581844904,0.25099855512732283,0.07829713821411133,1.0,heuristic_fallback
20260514_035650,232,229,18.32,e2,Eval-Transferred-OSD+Fuzzy+OP-CBRS-e2,proxy,-12.096875190734863,4.412751197814941,8.804445266723633,11.742820739746094,12.655219078063965,-0.7690496444702148,1.553459505849192,0.9966429530200182,2,5.588090419769287,1.0,0.6096048723354118,0,0,20.0,1.0,1.0,0.9498002889745354,0.8820860981941223,1.352607622742653,0.17687085270881653,0.16666666666666666,0.0,0.03710442781448364,1.0,0.0,0.0,0.9787188172340393,1.0,0.9790907754320198,0.9790907754320198,1.0,0.9790907754320198,0.02090922456798017,0.04181844913596034,0.9372723262960595,210.7216583067676,0.004682703517928169,1.465986594815908,-0.06642905367472011,421.67782581844904,0.25099855512732283,0.0783071517944336,1.0,heuristic_fallback
20260514_035650,232,230,18.4,e2,Eval-Transferred-OSD+Fuzzy+OP-CBRS-e2,proxy,-12.0955171585083,4.4910569190979,8.804158210754395,11.803887367248535,12.711713790893555,-0.792786717414856,1.5534594934789197,0.9955005709701016,2,5.509772777557373,1.0,0.5997038613277889,0,0,20.0,1.0,1.0,0.9498002889745354,0.8835550944010416,1.354443868001302,0.1746673583984375,0.16666666666666666,0.0,0.030718209221959114,1.0,0.0,0.0,0.9788472056388855,1.0,0.979224893692494,0.979224893692494,1.0,0.979224893692494,0.02077510630750591,0.041550212615011836,0.9376746810774822,210.72522860458696,0.00468278285787971,1.4711435078120314,-0.07716803824968972,421.67782581844904,0.25099855512732283,0.07831764221191406,1.0,heuristic_fallback
20260514_035650,232,231,18.48,e2,Eval-Transferred-OSD+Fuzzy+OP-CBRS-e2,proxy,-12.094159126281738,4.569373607635498,8.803889274597168,11.830510139465332,12.750337600708008,-0.8115195631980896,1.553459494878807,1.0106265688835994,2,5.43144416809082,1.0,0.5985787981838894,0,0,19.0,1.0,1.0,0.9498002889745354,0.8850374023119608,1.356296752889951,0.17244389653205872,0.16666666666666666,0.0,0.02152589149773121,1.0,0.0,0.0,0.9789772629737854,1.0,0.979360313428004,0.979360313428004,1.0,0.979360313428004,0.02063968657199591,0.04127937314399179,0.9380809402840122,210.72919533344987,0.004682871007409997,1.4784083230829321,-0.07941540023029724,421.67782581844904,0.25099855512732283,0.07832860946655273,1.0,heuristic_fallback
20260514_035650,232,232,18.56,e2,Eval-Transferred-OSD+Fuzzy+OP-CBRS-e2,proxy,-12.092801094055176,4.647700786590576,8.803637504577637,11.855348587036133,12.8292236328125,-0.8063989877700806,1.5534595008161285,0.986942092767737,2,5.353104591369629,1.0,0.6083554177855963,0,0,18.0,1.0,1.0,0.9498002889745354,0.8865324258804321,1.3581655323505402,0.1702013611793518,0.16666666666666666,0.0,0.02694663032889366,1.0,0.0,0.0,0.979108989238739,1.0,0.97949698254769,0.97949698254769,1.0,0.97949698254769,0.020503017452310028,0.041006034904620035,0.93849094764307,210.73353727852475,0.004682967495078328,1.474716524851678,-0.06930104537551453,421.67782581844904,0.25099855512732283,0.0783395767211914,1.0,heuristic_fallback
20260514_035650,232,233,18.64,e2,Eval-Transferred-OSD+Fuzzy+OP-CBRS-e2,proxy,-12.091443061828613,4.726038932800293,8.803401947021484,11.87680435180664,12.870157241821289,-0.7880470752716064,1.5534595038836578,0.9947248027719918,2,5.274755001068115,1.0,0.5993845997263079,0,0,18.0,1.0,1.0,0.9498002889745354,0.8880382776260376,1.360047847032547,0.1679425835609436,0.16666666666666666,0.0,0.01807928830385208,1.0,0.0,0.0,0.9792421460151672,1.0,0.9796347306717288,0.9796347306717288,1.0,0.9796347306717288,0.020365269328271273,0.04073053865654259,0.9389041920151862,210.73822143505924,0.004683071587445762,1.4817434943068606,-0.07935925071347906,421.67782581844904,0.25099855512732283,0.07834959030151367,1.0,heuristic_fallback
20260514_035650,232,234,18.72,e2,Eval-Transferred-OSD+Fuzzy+OP-CBRS-e2,proxy,-12.09008502960205,4.804388046264648,8.803181648254395,11.92922306060791,12.995545387268066,-0.8215678930282593,1.5534594975284048,1.013042255058711,2,5.196393966674805,1.0,0.6243015861904296,0,0,18.0,1.0,1.0,0.9498002889745354,0.8895555734634399,1.3619444668293,0.1656666398048401,0.16666666666666666,0.0,0.047979481518268585,1.0,0.0,0.0,0.9793766736984253,1.0,0.9797736162142274,0.9797736162142274,1.0,0.9797736162142274,0.020226383785772552,0.040452767571545076,0.9393208486426824,210.7432280648286,0.00468318284588508,1.4596976733553988,-0.05166119497064029,421.67782581844904,0.25099855512732283,0.07836103439331055,1.0,heuristic_fallback
20260514_035650,232,235,18.8,e2,Eval-Transferred-OSD+Fuzzy+OP-CBRS-e2,proxy,-12.088726043701172,4.882748126983643,8.80297565460205,12.004057884216309,13.046924591064453,-0.8317328691482544,1.5534594761598532,0.9975867780218782,2,5.1180219650268555,1.0,0.6002249251535766,0,0,17.0,1.0,1.0,0.9498002889745354,0.8910836676756541,1.3638545845945675,0.16337449848651886,0.16666666666666666,0.0,0.042079858481884,1.0,0.0,0.0,0.979512631893158,1.0,0.9799135821585695,0.9799135821585695,1.0,0.9799135821585695,0.02008641784143057,0.04017283568286109,0.9397407464757084,210.74854627564685,0.004683301028347707,1.4645044141857408,-0.07653546400554644,421.67782581844904,0.25099855512732283,0.07837200164794922,1.0,heuristic_fallback
20260514_035650,232,236,18.88,e2,Eval-Transferred-OSD+Fuzzy+OP-CBRS-e2,proxy,-12.087367057800293,4.961119174957275,8.802783012390137,12.014387130737305,13.119922637939453,-0.7674126625061035,1.5534594714579801,0.9966730138337568,2,5.039638996124268,1.0,0.6017351395835053,0,0,16.0,1.0,1.0,0.9498002889745354,0.8926212588946024,1.365776573618253,0.1610681116580963,0.16666666666666666,0.0,0.03771454095840454,1.0,0.0,0.0,0.9796498417854309,1.0,0.980054511236326,0.980054511236326,1.0,0.980054511236326,0.019945488763673944,0.0398909775273479,0.9401635337089781,210.75415111380346,0.004683425580306743,1.4681628001330875,-0.0756703767230539,421.67782581844904,0.25099855512732283,0.07838296890258789,1.0,heuristic_fallback
20260514_035650,232,237,18.96,e2,Eval-Transferred-OSD+Fuzzy+OP-CBRS-e2,proxy,-12.086008071899414,5.039501190185547,8.802602767944336,12.040045738220215,13.213421821594238,-0.7873770594596863,1.553459473149838,0.9963421979944828,2,4.961245059967041,1.0,0.6068345740821521,0,0,16.0,1.0,1.0,0.9498002889745354,0.8941677709420522,1.3677097136775653,0.1587483435869217,0.16666666666666666,0.0,0.040850475430488586,1.0,0.0,0.0,0.9797881841659546,1.0,0.9801963524120068,0.9801963524120068,1.0,0.9801963524120068,0.019803647587993155,0.03960729517598628,0.9405890572360205,210.7600219691126,0.004683556043758057,1.4661974772908868,-0.07046683625513707,421.67782581844904,0.25099855512732283,0.07839393615722656,1.0,heuristic_fallback
20260514_035650,232,238,19.04,e2,Eval-Transferred-OSD+Fuzzy+OP-CBRS-e2,proxy,-12.084649085998535,5.117894649505615,8.802433967590332,12.136176109313965,13.254642486572266,-0.8185176253318787,1.5534594726439355,1.0015633624852973,2,4.882839679718018,1.0,0.616728054358602,0,0,16.0,1.0,1.0,0.9498002889745354,0.8957225680351257,1.3696532100439072,0.1564161479473114,0.16666666666666666,0.0,0.059846244752407074,1.0,0.0,0.0,0.979927659034729,1.0,0.9803390490499696,0.9803390490499696,1.0,0.9803390490499696,0.01966095095003055,0.03932190190006108,0.9410171471499085,210.7661460934437,0.00468369213540986,1.4523393495727164,-0.05888647921478711,421.67782581844904,0.25099855512732283,0.07840538024902344,1.0,heuristic_fallback
20260514_035650,232,239,19.12,e2,Eval-Transferred-OSD+Fuzzy+OP-CBRS-e2,proxy,-12.083290100097656,5.1962995529174805,8.802276611328125,12.145484924316406,13.300936698913574,-0.7863298058509827,1.5534594623474312,0.9961526817434911,2,4.8044233322143555,1.0,0.5875605270662301,0,0,15.0,1.0,1.0,0.9498002889745354,0.8972856203715006,1.3716070254643757,0.15407156944274902,0.16666666666666666,0.0,0.03309076279401779,1.0,0.0,0.0,0.9800680875778198,1.0,0.9804826000417634,0.9804826000417634,1.0,0.9804826000417634,0.0195173999582366,0.03903479991647321,0.9414478001252902,210.77249978276132,0.004683833328505807,1.4727967241256021,-0.09094069620982884,421.67782581844904,0.25099855512732283,0.07841634750366211,1.0,heuristic_fallback
20260514_035650,232,240,19.2,e2,Eval-Transferred-OSD+Fuzzy+OP-CBRS-e2,proxy,-12.081930160522461,5.274715900421143,8.802129745483398,12.175292015075684,13.390032768249512,-0.8038319945335388,1.5534594357627893,1.0079757912708591,2,4.72599458694458,1.0,0.5980183636136196,0,0,15.0,1.0,1.0,0.9498002889745354,0.8988563021024069,1.3735703776280086,0.15171554684638977,0.16666666666666666,0.0,0.020445814356207848,1.0,0.0,0.0,0.9802095293998718,1.0,0.9806269494861821,0.9806269494861821,1.0,0.9806269494861821,0.01937305051381786,0.03874610102763572,0.9418808484585464,210.77907853742465,0.004683979523053881,1.482673105886686,-0.08196641150987723,421.67782581844904,0.25099855512732283,0.07842874526977539,1.0,heuristic_fallback
20260514_035650,232,241,19.28,e2,Eval-Transferred-OSD+Fuzzy+OP-CBRS-e2,proxy,-12.080570220947266,5.353143692016602,8.801992416381836,12.262248039245605,13.453043937683105,-0.7769767642021179,1.5534594267924589,1.0031287116044962,2,4.647554874420166,1.0,0.6176226788727253,0,0,15.0,1.0,1.0,0.9498002889745354,0.9004345834255219,1.3755432292819023,0.14934812486171722,0.16666666666666666,0.0,0.037875935435295105,1.0,0.0,0.0,0.9803519248962402,1.0,0.9807720961703136,0.9807720961703136,1.0,0.9807720961703136,0.019227903829686484,0.03845580765937292,0.9423162885109406,210.78586910240847,0.004684130424497966,1.4699950854081494,-0.06083174854836787,421.67782581844904,0.25099855512732283,0.07843971252441406,1.0,heuristic_fallback
20260514_035650,232,242,19.36,e2,Eval-Transferred-OSD+Fuzzy+OP-CBRS-e2,proxy,-12.07921028137207,5.431582927703857,8.801863670349121,12.3084135055542,13.520833969116211,-0.8168862462043762,1.553459424035815,1.005731119455925,2,4.569104194641113,1.0,0.6028192431586707,0,0,14.0,1.0,1.0,0.9498002889745354,0.9020192424456278,1.3775240530570347,0.14697113633155823,0.16666666666666666,0.0,0.032954443246126175,1.0,0.0,0.0,0.9804951548576355,1.0,0.9809179291401701,0.9809179291401701,1.0,0.9809179291401701,0.019082070859830044,0.03816414171966009,0.94275378742051,210.79285364430973,0.004684285636540216,1.4740823693050527,-0.07634063565654306,421.67782581844904,0.25099855512732283,0.07845067977905273,1.0,heuristic_fallback
20260514_035650,232,243,19.44,e2,Eval-Transferred-OSD+Fuzzy+OP-CBRS-e2,proxy,-12.077850341796875,5.51003360748291,8.801743507385254,12.328452110290527,13.587339401245117,-0.7862615585327148,1.5534594179174388,1.0047071324141323,2,4.4906415939331055,1.0,0.6074383525195294,0,0,14.0,1.0,1.0,0.9498002889745354,0.9036096135775248,1.379512016971906,0.14458557963371277,0.16666666666666666,0.0,0.03469228371977806,1.0,0.0,0.0,0.9806392788887024,1.0,0.9810643883905114,0.9810643883905114,1.0,0.9810643883905114,0.018935611609488565,0.0378712232189771,0.9431931651715343,210.80002499063005,0.004684444999791779,1.473176581732788,-0.07176638400628445,421.67782581844904,0.25099855512732283,0.07846260070800781,1.0,heuristic_fallback
20260514_035650,232,244,19.52,e2,Eval-Transferred-OSD+Fuzzy+OP-CBRS-e2,proxy,-12.076489448547363,5.588496208190918,8.801630973815918,12.376309394836426,13.6253080368042,-0.7918984889984131,1.5534594003006472,1.0229550652919603,2,4.412167072296143,1.0,0.6006492276860659,0,0,14.0,1.0,1.0,0.9498002889745354,0.9052063624064127,1.3815079530080159,0.14219045639038086,0.16666666666666666,0.0,0.025246238335967064,1.0,0.0,0.0,0.9807841181755066,1.0,0.9812115364701113,0.9812115364701113,1.0,0.9812115364701113,0.0187884635298888,0.03757692705977764,0.9436346094103336,210.80736472091587,0.004684608104909242,1.4806603029778682,-0.07971939290579326,421.67782581844904,0.25099855512732283,0.07847452163696289,1.0,heuristic_fallback
20260514_035650,232,245,19.6,e2,Eval-Transferred-OSD+Fuzzy+OP-CBRS-e2,proxy,-12.075128555297852,5.666970252990723,8.801525115966797,12.409873962402344,13.712709426879883,-0.7795747518539429,1.553459406165328,0.9927334063857755,2,4.333681106567383,1.0,0.5975844024522808,0,0,14.0,1.0,1.0,0.9498002889745354,0.9068081676959991,1.383510209619999,0.13978774845600128,0.16666666666666666,0.0,0.009438622742891312,1.0,0.0,0.0,0.9809297323226929,1.0,0.9813592528188335,0.9813592528188335,1.0,0.9813592528188335,0.01864074718116643,0.03728149436233286,0.9440777584565007,210.8148677499089,0.0046847748388868645,1.4929164659950716,-0.08458238068682877,421.67782581844904,0.25099855512732283,0.07848596572875977,1.0,heuristic_fallback
20260514_035650,232,246,19.68,e2,Eval-Transferred-OSD+Fuzzy+OP-CBRS-e2,proxy,-12.07376766204834,5.745456218719482,8.801426887512207,12.4519681930542,13.790950775146484,-0.7877494692802429,1.5534594226616785,1.0079678791675317,2,4.255183696746826,1.0,0.6180087370443805,0,0,14.0,1.0,1.0,0.9498002889745354,0.9084144234657288,1.385518029332161,0.13737836480140686,0.16666666666666666,0.0,0.024796923622488976,1.0,0.0,0.0,0.9810760021209717,1.0,0.9815074825730928,0.9815074825730928,1.0,0.9815074825730928,0.018492517426907107,0.036985034853814255,0.9445224477192786,210.82251668589197,0.004684944815242044,1.4817993042778057,-0.06284006204272662,421.67782581844904,0.25099855512732283,0.07849740982055664,1.0,heuristic_fallback
20260514_035650,232,247,19.76,e2,Eval-Transferred-OSD+Fuzzy+OP-CBRS-e2,proxy,-12.072406768798828,5.823954105377197,8.801334381103516,12.500468254089355,13.85316276550293,-0.781858503818512,1.5534594386214229,1.0055216190402487,2,4.176673889160156,1.0,0.6107307072454323,0,0,14.0,1.0,1.0,0.9498002889745354,0.9100264211495718,1.3875330264369647,0.1349603682756424,0.16666666666666666,0.0,0.0297224298119545,1.0,0.0,0.0,0.981222927570343,1.0,0.9816563460002421,0.9816563460002421,1.0,0.9816563460002421,0.018343653999757868,0.03668730799951578,0.9449690380007263,210.83030908090325,0.004685117979575628,1.4785081740566672,-0.06984872982167901,421.67782581844904,0.25099855512732283,0.07850980758666992,1.0,heuristic_fallback
20260514_035650,232,248,19.84,e2,Eval-Transferred-OSD+Fuzzy+OP-CBRS-e2,proxy,-12.071045875549316,5.902463912963867,8.801248550415039,12.501049995422363,13.889604568481445,-0.7822879552841187,1.5534594445530814,1.015387991253082,2,4.098152160644531,1.0,0.6068621294856515,0,0,14.0,1.0,1.0,0.9498002889745354,0.911642849445343,1.3895535618066788,0.13253572583198547,0.16666666666666666,0.0,0.028576690703630447,1.0,0.0,0.0,0.9813705682754517,1.0,0.9818057230986744,0.9818057230986744,1.0,0.9818057230986744,0.01819427690132549,0.03638855380265098,0.9454171692960235,210.83823890072063,0.004685294197793791,1.4797715854618532,-0.07405312896664479,421.67782581844904,0.25099855512732283,0.078521728515625,1.0,heuristic_fallback
20260514_035650,232,249,19.92,e2,Eval-Transferred-OSD+Fuzzy+OP-CBRS-e2,proxy,-12.069684028625488,5.980985641479492,8.801167488098145,12.61443042755127,13.963610649108887,-0.7682701945304871,1.5534594322739046,1.0056816271332094,2,4.019618988037109,1.0,0.6178322934397921,0,0,13.0,1.0,1.0,0.9498002889745354,0.9132631123065948,1.3915788903832436,0.13010533154010773,0.16666666666666666,0.0,0.044638581573963165,1.0,0.0,0.0,0.9815186858177185,1.0,0.981955559699765,0.981955559699765,1.0,0.981955559699765,0.01804444030023496,0.03608888060046996,0.945866679099295,210.84628880627508,0.00468547308458389,1.4681302330244166,-0.06169602267058045,421.67782581844904,0.25099855512732283,0.07853317260742188,1.0,heuristic_fallback
20260514_035650,232,250,20.0,e2,Eval-Transferred-OSD+Fuzzy+OP-CBRS-e2,proxy,-12.06832218170166,6.059519290924072,8.801092147827148,12.619341850280762,14.019037246704102,-0.7726679444313049,1.5534594411050635,0.9881554011425635,2,3.941073179244995,1.0,0.6060049849200623,0,0,13.0,1.0,1.0,0.9498002889745354,0.9148871799310049,1.3936089749137561,0.12766923010349274,0.16666666666666666,0.0,0.04299931973218918,1.0,0.0,0.0,0.9816673994064331,1.0,0.9821058539034175,0.9821058539034175,1.0,0.9821058539034175,0.01789414609658236,0.03578829219316476,0.9463175617102528,210.85445655773992,0.004685654590171998,1.4697656963118495,-0.07391284506039057,421.67782581844904,0.25099855512732283,0.07854580879211426,1.0,heuristic_fallback
20260514_035650,232,251,20.08,e2,Eval-Transferred-OSD+Fuzzy+OP-CBRS-e2,proxy,-12.066960334777832,6.138064861297607,8.801021575927734,12.685460090637207,14.130993843078613,-0.819603681564331,1.553459457376602,0.9981046877668026,2,3.862515687942505,1.0,0.5986575440143145,0,0,13.0,1.0,1.0,0.9498002889745354,0.9165157079696655,1.395644634962082,0.1252264380455017,0.16666666666666666,0.0,0.02886008657515049,1.0,0.0,0.0,0.9818165898323059,1.0,0.982256667305591,0.982256667305591,1.0,0.982256667305591,0.017743332694408996,0.03548666538881801,0.946770001916773,210.86273233663007,0.004685838496369557,1.4807772531892938,-0.0828954746375883,421.67782581844904,0.25099855512732283,0.07855749130249023,1.0,heuristic_fallback
20260514_035650,232,252,20.16,e2,Eval-Transferred-OSD+Fuzzy+OP-CBRS-e2,proxy,-12.065598487854004,6.216622352600098,8.800955772399902,12.75603199005127,14.141152381896973,-0.816249668598175,1.5534594695164314,1.004659377573736,2,3.7839465141296387,1.0,0.6183235515839748,0,0,13.0,1.0,1.0,0.9498002889745354,0.9181473652521769,1.397684206565221,0.12277895212173462,0.16666666666666666,0.0,0.044766612350940704,1.0,0.0,0.0,0.9819663166999817,1.0,0.9824078774884993,0.9824078774884993,1.0,0.9824078774884993,0.01759212251150068,0.03518424502300136,0.947223632465498,210.8711142698695,0.004686024761552656,1.469255273178079,-0.061860392770479875,421.67782581844904,0.25099855512732283,0.07856917381286621,1.0,heuristic_fallback
20260514_035650,232,253,20.24,e2,Eval-Transferred-OSD+Fuzzy+OP-CBRS-e2,proxy,-12.064236640930176,6.295191764831543,8.800893783569336,12.736647605895996,14.235393524169922,-0.7911309599876404,1.553459467590676,0.9963334885636558,2,3.7053651809692383,1.0,0.6123226209885814,0,0,12.0,1.0,1.0,0.9498002889745354,0.9197822560866674,1.3997278201083343,0.12032661586999893,0.16666666666666666,0.0,0.05236126855015755,1.0,0.0,0.0,0.9821165800094604,1.0,0.9825594948593395,0.9825594948593395,1.0,0.9825594948593395,0.01744050514066058,0.03488101028132118,0.9476784845780183,210.87959865445782,0.004686213303432396,1.4639680037372889,-0.06732614356707159,421.67782581844904,0.25099855512732283,0.07858133316040039,1.0,heuristic_fallback
20260514_035650,232,254,20.32,e2,Eval-Transferred-OSD+Fuzzy+OP-CBRS-e2,proxy,-12.062873840332031,6.373773574829102,8.800835609436035,12.792325973510742,14.261301040649414,-0.7850151658058167,1.5534594429289537,1.0072158427972024,2,3.6267714500427246,1.0,0.5876375429443337,0,0,12.0,1.0,1.0,0.9498002889745354,0.9214196900526682,1.4017746125658352,0.11787046492099762,0.16666666666666666,0.0,0.019884606823325157,1.0,0.0,0.0,0.9822672605514526,1.0,0.9827114560748947,0.9827114560748947,1.0,0.9827114560748947,0.017288543925105246,0.03457708785021051,0.9481343682246842,210.8881714717868,0.004686403810484151,1.4887348585239135,-0.09548462001116899,421.67782581844904,0.25099855512732283,0.07859373092651367,1.0,heuristic_fallback
20260514_035650,232,255,20.4,e2,Eval-Transferred-OSD+Fuzzy+OP-CBRS-e2,proxy,-12.061511039733887,6.452367305755615,8.80078125,12.85362434387207,14.342259407043457,-0.7691555023193359,1.5534594389017717,0.9894382348229932,2,3.548166036605835,1.0,0.6193756758444225,0,0,12.0,1.0,1.0,0.9498002889745354,0.9230609138806661,1.4038261423508327,0.11540862917900085,0.16666666666666666,0.0,0.03558307886123657,1.0,0.0,0.0,0.9824183583259583,1.0,0.9828638775804032,0.9828638775804032,1.0,0.9828638775804032,0.01713612241959667,0.03427224483919338,0.9485916327412098,210.8968284203903,0.004686596187119784,1.4773713104524793,-0.062399174841968504,421.67782581844904,0.25099855512732283,0.07860541343688965,1.0,heuristic_fallback
20260514_035650,232,256,20.48,e2,Eval-Transferred-OSD+Fuzzy+OP-CBRS-e2,proxy,-12.060148239135742,6.530973434448242,8.80073070526123,12.873268127441406,14.429083824157715,-0.7944663166999817,1.5534594407488567,1.0159314414414444,2,3.469548225402832,1.0,0.61060545533519,0,0,12.0,1.0,1.0,0.9498002889745354,0.924704040090243,1.4058800501128037,0.11294393986463547,0.16666666666666666,0.0,0.038475990295410156,1.0,0.0,0.0,0.9825700521469116,1.0,0.9830165847661977,0.9830165847661977,1.0,0.9830165847661977,0.016983415233802396,0.03396683046760474,0.949049754298593,210.90557790609864,0.004686790620135526,1.4756124084292435,-0.07110640565930791,421.67782581844904,0.25099855512732283,0.07861781120300293,1.0,heuristic_fallback
20260514_035650,232,257,20.56,e2,Eval-Transferred-OSD+Fuzzy+OP-CBRS-e2,proxy,-12.058785438537598,6.609591484069824,8.80068302154541,12.921794891357422,14.486032485961914,-0.8234301209449768,1.5534594354076818,1.0124998363526359,2,3.390918254852295,1.0,0.5906717508732308,0,0,12.0,1.0,1.0,0.9498002889745354,0.926350345214208,1.40793793151776,0.11047448217868805,0.16666666666666666,0.0,0.008542495779693127,1.0,0.0,0.0,0.9827219843864441,1.0,0.9831696968927883,0.9831696968927883,1.0,0.9831696968927883,0.016830303107211633,0.03366060621442331,0.949509090678365,210.9143955739047,0.004686986568308993,1.4984741055970223,-0.09425888682290619,421.67782581844904,0.25099855512732283,0.07862997055053711,1.0,heuristic_fallback
20260514_035650,232,258,20.64,e2,Eval-Transferred-OSD+Fuzzy+OP-CBRS-e2,proxy,-12.057421684265137,6.6882219314575195,8.800639152526855,12.967738151550293,14.55018138885498,-0.80124831199646,1.5534594120252416,0.9848835309386654,2,3.3122756481170654,1.0,0.621206435596892,0,0,12.0,1.0,1.0,0.9498002889745354,0.9279985725879669,1.4099982157349586,0.10800214111804962,0.16666666666666666,0.0,0.025023499503731728,1.0,0.0,0.0,0.9828742742538452,1.0,0.9833230977132884,0.9833230977132884,1.0,0.9833230977132884,0.01667690228671154,0.033353804573423115,0.9499692931398653,210.9232836038468,0.004687184080085485,1.4865254096474332,-0.06230410538767891,421.67782581844904,0.25099855512732283,0.07864260673522949,1.0,heuristic_fallback
20260514_035650,232,259,20.72,e2,Eval-Transferred-OSD+Fuzzy+OP-CBRS-e2,proxy,-12.056057929992676,6.76686429977417,8.80059814453125,13.048046112060547,14.636951446533203,-0.7801170349121094,1.5534594169371614,1.000134011947101,2,3.233621597290039,1.0,0.600723782405176,0,0,12.0,1.0,1.0,0.9498002889745354,0.9296499888102213,1.4120624860127766,0.10552501678466797,0.16666666666666666,0.0,0.009678280912339687,1.0,0.0,0.0,0.983026921749115,1.0,0.9834769057407565,0.9834769057407565,1.0,0.9834769057407565,0.01652309425924341,0.03304618851848679,0.9504307172222697,210.9322425763513,0.004687383168363362,1.498447177646541,-0.08454364251974403,421.67782581844904,0.25099855512732283,0.07865405082702637,1.0,heuristic_fallback
20260514_035650,232,260,20.8,e2,Eval-Transferred-OSD+Fuzzy+OP-CBRS-e2,proxy,-12.054694175720215,6.845519065856934,8.800559043884277,13.064032554626465,14.702849388122559,-0.7876089811325073,1.5534594332247618,1.011403009323936,2,3.1549551486968994,1.0,0.6348112771775782,0,0,11.0,1.0,1.0,0.9498002889745354,0.9313032627105713,1.4141290783882141,0.10304510593414307,0.16666666666666666,0.0,0.04716721177101135,1.0,0.0,0.0,0.9831799268722534,1.0,0.9836309976198496,0.9836309976198496,1.0,0.9836309976198496,0.01636900238015043,0.03273800476030083,0.9508929928595488,210.94126879185978,0.004687583750930218,1.4707437979776246,-0.04693457088207602,421.67782581844904,0.25099855512732283,0.07866644859313965,1.0,heuristic_fallback
20260514_035650,232,261,20.88,e2,Eval-Transferred-OSD+Fuzzy+OP-CBRS-e2,proxy,-12.053330421447754,6.9241862297058105,8.800522804260254,13.076401710510254,14.781536102294922,-0.7597106695175171,1.553459445921419,1.0109919607399023,2,3.0762760639190674,1.0,0.5939190099769607,0,0,11.0,1.0,1.0,0.9498002889745354,0.9329578429460526,1.4161973036825657,0.10056323558092117,0.16666666666666666,0.0,0.022228620946407318,1.0,0.0,0.0,0.9833332896232605,1.0,0.983785322401431,0.983785322401431,1.0,0.983785322401431,0.0162146775985689,0.0324293551971378,0.9513559672042933,210.95035572823247,0.004687785682849611,1.489861386154948,-0.09054933611216395,421.67782581844904,0.25099855512732283,0.07867908477783203,1.0,heuristic_fallback
20260514_035650,232,262,20.96,e2,Eval-Transferred-OSD+Fuzzy+OP-CBRS-e2,proxy,-12.051966667175293,7.002865791320801,8.80048942565918,13.119187355041504,14.853317260742188,-0.8241111636161804,1.5534594420168304,1.0004519454337384,2,2.997584819793701,1.0,0.6273532995811179,0,0,11.0,1.0,1.0,0.9498002889745354,0.9346149911483129,1.4182687389353912,0.09807751327753067,0.16666666666666666,0.0,0.048473093658685684,1.0,0.0,0.0,0.983487069606781,1.0,0.9839399982707218,0.9839399982707218,1.0,0.9839399982707218,0.016060001729278184,0.03212000345855637,0.9518199948121654,210.95950692034614,0.004687989042674358,1.4705923186713041,-0.05477024475921443,421.67782581844904,0.25099855512732283,0.07869124412536621,1.0,heuristic_fallback
20260514_035650,232,263,21.04,e2,Eval-Transferred-OSD+Fuzzy+OP-CBRS-e2,proxy,-12.050601959228516,7.081557750701904,8.800457954406738,13.185749053955078,14.904272079467773,-0.7730761170387268,1.553459409970655,0.9933216024426704,2,2.9188809394836426,1.0,0.6063363370938177,0,0,11.0,1.0,1.0,0.9498002889745354,0.9362746526797613,1.4203433158497016,0.09558802098035812,0.16666666666666666,0.0,0.040529944002628326,1.0,0.0,0.0,0.9836411476135254,1.0,0.9840950207627869,0.9840950207627869,1.0,0.9840950207627869,0.015904979237213027,0.031809958474426026,0.9522850622883609,210.9687147271543,0.004688193660603429,1.4769645962962092,-0.07854215465554842,421.67782581844904,0.25099855512732283,0.0787038803100586,1.0,heuristic_fallback
20260514_035650,232,264,21.12,e2,Eval-Transferred-OSD+Fuzzy+OP-CBRS-e2,proxy,-12.049237251281738,7.160262107849121,8.80042839050293,13.24619197845459,14.980775833129883,-0.8108895421028137,1.5534594033362357,0.9995256710385573,2,2.8401646614074707,1.0,0.6080267691703434,0,0,11.0,1.0,1.0,0.9498002889745354,0.9379349599281946,1.4224186999102433,0.09309756010770798,0.16666666666666666,0.0,0.03134233504533768,1.0,0.0,0.0,0.9837955236434937,1.0,0.984250215873053,0.984250215873053,1.0,0.984250215873053,0.01574978412694701,0.031499568253893995,0.952750647619159,210.97797497280817,0.004688399443840182,1.4842703798262857,-0.07973026114783745,421.67782581844904,0.25099855512732283,0.07871627807617188,1.0,heuristic_fallback
20260514_035650,232,265,21.2,e2,Eval-Transferred-OSD+Fuzzy+OP-CBRS-e2,proxy,-12.047872543334961,7.238978862762451,8.800400733947754,13.274445533752441,15.032660484313965,-0.81962651014328,1.553459403360967,0.9885470084687781,2,2.7614359855651855,1.0,0.6205944003557561,0,0,11.0,1.0,1.0,0.9498002889745354,0.939597154657046,1.4244964433213074,0.090604268014431,0.16666666666666666,0.0,0.038441386073827744,1.0,0.0,0.0,0.983950138092041,1.0,0.9844057000532331,0.9844057000532331,1.0,0.9844057000532331,0.015594299946766943,0.031188599893533838,0.9532171001596993,210.98728115083213,0.004688606247796269,1.479361640237131,-0.06841296403155739,421.67782581844904,0.25099855512732283,0.07872867584228516,1.0,heuristic_fallback
20260514_035650,232,266,21.28,e2,Eval-Transferred-OSD+Fuzzy+OP-CBRS-e2,proxy,-12.046507835388184,7.3177080154418945,8.800374984741211,13.302928924560547,15.109874725341797,-0.7713819146156311,1.5534593937901002,1.0092580173300685,2,2.682695150375366,1.0,0.6101336935916324,0,0,11.0,1.0,1.0,0.9498002889745354,0.9412612666686376,1.426576583335797,0.08810809999704361,0.16666666666666666,0.0,0.026126645505428314,1.0,0.0,0.0,0.9841050505638123,1.0,0.9845614766009408,0.9845614766009408,1.0,0.9845614766009408,0.015438523399059085,0.03087704679811821,0.9536844298028226,210.99663519982653,0.0046888141155517005,1.4890137236663283,-0.08206465116552715,421.67782581844904,0.25099855512732283,0.07874083518981934,1.0,heuristic_fallback
20260514_035650,232,267,21.36,e2,Eval-Transferred-OSD+Fuzzy+OP-CBRS-e2,proxy,-12.04514217376709,7.396449565887451,8.8003511428833,13.357562065124512,15.168646812438965,-0.7855545878410339,1.5534593602385187,1.0061423635682445,2,2.6039416790008545,1.0,0.6256291258409561,0,0,10.0,1.0,1.0,0.9498002889745354,0.942926675081253,1.4286583438515663,0.08560998737812042,0.16666666666666666,0.0,0.03454529866576195,1.0,0.0,0.0,0.9842603802680969,1.0,0.9847174878467567,0.9847174878467567,1.0,0.9847174878467567,0.01528251215324326,0.03056502430648654,0.9541524635402702,211.00604343516272,0.004689023187448061,1.483116085899232,-0.0676896517351329,421.67782581844904,0.25099855512732283,0.07875347137451172,1.0,heuristic_fallback
20260514_035650,232,268,21.44,e2,Eval-Transferred-OSD+Fuzzy+OP-CBRS-e2,proxy,-12.043776512145996,7.475203514099121,8.800328254699707,13.394344329833984,15.243443489074707,-0.8150708079338074,1.553459361437378,1.0029617999094231,2,2.5251760482788086,1.0,0.6144437235132677,0,0,10.0,1.0,1.0,0.9498002889745354,0.9445933252573013,1.4307416565716267,0.083110012114048,0.16666666666666666,0.0,0.022519368678331375,1.0,0.0,0.0,0.9844158291816711,1.0,0.9848737290554613,0.9848737290554613,1.0,0.9848737290554613,0.015126270944538592,0.030252541889077222,0.9546211871663841,211.01548629885394,0.0046892330288634205,1.492552195933817,-0.08203795269272506,421.67782581844904,0.25099855512732283,0.0787656307220459,1.0,heuristic_fallback
20260514_035650,232,269,21.52,e2,Eval-Transferred-OSD+Fuzzy+OP-CBRS-e2,proxy,-12.042410850524902,7.553969860076904,8.800307273864746,13.450156211853027,15.306506156921387,-0.8008251786231995,1.5534593756506712,0.9907252492626397,2,2.4463977813720703,1.0,0.6270993789300343,0,0,10.0,1.0,1.0,0.9498002889745354,0.9462612271308899,1.4328265339136124,0.08060815930366516,0.16666666666666666,0.0,0.026678653433918953,1.0,0.0,0.0,0.9845715165138245,1.0,0.9850302015377932,0.9850302015377932,1.0,0.9850302015377932,0.014969798462206856,0.029939596924413708,0.9550906046133795,211.0249666971432,0.00468944370438096,1.4898497078355235,-0.07092946178316878,421.67782581844904,0.25099855512732283,0.07877826690673828,1.0,heuristic_fallback
20260514_035650,232,270,21.6,e2,Eval-Transferred-OSD+Fuzzy+OP-CBRS-e2,proxy,-12.041045188903809,7.632748603820801,8.800287246704102,13.477383613586426,15.33149242401123,-0.7871178388595581,1.5534593839612536,1.0153075358230976,2,2.3676071166992188,1.0,0.6262966911819116,0,0,10.0,1.0,1.0,0.9498002889745354,0.9479304403066635,1.4349130503833294,0.07810433954000473,0.16666666666666666,0.0,0.02682797610759735,1.0,0.0,0.0,0.9847274422645569,1.0,0.9851869112730296,0.9851869112730296,1.0,0.9851869112730296,0.014813088726970474,0.02962617745394099,0.9555607338190886,211.03448567965654,0.004689655237325701,1.4901550191242081,-0.07367952203487003,421.67782581844904,0.25099855512732283,0.07879066467285156,1.0,heuristic_fallback
20260514_035650,232,271,21.68,e2,Eval-Transferred-OSD+Fuzzy+OP-CBRS-e2,proxy,-12.039713859558105,7.709509372711182,8.80026912689209,13.499421119689941,15.385969161987305,-0.8002890348434448,1.5534593695260064,0.9990428190844985,2,2.290834903717041,1.0,0.7028503622704821,0,0,9.0,0.8,1.0,0.9498002889745354,0.949600930015246,1.4370011625190575,0.07559860497713089,0.15666666666666668,0.0,0.027828117832541466,1.0,0.0,0.0,0.9848837852478027,1.0,0.9106775045020179,0.9106775045020179,1.0,0.9106775045020179,0.0893224954979822,0.17864499099596434,0.7320325135060536,211.0440511278648,0.0046898678028414395,1.3798225352576459,0.03570014513759317,421.67782581844904,0.25099855512732283,0.07677221298217773,1.0,heuristic_fallback
20260514_035650,232,272,21.76,e2,Eval-Transferred-OSD+Fuzzy+OP-CBRS-e2,proxy,-12.038433074951172,7.78336238861084,8.800251960754395,13.566527366638184,15.451327323913574,-0.8175609707832336,1.5534593915633987,0.9996957690145589,2,2.216970682144165,1.0,0.6765535323243581,0,0,8.0,0.6,1.0,0.9498002889745354,0.9512293686469396,1.4390367108086746,0.0731559470295906,0.14666666666666667,0.0,0.03715243190526962,1.0,0.0,0.0,0.9596536159515381,1.0,0.852730918075305,0.852730918075305,1.0,0.852730918075305,0.14726908192469518,0.29453816384939036,0.5581927542259146,209.473830862642,0.004654974019169822,1.263236409361023,0.04730377569860973,421.67782581844904,0.25099855512732283,0.07386422157287598,1.0,heuristic_fallback
20260514_035650,232,273,21.84,e2,Eval-Transferred-OSD+Fuzzy+OP-CBRS-e2,proxy,-12.037185668945312,7.855298042297363,8.800235748291016,13.602362632751465,15.559884071350098,-0.8015526533126831,1.5534594338585361,0.9950603533743316,2,2.145024299621582,1.0,0.5596795084694514,0,0,8.0,0.6,1.0,0.9498002889745354,0.9527960568666458,1.4409950710833073,0.07080591470003128,0.14666666666666667,0.0,0.038594599813222885,1.0,0.0,0.0,0.9232999086380005,1.0,0.8528100871244879,0.8528100871244879,1.0,0.8528100871244879,0.14718991287551209,0.2943798257510242,0.5584302613734637,207.2831055112042,0.004606291233582316,1.2625464554849848,-0.061816781954219906,421.67782581844904,0.25099855512732283,0.07194638252258301,1.0,heuristic_fallback
20260514_035650,232,274,21.92,e2,Eval-Transferred-OSD+Fuzzy+OP-CBRS-e2,proxy,-12.03596019744873,7.925970554351807,8.800220489501953,13.636629104614258,15.633516311645508,-0.8058674931526184,1.553459481823601,0.9956094987103208,2,2.074341058731079,1.0,0.5425421765369762,0,0,8.0,0.6,1.0,0.9498002889745354,0.9543226808309555,1.4429033510386944,0.06851597875356674,0.14666666666666667,0.0,0.0197567418217659,1.0,0.0,0.0,0.8993334174156189,1.0,0.8528872722054096,0.8528872722054096,1.0,0.8528872722054096,0.14711272779459048,0.294225455589181,0.5586618166162286,205.885042754113,0.004575223172313622,1.277056504969655,-0.07638857361813949,421.67782581844904,0.25099855512732283,0.07068324089050293,1.0,heuristic_fallback
20260514_035650,232,275,22.0,e2,Eval-Transferred-OSD+Fuzzy+OP-CBRS-e2,proxy,-12.034749031066895,7.995811462402344,8.800206184387207,13.645682334899902,15.666204452514648,-0.8080132007598877,1.5534595321259421,0.9953208474747381,2,2.0044896602630615,1.0,0.5606654213721698,0,0,8.0,0.6,1.0,0.9498002889745354,0.9558231284221014,1.4447789105276267,0.06626530736684799,0.14666666666666667,0.0,0.0318777970969677,1.0,0.0,0.0,0.8835417628288269,1.0,0.8529631728951637,0.8529631728951637,1.0,0.8529631728951637,0.14703682710483643,0.29407365420967285,0.5588895186854907,204.9838768900073,0.004555197264222385,1.26834082541104,-0.05468551226904978,421.67782581844904,0.25099855512732283,0.06985139846801758,1.0,heuristic_fallback
20260514_035650,232,276,22.08,e2,Eval-Transferred-OSD+Fuzzy+OP-CBRS-e2,proxy,-12.0335693359375,8.063841819763184,8.800192832946777,13.706743240356445,15.694297790527344,-0.7817072868347168,1.5534595962274471,1.0136510320369456,3,1.9364491701126099,1.0,18.62419782154629,0,0,7.0,0.4,1.0,0.9498002889745354,0.9573058187961578,1.4466322734951973,0.06404127180576324,0.13666666666666666,0.0,0.023343192413449287,1.0,0.0,0.0,0.8731451034545898,1.0,0.8065496456453225,0.8065496456453225,1.0,0.8065496456453225,0.1934503543546775,0.386900708709355,0.4196489369359675,204.39923261268996,0.004542205169170888,1.1651124515171931,0.03964051954385154,421.67782581844904,0.25099855512732283,0.06804049015045166,1.0,heuristic_fallback
20260514_035650,232,277,22.16,e2,Eval-Transferred-OSD+Fuzzy+OP-CBRS-e2,proxy,-12.011858940124512,8.115458488464355,8.806844711303711,13.727696418762207,15.7384033203125,-0.7658739686012268,1.437459596227447,0.8597299825765073,3,6.3096513748168945,1.0,0.3454615743631413,0,0,7.0,0.4,1.0,0.9498002889745354,1.0,1.5,0.0,0.13666666666666666,0.0,0.03103555180132389,1.0,0.0,0.0,0.850502610206604,1.0,0.808201002962973,0.808201002962973,1.0,0.808201002962973,0.19179899703702702,0.38359799407405404,0.424603008888919,204.64394452290117,0.004547643211620026,1.1700167272772477,-0.06248311874774197,421.67782581844904,0.25099855512732283,0.036609649658203125,1.0,heuristic_fallback
20260514_035650,232,278,22.24,e2,Eval-Transferred-OSD+Fuzzy+OP-CBRS-e2,proxy,-11.976582527160645,8.156091690063477,8.817768096923828,13.802327156066895,15.79725456237793,-0.7628495693206787,1.321459596227447,0.7845060249878355,3,6.263379096984863,1.0,0.4063641257119933,0,0,7.0,0.4,1.0,0.9498002889745354,0.9714891711870829,1.4643614639838536,0.04276624321937561,0.13666666666666666,0.0,0.03727468475699425,1.0,0.0,0.0,0.7048786282539368,1.0,0.8070958401554514,0.8070958401554514,1.0,0.8070958401554514,0.19290415984454848,0.38580831968909696,0.4212875204663545,198.35715219330189,0.004407936715406709,1.1582096703572655,-0.046418712091171745,421.67782581844904,0.25099855512732283,0.04627227783203125,1.0,heuristic_fallback
20260514_035650,232,279,22.32,e2,Eval-Transferred-OSD+Fuzzy+OP-CBRS-e2,proxy,-11.934264183044434,8.189310073852539,8.831303596496582,13.871747016906738,15.805475234985352,-0.7491986155509949,1.2054595962274468,0.6663776385895145,3,6.212540149688721,1.0,0.5046547576328854,0,0,6.0,0.2,1.0,0.9498002889745354,0.9522559891144434,1.4403199863930543,0.07161601632833481,0.12666666666666668,0.0,0.03499302268028259,1.0,0.0,0.0,0.686346709728241,1.0,0.7683918345113812,0.7683918345113812,1.0,0.7683918345113812,0.23160816548861884,0.4632163309772377,0.30517550353414347,198.11974442484563,0.004402660987218792,1.0451126213966393,0.054733724508756354,421.67782581844904,0.25099855512732283,0.05083894729614258,1.0,heuristic_fallback
20260514_035650,232,280,22.4,e2,Eval-Transferred-OSD+Fuzzy+OP-CBRS-e2,proxy,-11.887945175170898,8.217374801635742,8.846304893493652,13.892606735229492,15.760603904724121,-0.7381484508514404,1.0894595962274467,0.5472657718579492,3,6.159373760223389,1.0,0.500386852805722,0,0,5.0,0.0,1.0,0.9498002889745354,0.9385117540756861,1.4231396925946076,0.0922323688864708,0.11666666666666667,0.0,0.04080542176961899,1.0,0.0,0.0,0.6934366226196289,1.0,0.7364534378163845,0.7364534378163845,1.0,0.7364534378163845,0.26354656218361555,0.5270931243672311,0.2093603134491534,198.76262779257377,0.004416947284279417,0.9273172633199477,0.06478427224845518,421.67782581844904,0.25099855512732283,0.05316638946533203,1.0,heuristic_fallback
20260514_035650,232,281,22.48,e2,Eval-Transferred-OSD+Fuzzy+OP-CBRS-e2,proxy,-11.833704948425293,8.243063926696777,8.861988067626953,13.988714218139648,15.763091087341309,-0.7403680086135864,0.9734595962274467,0.43895504146942393,3,6.099334716796875,1.0,0.255479351210277,0,0,9.0,0.8,1.0,0.9498002889745354,0.928122008840243,1.4101525110503037,0.10781698673963547,0.15666666666666668,0.0,0.025747299194335938,1.0,0.0,0.0,0.7024666666984558,1.0,0.9092246120978732,0.9092246120978732,1.0,0.9092246120978732,0.09077538790212665,0.1815507758042533,0.7276738362936199,199.31942037828696,0.0044293204528508216,1.3760134189425492,-0.3109533368868821,421.67782581844904,0.25099855512732283,0.06003904342651367,1.0,heuristic_fallback
20260514_035650,232,282,22.56,e2,Eval-Transferred-OSD+Fuzzy+OP-CBRS-e2,proxy,-11.77231502532959,8.267725944519043,8.877822875976562,14.052742004394531,15.781023979187012,-0.7270289063453674,0.8574595962274467,0.29762665651913944,3,6.032783508300781,1.0,0.45701860454764653,0,0,14.0,1.0,1.0,0.9498002889745354,0.9201923211415609,1.4002404014269512,0.11971151828765869,0.16666666666666666,0.0,0.02159005217254162,1.0,0.0,0.0,0.7753958702087402,1.0,0.9825975405866005,0.9825975405866005,1.0,0.9825975405866005,0.01740245941339946,0.03480491882679888,0.9477926217598016,202.80243611423793,0.004506720802538621,1.4871489322842242,-0.16559766482972413,421.67782581844904,0.25099855512732283,0.06655120849609375,1.0,heuristic_fallback
20260514_035650,232,283,22.64,e2,Eval-Transferred-OSD+Fuzzy+OP-CBRS-e2,proxy,-11.70621395111084,8.291680335998535,8.89345645904541,14.120382308959961,15.737847328186035,-0.7344287633895874,0.7465411003957748,0.21119843926675963,3,5.9619669914245605,1.0,0.5779244501290555,0,0,33.0,1.0,1.0,0.9498002889745354,0.9138214886188507,1.3922768607735634,0.12926776707172394,0.16666666666666666,0.0,0.03181002289056778,1.0,0.0,0.0,0.850338876247406,1.0,0.9820072209216215,0.9820072209216215,1.0,0.9820072209216215,0.017992779078378464,0.03598555815675688,0.9460216627648647,206.65588905410198,0.0045923530900911546,1.477891246115027,-0.06435928082487645,421.67782581844904,0.25099855512732283,0.0708165168762207,1.0,heuristic_fallback
20260514_035650,232,284,22.72,e2,Eval-Transferred-OSD+Fuzzy+OP-CBRS-e2,proxy,-11.637011528015137,8.315147399902344,8.908658981323242,14.177046775817871,15.734417915344238,-0.7235438227653503,0.657232860963923,0.10788229335290037,3,5.888367652893066,1.0,0.5853676454655602,0,0,51.0,1.0,1.0,0.9498002889745354,0.9084242781003317,1.3855303476254146,0.13736358284950256,0.16666666666666666,0.0,0.033801689743995667,1.0,0.0,0.0,0.9003066420555115,1.0,0.9815083923047351,0.9815083923047351,1.0,0.9815083923047351,0.01849160769526491,0.03698321539052977,0.9445251769142053,209.35821379194397,0.004652404750932089,1.4750481933453263,-0.07009130602754406,421.67782581844904,0.25099855512732283,0.07359933853149414,1.0,heuristic_fallback
20260514_035650,232,285,22.8,e2,Eval-Transferred-OSD+Fuzzy+OP-CBRS-e2,proxy,-11.565771102905273,8.338276863098145,8.923287391662598,14.271672248840332,15.717472076416016,-0.6903231143951416,0.585341293352939,0.04237061203669935,3,5.812962532043457,1.0,0.5922521005030812,0,0,52.0,1.0,1.0,0.9498002889745354,0.9036591053009033,1.3795738816261292,0.14451134204864502,0.16666666666666666,0.0,0.033445805311203,1.0,0.0,0.0,0.9329659938812256,1.0,0.9810689477628736,0.9810689477628736,1.0,0.9810689477628736,0.018931052237126465,0.03786210447425293,0.9432068432886206,211.14508274608124,0.004692112949912917,1.4741238134700638,-0.07179483374393573,421.67782581844904,0.25099855512732283,0.07540512084960938,1.0,heuristic_fallback
20260514_035650,232,286,22.88,e2,Eval-Transferred-OSD+Fuzzy+OP-CBRS-e2,proxy,-11.493192672729492,8.361173629760742,8.93725872039795,14.299560546875,15.695247650146484,-0.65110844373703,0.5274811039758077,-0.027499250845405943,3,5.736390113830566,1.0,0.5959649958819168,0,0,53.0,1.0,1.0,0.9498002889745354,0.8993390301863352,1.374173787732919,0.15099145472049713,0.16666666666666666,0.0,0.030393918976187706,1.0,0.0,0.0,0.9539592862129211,1.0,0.9806713330673213,0.9806713330673213,1.0,0.9806713330673213,0.01932866693267866,0.038657333865357364,0.942013999201964,212.2648285734732,0.004716996190521627,1.4753327094426834,-0.07379160630355118,421.67782581844904,0.25099855512732283,0.07657241821289062,1.0,heuristic_fallback
20260514_035650,232,287,22.96,e2,Eval-Transferred-OSD+Fuzzy+OP-CBRS-e2,proxy,-11.419739723205566,8.38390827178955,8.950531005859375,14.410789489746094,15.650165557861328,-0.6169388890266418,0.48092129054662597,-0.06345663357073347,3,5.659074306488037,1.0,0.5972860750688047,0,0,54.0,1.0,1.0,0.9498002889745354,0.8953656752904257,1.369207094113032,0.15695148706436157,0.16666666666666666,0.0,0.02382691018283367,1.0,0.0,0.0,0.9672030806541443,1.0,0.9803062855598977,0.9803062855598977,1.0,0.9803062855598977,0.019693714440102216,0.039387428880204405,0.9409188566796933,212.92157719792897,0.004731590604398422,1.4792646273137213,-0.07644683815460095,421.67782581844904,0.25099855512732283,0.0773158073425293,1.0,heuristic_fallback
20260514_035650,232,288,23.04,e2,Eval-Transferred-OSD+Fuzzy+OP-CBRS-e2,proxy,-11.34571647644043,8.406530380249023,8.963088035583496,14.499774932861328,15.633569717407227,-0.6345548033714294,0.44345994001516587,-0.11366167490305662,3,5.581286907196045,1.0,0.61516880697175,0,0,55.0,1.0,1.0,0.9498002889745354,0.8916930754979452,1.3646163443724315,0.16246038675308228,0.16666666666666666,0.0,0.042183879762887955,1.0,0.0,0.0,0.975351095199585,1.0,0.9799694266946726,0.9799694266946726,1.0,0.9799694266946726,0.02003057330532735,0.040061146610654734,0.9399082800840178,213.26730137222512,0.004739273363827225,1.4645787501805605,-0.058717009634167296,421.67782581844904,0.25099855512732283,0.07778739929199219,1.0,heuristic_fallback
20260514_035650,232,289,23.12,e2,Eval-Transferred-OSD+Fuzzy+OP-CBRS-e2,proxy,-11.27132511138916,8.429072380065918,8.974934577941895,14.526543617248535,15.633180618286133,-0.6329115033149719,0.4133225149501161,-0.13706061504358566,3,5.50321102142334,1.0,0.5996193831479916,0,0,56.0,1.0,1.0,0.9498002889745354,0.888302614291509,1.3603782678643863,0.1675460785627365,0.16666666666666666,0.0,0.035742055624723434,1.0,0.0,0.0,0.9801793694496155,1.0,0.9796589201635162,0.9796589201635162,1.0,0.9796589201635162,0.02034107983648377,0.04068215967296758,0.9389767604905486,213.4095370595552,0.004742434156879004,1.4685625029825748,-0.07598401420246477,421.67782581844904,0.25099855512732283,0.07807588577270508,1.0,heuristic_fallback
20260514_035650,232,290,23.2,e2,Eval-Transferred-OSD+Fuzzy+OP-CBRS-e2,proxy,-11.196697235107422,8.451558113098145,8.98608684539795,14.638081550598145,15.615448951721191,-0.6132104992866516,0.3890794869687052,-0.15820378896887205,3,5.424961090087891,1.0,0.5945822426606832,0,0,57.0,1.0,1.0,0.9498002889745354,0.8851889073848724,1.3564861342310905,0.17221663892269135,0.16666666666666666,0.0,0.019533107057213783,1.0,0.0,0.0,0.9828676581382751,1.0,0.9793741594077434,0.9793741594077434,1.0,0.9793741594077434,0.02062584059225663,0.041251681184513216,0.9381224782232301,213.42212222894352,0.004742713827309857,1.479940787681548,-0.08318478570367849,421.67782581844904,0.25099855512732283,0.07824993133544922,1.0,heuristic_fallback
20260514_035650,232,291,23.28,e2,Eval-Transferred-OSD+Fuzzy+OP-CBRS-e2,proxy,-11.121919631958008,8.474003791809082,8.996567726135254,14.736869812011719,15.583523750305176,-0.609314501285553,0.3695795849546286,-0.17282121874697312,3,5.346612453460693,1.0,0.6051327286713857,0,0,58.0,1.0,1.0,0.9498002889745354,0.8823513189951578,1.3529391487439473,0.17647302150726318,0.16666666666666666,0.0,0.01855906844139099,1.0,0.0,0.0,0.9841949939727783,1.0,0.9791149836119613,0.9791149836119613,1.0,0.9791149836119613,0.020885016388038684,0.04177003277607734,0.9373449508358839,213.35474722956315,0.004741216605101403,1.4799619195459865,-0.07293409793176527,421.67782581844904,0.25099855512732283,0.07834863662719727,1.0,heuristic_fallback
20260514_035650,232,292,23.36,e2,Eval-Transferred-OSD+Fuzzy+OP-CBRS-e2,proxy,-11.047049522399902,8.496420860290527,9.006406784057617,14.791315078735352,15.590285301208496,-0.5870102643966675,0.35389588366888003,-0.18970286473582323,3,5.268213748931885,1.0,0.6210145939824047,0,0,58.0,1.0,1.0,0.9498002889745354,0.8797895908355713,1.3497369885444641,0.18031561374664307,0.16666666666666666,0.0,0.042964667081832886,1.0,0.0,0.0,0.9846731424331665,1.0,0.9788812760719061,0.9788812760719061,1.0,0.9788812760719061,0.02111872392809386,0.042237447856187764,0.9366438282157183,213.24036140572252,0.004738674697904945,1.4610172885257584,-0.05460387132615059,421.67782581844904,0.25099855512732283,0.0783987045288086,1.0,heuristic_fallback
20260514_035650,232,293,23.44,e2,Eval-Transferred-OSD+Fuzzy+OP-CBRS-e2,proxy,-10.972123146057129,8.518815994262695,9.015634536743164,14.85859203338623,15.558006286621094,-0.6059158444404602,0.3412822398464769,-0.21685638096982873,3,5.189794540405273,1.0,0.594818654398555,0,0,59.0,1.0,1.0,0.9498002889745354,0.8775026698907217,1.3468783373634021,0.18374599516391754,0.16666666666666666,0.0,0.02795269899070263,1.0,0.0,0.0,0.9846362471580505,1.0,0.9786728570924473,0.9786728570924473,1.0,0.9786728570924473,0.021327142907552776,0.042654285815105566,0.9360185712773418,213.10050875791796,0.004735566861287065,1.4717045343578936,-0.08217610299302319,421.67782581844904,0.25099855512732283,0.07841920852661133,1.0,heuristic_fallback
20260514_035650,232,294,23.52,e2,Eval-Transferred-OSD+Fuzzy+OP-CBRS-e2,proxy,-10.897164344787598,8.5411958694458,9.024283409118652,14.933236122131348,15.527345657348633,-0.5959054231643677,0.3311382043293314,-0.22338530200258816,3,5.111372947692871,1.0,0.60318961969768,0,0,60.0,1.0,1.0,0.9498002889745354,0.875486840804418,1.3443585510055225,0.1867697387933731,0.16666666666666666,0.0,0.025391679257154465,1.0,0.0,0.0,0.9843010902404785,1.0,0.9784893142233942,0.9784893142233942,1.0,0.9784893142233942,0.021510685776605865,0.04302137155321174,0.9354679426701825,212.9490918924057,0.00473220204205346,1.4731213418864788,-0.07387468467603198,421.67782581844904,0.25099855512732283,0.07842159271240234,1.0,heuristic_fallback
20260514_035650,232,295,23.6,e2,Eval-Transferred-OSD+Fuzzy+OP-CBRS-e2,proxy,-10.822188377380371,8.563563346862793,9.032384872436523,14.973252296447754,15.537920951843262,-0.5488021373748779,0.3229805682914405,-0.22575053781864593,3,5.032959938049316,1.0,0.6035938791643742,0,0,61.0,1.0,1.0,0.9498002889745354,0.8737388749917349,1.3421735937396686,0.18939168751239777,0.16666666666666666,0.0,0.023630797863006592,1.0,0.0,0.0,0.983806848526001,1.0,0.978330289377428,0.978330289377428,1.0,0.978330289377428,0.021669710622571815,0.0433394212451436,0.9349908681322845,212.79491499363394,0.004728775888747421,1.474005011478919,-0.07343285990697178,421.67782581844904,0.25099855512732283,0.07841300964355469,1.0,heuristic_fallback
20260514_035650,232,296,23.68,e2,Eval-Transferred-OSD+Fuzzy+OP-CBRS-e2,proxy,-10.747204780578613,8.585921287536621,9.039971351623535,15.077689170837402,15.478399276733398,-0.5386884808540344,0.31642059422665686,-0.23644494912384112,3,4.954561233520508,1.0,0.6148124754501209,0,0,62.0,1.0,1.0,0.9498002889745354,0.872251550356547,1.3403144379456837,0.19162267446517944,0.16666666666666666,0.0,0.040124621242284775,1.0,0.0,0.0,0.9832419753074646,1.0,0.9781950710472546,0.9781950710472546,1.0,0.9781950710472546,0.021804928952745464,0.04360985790549097,0.9345852131417636,212.64343915613438,0.004725409759025209,1.4612628127856635,-0.06034907774724035,421.67782581844904,0.25099855512732283,0.0783987045288086,1.0,heuristic_fallback
20260514_035650,232,297,23.76,e2,Eval-Transferred-OSD+Fuzzy+OP-CBRS-e2,proxy,-10.672219276428223,8.608272552490234,9.047073364257812,15.146278381347656,15.490667343139648,-0.5658062100410461,0.31114554922363735,-0.23885028635963002,3,4.876180171966553,1.0,0.5943890123700692,0,0,63.0,1.0,1.0,0.9498002889745354,0.871016134818395,1.3387701685229938,0.19347579777240753,0.16666666666666666,0.0,0.02571985498070717,1.0,0.0,0.0,0.9826613068580627,1.0,0.978082820473377,0.978082820473377,1.0,0.978082820473377,0.021917179526622862,0.043834359053245696,0.9342484614201313,212.4979025514441,0.0047221756122543136,1.4717575335973085,-0.08200576996646648,421.67782581844904,0.25099855512732283,0.07838106155395508,1.0,heuristic_fallback
20260514_035650,232,298,23.84,e2,Eval-Transferred-OSD+Fuzzy+OP-CBRS-e2,proxy,-10.597233772277832,8.63061809539795,9.053720474243164,15.231411933898926,15.461427688598633,-0.5425271391868591,0.30690383979157015,-0.22692753361742293,3,4.797815322875977,1.0,0.6021954046704797,0,0,63.0,1.0,1.0,0.9498002889745354,0.8700247506300608,1.337530938287576,0.19496287405490875,0.16666666666666666,0.0,0.0229028407484293,1.0,0.0,0.0,0.9820981621742249,1.0,0.9779927858431116,0.9779927858431116,1.0,0.9779927858431116,0.022007214156888555,0.04401442831377706,0.9339783575293344,212.36012648842927,0.004719113921965095,1.4736224482244336,-0.07430524288552616,421.67782581844904,0.25099855512732283,0.07836484909057617,1.0,heuristic_fallback
20260514_035650,232,299,23.92,e2,Eval-Transferred-OSD+Fuzzy+OP-CBRS-e2,proxy,-10.52225112915039,8.652959823608398,9.059940338134766,15.290955543518066,15.452173233032227,-0.5604750514030457,0.3034931375311984,-0.24415595926837627,3,4.719468593597412,1.0,0.5975172500323964,0,0,64.0,1.0,1.0,0.9498002889745354,0.8692664404710134,1.3365830505887668,0.19610033929347992,0.16666666666666666,0.0,0.012502136640250683,1.0,0.0,0.0,0.9815716743469238,1.0,0.977923944213863,0.977923944213863,1.0,0.977923944213863,0.022076055786136955,0.04415211157227388,0.933771832641589,212.2310030950539,0.00471624451322342,1.4812333987658055,-0.07986114463584386,421.67782581844904,0.25099855512732283,0.07834672927856445,1.0,heuristic_fallback
20260514_035650,232,300,24.0,e2,Eval-Transferred-OSD+Fuzzy+OP-CBRS-e2,proxy,-10.447271347045898,8.675298690795898,9.065760612487793,15.376091957092285,15.435830116271973,-0.5541186332702637,0.30075067077066114,-0.2447936252695387,3,4.64113712310791,1.0,0.6155312693205495,0,0,64.0,1.0,1.0,0.9498002889745354,0.8687322636445364,1.3359153295556705,0.1969016045331955,0.16666666666666666,0.0,0.03036450780928135,1.0,0.0,0.0,0.9810921549797058,1.0,0.9778754635366979,0.9778754635366979,1.0,0.9778754635366979,0.022124536463302136,0.04424907292660427,0.9336263906100936,212.11085426188504,0.004713574539153001,1.4677030761824132,-0.05993497260164353,421.67782581844904,0.25099855512732283,0.07833147048950195,1.0,heuristic_fallback
20260514_035650,232,301,24.08,e2,Eval-Transferred-OSD+Fuzzy+OP-CBRS-e2,proxy,-10.372293472290039,8.69763469696045,9.071206092834473,15.490459442138672,15.405627250671387,-0.5518839955329895,0.2985455378296489,-0.2506606930901504,3,4.56281852722168,1.0,0.6037925304178967,0,0,64.0,1.0,1.0,0.9498002889745354,0.8684109747409821,1.3355137184262276,0.19738353788852692,0.16666666666666666,0.0,0.031449224799871445,1.0,0.0,0.0,0.980664074420929,1.0,0.9778463094442965,0.9778463094442965,1.0,0.9778463094442965,0.0221536905557035,0.044307381111406974,0.9335389283328895,211.99962551787496,0.00471110278928611,1.4668092162135822,-0.07147220323836061,421.67782581844904,0.25099855512732283,0.07831859588623047,1.0,heuristic_fallback
20260514_035650,232,302,24.16,e2,Eval-Transferred-OSD+Fuzzy+OP-CBRS-e2,proxy,-10.297318458557129,8.719969749450684,9.076299667358398,15.5186767578125,15.380213737487793,-0.502021074295044,0.29677250918281955,-0.2587811499733985,3,4.484512805938721,1.0,0.6130684876888703,0,0,65.0,1.0,1.0,0.9498002889745354,0.8682923515637716,1.3353654394547145,0.19756147265434265,0.16666666666666666,0.0,0.04771716147661209,1.0,0.0,0.0,0.9802883863449097,1.0,0.9778355464700612,0.9778355464700612,1.0,0.9778355464700612,0.02216445352993866,0.04432890705987729,0.933506639410184,211.897047785817,0.004708823284129266,1.454578607911724,-0.060496354212753733,421.67782581844904,0.25099855512732283,0.07830572128295898,1.0,heuristic_fallback
20260514_035650,232,303,24.24,e2,Eval-Transferred-OSD+Fuzzy+OP-CBRS-e2,proxy,-10.222344398498535,8.742303848266602,9.08106517791748,15.590398788452148,15.352276802062988,-0.5095624923706055,0.29534689308831436,-0.25031710448016414,3,4.406216621398926,1.0,0.5878497078002582,0,0,65.0,1.0,1.0,0.9498002889745354,0.8683664699395498,1.3354580874244373,0.19745029509067535,0.16666666666666666,0.0,0.024862140417099,1.0,0.0,0.0,0.9799638986587524,1.0,0.9778422713492915,0.9778422713492915,1.0,0.9778422713492915,0.02215772865070854,0.044315457301417095,0.9335268140478744,211.8027303790991,0.004706727341757758,1.4717384033003034,-0.0879631876966412,421.67782581844904,0.25099855512732283,0.07829618453979492,1.0,heuristic_fallback
20260514_035650,232,304,24.32,e2,Eval-Transferred-OSD+Fuzzy+OP-CBRS-e2,proxy,-10.147370338439941,8.764636993408203,9.085522651672363,15.676361083984375,15.332717895507812,-0.5196859836578369,0.2942006216466349,-0.24840931155960652,3,4.327927589416504,1.0,0.5973386577054969,0,0,65.0,1.0,1.0,0.9498002889745354,0.8686226606369019,1.3357783257961273,0.19706600904464722,0.16666666666666666,0.0,0.015288736671209335,1.0,0.0,0.0,0.979688286781311,1.0,0.9778655175923459,0.9778655175923459,1.0,0.9778655175923459,0.022134482407654074,0.04426896481530818,0.9335965527770377,211.71621610345437,0.004704804802298987,1.4789825037840587,-0.07942396526639467,421.67782581844904,0.25099855512732283,0.07828903198242188,1.0,heuristic_fallback
20260514_035650,232,305,24.4,e2,Eval-Transferred-OSD+Fuzzy+OP-CBRS-e2,proxy,-10.072395324707031,8.786970138549805,9.089692115783691,15.742308616638184,15.326164245605469,-0.4967155456542969,0.2932789819510196,-0.26449019820232034,3,4.249644756317139,1.0,0.5979553912773887,0,0,65.0,1.0,1.0,0.9498002889745354,0.8690514067808787,1.3363142584760983,0.19642288982868195,0.16666666666666666,0.0,0.005763811059296131,1.0,0.0,0.0,0.9794584512710571,1.0,0.9779044269054441,0.9779044269054441,1.0,0.9779044269054441,0.022095573094555968,0.044191146189111886,0.9337132807163322,211.63701880639974,0.004703044862364439,1.486233384528988,-0.07977386572983192,421.67782581844904,0.25099855512732283,0.07828283309936523,1.0,heuristic_fallback
20260514_035650,232,306,24.48,e2,Eval-Transferred-OSD+Fuzzy+OP-CBRS-e2,proxy,-9.997418403625488,8.809303283691406,9.093592643737793,15.84329891204834,15.29183292388916,-0.5089245438575745,0.29253795735775334,-0.24517218720616546,3,4.171365737915039,1.0,0.6154318810678587,0,0,65.0,1.0,1.0,0.9498002889745354,0.8696430424849192,1.337053803106149,0.19553543627262115,0.16666666666666666,0.0,0.023462792858481407,1.0,0.0,0.0,0.9792712330818176,1.0,0.9779581304489133,0.9779581304489133,1.0,0.9779581304489133,0.02204186955108667,0.04408373910217334,0.93387439134674,211.56466180968266,0.004701436929104059,1.473107057105609,-0.060569585458330216,421.67782581844904,0.25099855512732283,0.07827901840209961,1.0,heuristic_fallback
20260514_035650,232,307,24.56,e2,Eval-Transferred-OSD+Fuzzy+OP-CBRS-e2,proxy,-9.922438621520996,8.831637382507324,9.097240447998047,15.878006935119629,15.316468238830566,-0.5010012984275818,0.2919421719074862,-0.24072521981043535,3,4.0930891036987305,1.0,0.5977246974411256,0,0,65.0,1.0,1.0,0.9498002889745354,0.8703878422578176,1.337984802822272,0.19441823661327362,0.16666666666666666,0.0,0.014390305615961552,1.0,0.0,0.0,0.9791231751441956,1.0,0.9780257563159148,0.9780257563159148,1.0,0.9780257563159148,0.021974243684085154,0.04394848736817034,0.9340772689477445,211.49866268296694,0.00469997028184371,1.4800976224807234,-0.07924837368364197,421.67782581844904,0.25099855512732283,0.0782766342163086,1.0,heuristic_fallback
20260514_035650,232,308,24.64,e2,Eval-Transferred-OSD+Fuzzy+OP-CBRS-e2,proxy,-9.847454071044922,8.853972434997559,9.100652694702148,15.975625991821289,15.272377967834473,-0.5222592353820801,0.291463154006848,-0.25327202309354274,3,4.014811992645264,1.0,0.628372090318439,0,0,65.0,1.0,1.0,0.9498002889745354,0.8712776700655619,1.3390970875819523,0.1930834949016571,0.16666666666666666,0.0,0.05329219251871109,1.0,0.0,0.0,0.9790111184120178,1.0,0.9781065787424005,0.9781065787424005,1.0,0.9781065787424005,0.021893421257599414,0.04378684251519881,0.9343197362272017,211.43857843036506,0.004698635076230334,1.4511436642555975,-0.04480375885656665,421.67782581844904,0.25099855512732283,0.0782771110534668,1.0,heuristic_fallback
20260514_035650,232,309,24.72,e2,Eval-Transferred-OSD+Fuzzy+OP-CBRS-e2,proxy,-9.772464752197266,8.876309394836426,9.10384464263916,16.07796287536621,15.245194435119629,-0.458473801612854,0.29107803880246874,-0.25948314081182,3,3.9365341663360596,1.0,0.5886010607313299,0,0,64.0,1.0,1.0,0.9498002889745354,0.8723045786221822,1.3403807232777278,0.19154313206672668,0.16666666666666666,0.0,0.03219018504023552,1.0,0.0,0.0,0.9789319634437561,1.0,0.9781998905612707,0.9781998905612707,1.0,0.9781998905612707,0.021800109438729256,0.043600218877458546,0.9345996716838121,211.38397959977203,0.004697421768883822,1.467226897003609,-0.08679268118237991,421.67782581844904,0.25099855512732283,0.0782778263092041,1.0,heuristic_fallback
20260514_035650,232,310,24.8,e2,Eval-Transferred-OSD+Fuzzy+OP-CBRS-e2,proxy,-9.697468757629395,8.898648262023926,9.106829643249512,16.12079620361328,15.191253662109375,-0.47249260544776917,0.29076839872885335,-0.2670447591533837,3,3.858252763748169,1.0,0.6116317331153904,0,0,65.0,1.0,1.0,0.9498002889745354,0.8734585444132487,1.3418231805165608,0.18981218338012695,0.16666666666666666,0.0,0.04615316912531853,1.0,0.0,0.0,0.9788827896118164,1.0,0.9783047968434204,0.9783047968434204,1.0,0.9783047968434204,0.021695203156579527,0.043390406313159095,0.9349143905302614,211.3344624415331,0.004696321387589624,1.4570431503875636,-0.06250025438607876,421.67782581844904,0.25099855512732283,0.07828140258789062,1.0,heuristic_fallback
20260514_035650,232,311,24.88,e2,Eval-Transferred-OSD+Fuzzy+OP-CBRS-e2,proxy,-9.622466087341309,8.920989036560059,9.10962200164795,16.22336769104004,15.17404842376709,-0.48561254143714905,0.2905194443080828,-0.26849643128740774,3,3.779967784881592,1.0,0.5921992835040554,0,0,65.0,1.0,1.0,0.9498002889745354,0.8747343917687734,1.3434179897109668,0.1878984123468399,0.16666666666666666,0.0,0.029905322939157486,1.0,0.0,0.0,0.9788610935211182,1.0,0.9784208439359245,0.9784208439359245,1.0,0.9784208439359245,0.021579156064075414,0.043158312128150786,0.9352625318077737,211.28966746924743,0.004695325943761055,1.4695479968660654,-0.08370408362547835,421.67782581844904,0.25099855512732283,0.07828497886657715,1.0,heuristic_fallback
20260514_035650,232,312,24.96,e2,Eval-Transferred-OSD+Fuzzy+OP-CBRS-e2,proxy,-9.547455787658691,8.94333267211914,9.112234115600586,16.27217674255371,15.168717384338379,-0.49726712703704834,0.2903192850264455,-0.2531925256756213,3,3.7016773223876953,1.0,0.5991097613082279,0,0,65.0,1.0,1.0,0.9498002889745354,0.8761229515075684,1.3451536893844604,0.18581557273864746,0.16666666666666666,0.0,0.02306055836379528,1.0,0.0,0.0,0.9788642525672913,1.0,0.9785472154190552,0.9785472154190552,1.0,0.9785472154190552,0.021452784580944784,0.04290556916188957,0.9356416462571656,211.24923533957747,0.004694427451990611,1.4750287102322859,-0.07764536082394467,421.67782581844904,0.25099855512732283,0.07829046249389648,1.0,heuristic_fallback
20260514_035650,232,313,25.04,e2,Eval-Transferred-OSD+Fuzzy+OP-CBRS-e2,proxy,-9.47243595123291,8.965678215026855,9.114676475524902,16.37481117248535,15.1589994430542,-0.4874641001224518,0.2901583271752767,-0.25846014376102255,3,3.623379707336426,1.0,0.5985321659928274,0,0,64.0,1.0,1.0,0.9498002889745354,0.8776181836922964,1.3470227296153705,0.18357272446155548,0.16666666666666666,0.0,0.014316962100565434,1.0,0.0,0.0,0.9788901805877686,1.0,0.9786833795435937,0.9786833795435937,1.0,0.9786833795435937,0.02131662045640609,0.042633240912812224,0.9360501386307816,211.21285351774895,0.004693618967061088,1.4819602154758902,-0.07928349730392956,421.67782581844904,0.25099855512732283,0.07829761505126953,1.0,heuristic_fallback
20260514_035650,232,314,25.12,e2,Eval-Transferred-OSD+Fuzzy+OP-CBRS-e2,proxy,-9.397406578063965,8.98802661895752,9.116961479187012,16.42679214477539,15.129234313964844,-0.49608832597732544,0.2900289343750658,-0.2526632970988637,3,3.545074462890625,1.0,0.6075298762751471,0,0,64.0,1.0,1.0,0.9498002889745354,0.8792144556840261,1.3490180696050327,0.18117831647396088,0.16666666666666666,0.0,0.019018087536096573,1.0,0.0,0.0,0.9789367914199829,1.0,0.9788288416963209,0.9788288416963209,1.0,0.9788288416963209,0.021171158303679,0.042342316607357974,0.9364865250889629,211.18022659306416,0.0046928939242903145,1.4788334393971743,-0.07001424702427422,421.67782581844904,0.25099855512732283,0.07830524444580078,1.0,heuristic_fallback
20260514_035650,232,315,25.2,e2,Eval-Transferred-OSD+Fuzzy+OP-CBRS-e2,proxy,-9.322366714477539,9.01037883758545,9.119098663330078,16.48263931274414,15.120758056640625,-0.48372703790664673,0.2899249195621869,-0.2615593210704667,3,3.4667599201202393,1.0,0.6020026006678274,0,0,63.0,1.0,1.0,0.9498002889745354,0.8809041480223337,1.3511301850279172,0.17864377796649933,0.16666666666666666,0.0,0.014970201998949051,1.0,0.0,0.0,0.9790024161338806,1.0,0.9789829258916137,0.9789829258916137,1.0,0.9789829258916137,0.021017074108386324,0.04203414821677265,0.9369487776748411,211.15108817636622,0.004692246403919249,1.482291776634612,-0.07616248378340831,421.67782581844904,0.25099855512732283,0.07831454277038574,1.0,heuristic_fallback
20260514_035650,232,316,25.28,e2,Eval-Transferred-OSD+Fuzzy+OP-CBRS-e2,proxy,-9.247316360473633,9.032733917236328,9.121097564697266,16.553071975708008,15.08764934539795,-0.4839174449443817,0.28984127203278726,-0.2774083857170371,3,3.388436794281006,1.0,0.6140618186945921,0,0,62.0,1.0,1.0,0.9498002889745354,0.8826828201611837,1.3533535252014797,0.1759757697582245,0.16666666666666666,0.0,0.029655488207936287,1.0,0.0,0.0,0.9790853261947632,1.0,0.9791452454614512,0.9791452454614512,1.0,0.9791452454614512,0.020854754538548806,0.04170950907709757,0.9374357363843536,211.1251825054901,0.004691670722344225,1.4717224800125839,-0.06285615643269551,421.67782581844904,0.25099855512732283,0.0783231258392334,1.0,heuristic_fallback
20260514_035650,232,317,25.36,e2,Eval-Transferred-OSD+Fuzzy+OP-CBRS-e2,proxy,-9.172253608703613,9.055092811584473,9.122966766357422,16.693965911865234,15.076637268066406,-0.46644696593284607,0.2897740135127432,-0.2611536312776272,3,3.3101017475128174,1.0,0.6061380417940023,0,0,62.0,1.0,1.0,0.9498002889745354,0.8845440248648325,1.3556800310810406,0.17318396270275116,0.16666666666666666,0.0,0.03279239311814308,1.0,0.0,0.0,0.9791839718818665,1.0,0.9793152301568105,0.9793152301568105,1.0,0.9793152301568105,0.020684769843189267,0.041369539686378506,0.9379456904704321,211.10227433598368,0.004691161651910749,1.4698351025058412,-0.07071235522160904,421.67782581844904,0.25099855512732283,0.07833504676818848,1.0,heuristic_fallback
20260514_035650,232,318,25.44,e2,Eval-Transferred-OSD+Fuzzy+OP-CBRS-e2,proxy,-9.097179412841797,9.077454566955566,9.124715805053711,16.737607955932617,15.0675630569458,-0.46560409665107727,0.28971992456333423,-0.2420586868309546,3,3.2317564487457275,1.0,0.6057985105041007,0,0,62.0,1.0,1.0,0.9498002889745354,0.8864835103352865,1.3581043879191081,0.1702747344970703,0.16666666666666666,0.0,0.03537575155496597,1.0,0.0,0.0,0.9792970418930054,1.0,0.9794925094879056,0.9794925094879056,1.0,0.9794925094879056,0.020507490512094453,0.04101498102418886,0.9384775284637167,211.0821536709377,0.0046907145260208375,1.4683824550458373,-0.07103875920938048,421.67782581844904,0.25099855512732283,0.07834529876708984,1.0,heuristic_fallback
20260514_035650,232,319,25.52,e2,Eval-Transferred-OSD+Fuzzy+OP-CBRS-e2,proxy,-9.02209186553955,9.099821090698242,9.126351356506348,16.82012939453125,15.012850761413574,-0.4738438129425049,0.2896764551543961,-0.2569506063323721,3,3.153398275375366,1.0,0.5956189159005082,0,0,61.0,1.0,1.0,0.9498002889745354,0.888495405515035,1.3606192568937938,0.1672568917274475,0.16666666666666666,0.0,0.021274052560329437,1.0,0.0,0.0,0.979423463344574,1.0,0.9796765642604722,0.9796765642604722,1.0,0.9796765642604722,0.020323435739527915,0.040646871479055845,0.9390296927814163,211.06462821204343,0.004690325071378743,1.4794617030867518,-0.08289408624676894,421.67782581844904,0.25099855512732283,0.07835817337036133,1.0,heuristic_fallback
20260514_035650,232,320,25.6,e2,Eval-Transferred-OSD+Fuzzy+OP-CBRS-e2,proxy,-8.946990966796875,9.122191429138184,9.127881050109863,16.882892608642578,15.02237319946289,-0.45725908875465393,0.2896414776100372,-0.24448910376234065,3,3.0750272274017334,1.0,0.6029876539637433,0,0,60.0,1.0,1.0,0.9498002889745354,0.89057657122612,1.36322071403265,0.16413514316082,0.16666666666666666,0.0,0.017361266538500786,1.0,0.0,0.0,0.9795618653297424,1.0,0.9798671243696572,0.9798671243696572,1.0,0.9798671243696572,0.020132875630342936,0.04026575126068582,0.9396013731089713,211.04950095975448,0.0046899889102167665,1.4829165840308947,-0.07618911637318271,421.67782581844904,0.25099855512732283,0.07837104797363281,1.0,heuristic_fallback
20260514_035650,232,321,25.68,e2,Eval-Transferred-OSD+Fuzzy+OP-CBRS-e2,proxy,-8.871875762939453,9.14456558227539,9.129311561584473,16.98299217224121,15.043844223022461,-0.47893214225769043,0.289613336002018,-0.26987062646414794,3,2.9966423511505127,1.0,0.6083203469016703,0,0,60.0,1.0,1.0,0.9498002889745354,0.8927214940388998,1.3659018675486247,0.1609177589416504,0.16666666666666666,0.0,0.02117142640054226,1.0,0.0,0.0,0.9797115325927734,1.0,0.9800637016137506,0.9800637016137506,1.0,0.9800637016137506,0.019936298386249347,0.03987259677249869,0.9401911048412519,211.03662120283116,0.004689702693396248,1.4805951948375584,-0.07083290939295771,421.67782581844904,0.25099855512732283,0.0783848762512207,1.0,heuristic_fallback
20260514_035650,232,322,25.76,e2,Eval-Transferred-OSD+Fuzzy+OP-CBRS-e2,proxy,-8.796746253967285,9.16694450378418,9.13064956665039,17.086029052734375,14.964242935180664,-0.4651203751564026,0.28959071743592596,-0.26113100207659556,3,2.918243646621704,1.0,0.631750783040773,0,0,59.0,1.0,1.0,0.9498002889745354,0.8949275612831116,1.3686594516038895,0.15760865807533264,0.16666666666666666,0.0,0.0594850592315197,1.0,0.0,0.0,0.9798713326454163,1.0,0.9802660727000142,0.9802660727000142,1.0,0.9802660727000142,0.01973392729998584,0.03946785459997163,0.9407982181000426,211.02581957285122,0.004689462657174471,1.4524114870253784,-0.045585629582751655,421.67782581844904,0.25099855512732283,0.0783987045288086,1.0,heuristic_fallback
20260514_035650,232,323,25.84,e2,Eval-Transferred-OSD+Fuzzy+OP-CBRS-e2,proxy,-8.721601486206055,9.189327239990234,9.131900787353516,17.108922958374023,14.936873435974121,-0.48821625113487244,0.28957250712792326,-0.2548546026671782,3,2.839829444885254,1.0,0.5993434361155947,0,0,59.0,1.0,1.0,0.9498002889745354,0.8971896668275198,1.3714870835343997,0.1542154997587204,0.16666666666666666,0.0,0.04664275795221329,1.0,0.0,0.0,0.9800406098365784,1.0,0.980473784856827,0.980473784856827,1.0,0.980473784856827,0.01952621514317292,0.039052430286345884,0.9414213545704812,211.01696151334556,0.0046892658114076795,1.4626087393709601,-0.08130601566671126,421.67782581844904,0.25099855512732283,0.0784142017364502,1.0,heuristic_fallback
20260514_035650,232,324,25.92,e2,Eval-Transferred-OSD+Fuzzy+OP-CBRS-e2,proxy,-8.646441459655762,9.211714744567871,9.133071899414062,17.226892471313477,14.956314086914062,-0.48501086235046387,0.28955788799270415,-0.26152415440602284,3,2.7614004611968994,1.0,0.5960913281803251,0,0,58.0,1.0,1.0,0.9498002889745354,0.899505486090978,1.3743818576137226,0.15074177086353302,0.16666666666666666,0.0,0.02376975491642952,1.0,0.0,0.0,0.9802185297012329,1.0,0.9806866397106171,0.9806866397106171,1.0,0.9806866397106171,0.019313360289382873,0.0386267205787657,0.9420599191318514,211.00990861586297,0.00468910908035251,1.4803424464636625,-0.08887635323257051,421.67782581844904,0.25099855512732283,0.07842898368835449,1.0,heuristic_fallback
20260514_035650,232,325,26.0,e2,Eval-Transferred-OSD+Fuzzy+OP-CBRS-e2,proxy,-8.57126522064209,9.23410701751709,9.134166717529297,17.290565490722656,14.898774147033691,-0.4767969846725464,0.28954614221722785,-0.2486416261151616,3,2.682955026626587,1.0,0.6294327164730265,0,0,58.0,1.0,1.0,0.9498002889745354,0.9018700023492178,1.3773375029365222,0.1471949964761734,0.16666666666666666,0.0,0.049259692430496216,1.0,0.0,0.0,0.9804045557975769,1.0,0.9809041906088658,0.9809041906088658,1.0,0.9809041906088658,0.019095809391134193,0.03819161878226834,0.9427125718265974,211.00454193688267,0.004688989820819615,1.4618161223926724,-0.055030476784623306,421.67782581844904,0.25099855512732283,0.0784454345703125,1.0,heuristic_fallback
20260514_035650,232,326,26.08,e2,Eval-Transferred-OSD+Fuzzy+OP-CBRS-e2,proxy,-8.496072769165039,9.25650405883789,9.135190963745117,17.32909393310547,14.890235900878906,-0.48418712615966797,0.2895367113462221,-0.25295411390859657,3,2.6044931411743164,1.0,0.6004904087050181,0,0,57.0,1.0,1.0,0.9498002889745354,0.9042822619279226,1.3803528274099033,0.14357660710811615,0.16666666666666666,0.0,0.027303803712129593,1.0,0.0,0.0,0.9805978536605835,1.0,0.9811263637655874,0.9811263637655874,1.0,0.9811263637655874,0.01887363623441266,0.03774727246882532,0.943379091296762,211.00073654083508,0.004688905256463001,1.4788861038261236,-0.08821801527207872,421.67782581844904,0.25099855512732283,0.07846188545227051,1.0,heuristic_fallback
20260514_035650,232,327,26.16,e2,Eval-Transferred-OSD+Fuzzy+OP-CBRS-e2,proxy,-8.42086410522461,9.278905868530273,9.136148452758789,17.402610778808594,14.889256477355957,-0.4818131625652313,0.28952914680865627,-0.25534498270431594,3,2.526014804840088,1.0,0.6152658030491167,0,0,57.0,1.0,1.0,0.9498002889745354,0.9067376554012299,1.3834220692515373,0.1398935168981552,0.16666666666666666,0.0,0.02398100309073925,1.0,0.0,0.0,0.9807980060577393,1.0,0.9813527481117725,0.9813527481117725,1.0,0.9813527481117725,0.018647251888227624,0.03729450377645522,0.9440582443353173,210.9983939034155,0.004688853197853678,1.4819920526604933,-0.07582921814659298,421.67782581844904,0.25099855512732283,0.07847833633422852,1.0,heuristic_fallback
20260514_035650,232,328,26.24,e2,Eval-Transferred-OSD+Fuzzy+OP-CBRS-e2,proxy,-8.345638275146484,9.301313400268555,9.137043952941895,17.490339279174805,14.871866226196289,-0.4661712944507599,0.28952308843368246,-0.2612245654931309,3,2.447519063949585,1.0,0.6250731479518895,0,0,56.0,1.0,1.0,0.9498002889745354,0.9092346429824829,1.3865433037281036,0.13614803552627563,0.16666666666666666,0.0,0.03289494290947914,1.0,0.0,0.0,0.9810046553611755,1.0,0.9815832145257004,0.9815832145257004,1.0,0.9815832145257004,0.018416785474299684,0.03683357094859934,0.944749643577101,210.99742759571393,0.004688831724349198,1.4759308446917516,-0.06719410710103471,421.67782581844904,0.25099855512732283,0.07849574089050293,1.0,heuristic_fallback
20260514_035650,232,329,26.32,e2,Eval-Transferred-OSD+Fuzzy+OP-CBRS-e2,proxy,-8.270395278930664,9.323725700378418,9.137882232666016,17.59381103515625,14.801464080810547,-0.48515400290489197,0.2895181957938706,-0.2720656264033059,3,2.3690056800842285,1.0,0.6166184485462991,0,0,55.0,1.0,1.0,0.9498002889745354,0.9117695192495981,1.3897118990619977,0.13234572112560272,0.16666666666666666,0.0,0.025754263624548912,1.0,0.0,0.0,0.9812170267105103,1.0,0.9818174333125844,0.9818174333125844,1.0,0.9818174333125844,0.01818256668741572,0.03636513337483144,0.9454522999377529,210.99772636837997,0.004688838363741778,1.4819200732222282,-0.07843187138113492,421.67782581844904,0.25099855512732283,0.07851338386535645,1.0,heuristic_fallback
20260514_035650,232,330,26.4,e2,Eval-Transferred-OSD+Fuzzy+OP-CBRS-e2,proxy,-8.195134162902832,9.34614372253418,9.138666152954102,17.63199806213379,14.802468299865723,-0.45721879601478577,0.28951426631025756,-0.24056139897659193,3,2.290473699569702,1.0,0.6331447979671698,0,0,55.0,1.0,1.0,0.9498002889745354,0.9143407245477041,1.3929259056846302,0.1284889131784439,0.16666666666666666,0.0,0.041262511163949966,1.0,0.0,0.0,0.9814348816871643,1.0,0.9820552720919992,0.9820552720919992,1.0,0.9820552720919992,0.017944727908000942,0.0358894558160019,0.9461658162759973,210.99921360401288,0.004688871413422509,1.4709316888922037,-0.06243250455330391,421.67782581844904,0.25099855512732283,0.07853198051452637,1.0,heuristic_fallback
20260514_035650,232,331,26.48,e2,Eval-Transferred-OSD+Fuzzy+OP-CBRS-e2,proxy,-8.119854927062988,9.368566513061523,9.139399528503418,17.713624954223633,14.799936294555664,-0.4923180937767029,0.28951108485757754,-0.2579399836453748,3,2.211923599243164,1.0,0.6087727987809803,0,0,54.0,1.0,1.0,0.9498002889745354,0.9169454524914423,1.3961818156143029,0.12458182126283646,0.16666666666666666,0.0,0.015326119028031826,1.0,0.0,0.0,0.981657862663269,1.0,0.9822964825230731,0.9822964825230731,1.0,0.9822964825230731,0.01770351747692699,0.03540703495385394,0.9468894475692191,211.0018139558747,0.004688929199019438,1.491035164980077,-0.09147731701470158,421.67782581844904,0.25099855512732283,0.07855010032653809,1.0,heuristic_fallback
20260514_035650,232,332,26.56,e2,Eval-Transferred-OSD+Fuzzy+OP-CBRS-e2,proxy,-8.044557571411133,9.390995025634766,9.140085220336914,17.814672470092773,14.739786148071289,-0.4484451711177826,0.28950855665852643,-0.2541696462806188,3,2.133354425430298,1.0,0.6409430377021547,0,0,54.0,1.0,1.0,0.9498002889745354,0.9195817957321802,1.3994772446652253,0.12062730640172958,0.16666666666666666,0.0,0.035690922290086746,1.0,0.0,0.0,0.9818854928016663,1.0,0.9825408986675914,0.9825408986675914,1.0,0.9825408986675914,0.017459101332408484,0.03491820266481694,0.9476226960027745,211.00544626405292,0.004689009916978954,1.4764206483437203,-0.05935812134691918,421.67782581844904,0.25099855512732283,0.07856917381286621,1.0,heuristic_fallback
20260514_035650,232,333,26.64,e2,Eval-Transferred-OSD+Fuzzy+OP-CBRS-e2,proxy,-7.969242095947266,9.413429260253906,9.140726089477539,17.880998611450195,14.737727165222168,-0.44084736704826355,0.28950652726587556,-0.2376789593404544,3,2.0547664165496826,1.0,0.6272689378907663,0,0,54.0,1.0,1.0,0.9498002889745354,0.9222487111886343,1.4028108889857929,0.11662693321704865,0.16666666666666666,0.0,0.032868627458810806,1.0,0.0,0.0,0.9821174740791321,1.0,0.9827884342042003,0.9827884342042003,1.0,0.9827884342042003,0.017211565795799643,0.03442313159159926,0.948365302612601,211.0100458485732,0.0046891121299682936,1.4792040983312906,-0.07540425372119919,421.67782581844904,0.25099855512732283,0.07858800888061523,1.0,heuristic_fallback
20260514_035650,232,334,26.72,e2,Eval-Transferred-OSD+Fuzzy+OP-CBRS-e2,proxy,-7.8939080238342285,9.435869216918945,9.141325950622559,17.947628021240234,14.714376449584961,-0.471762090921402,0.28950486947470444,-0.2668404442100945,4,1.9761595726013184,1.0,18.624079190462666,0,0,53.0,1.0,1.0,0.9498002889745354,0.9249433080355326,1.4061791350444157,0.11258503794670105,0.16666666666666666,0.0,0.02118166908621788,1.0,0.0,0.0,0.982353687286377,1.0,0.9830388307106136,0.9830388307106136,1.0,0.9830388307106136,0.016961169289386353,0.03392233857877268,0.9491164921318409,211.01556264400278,0.004689234725422284,1.48864296632246,-0.0818556825768579,421.67782581844904,0.25099855512732283,0.07860684394836426,1.0,heuristic_fallback
20260514_035650,232,335,26.8,e2,Eval-Transferred-OSD+Fuzzy+OP-CBRS-e2,proxy,-7.838287830352783,9.424402236938477,9.135223388671875,17.98107147216797,14.705841064453125,-0.4707747995853424,0.17350486947470445,-0.38399432342147566,4,8.629149436950684,1.0,0.3216294390038713,0,0,53.0,1.0,1.0,0.9498002889745354,1.0,1.5,0.0,0.16666666666666666,0.0,0.017182396724820137,1.0,0.0,0.0,0.9825937151908875,1.0,0.9901334127352318,0.9901334127352318,1.0,0.9901334127352318,0.00986658726476831,0.019733174529536594,0.9704002382056952,212.26885777582459,0.004717085728351657,1.5104065935846251,-0.09384458969522867,421.67782581844904,0.25099855512732283,0.023438453674316406,1.0,heuristic_fallback
20260514_035650,232,336,26.88,e2,Eval-Transferred-OSD+Fuzzy+OP-CBRS-e2,proxy,-7.79585599899292,9.390608787536621,9.124813079833984,18.003459930419922,14.637565612792969,-0.4978272318840027,0.057504869474704456,-0.5041973850240532,4,8.586787223815918,1.0,0.4440904394070165,0,0,65.0,1.0,1.0,0.9498002889745354,0.9653230458498001,1.4566538073122501,0.052015431225299835,0.16666666666666666,0.0,0.022807471454143524,1.0,0.0,0.0,0.7139613032341003,1.0,0.9868266006805047,0.9868266006805047,1.0,0.9868266006805047,0.013173399319495316,0.026346798638990653,0.960479802041514,198.65408869492887,0.004414535304331753,1.4975185490000826,-0.0619721837063773,421.67782581844904,0.25099855512732283,0.042362213134765625,1.0,heuristic_fallback
20260514_035650,232,337,26.96,e2,Eval-Transferred-OSD+Fuzzy+OP-CBRS-e2,proxy,-7.7622456550598145,9.342116355895996,9.111757278442383,18.035926818847656,14.569769859313965,-0.4928120970726013,-0.058495130525295536,-0.6148070144866712,4,8.531916618347168,1.0,0.49861473433634973,0,0,76.0,1.0,1.0,0.9498002889745354,0.942081888516744,1.42760236064593,0.08687716722488403,0.16666666666666666,0.0,0.0236392579972744,1.0,0.0,0.0,0.6904261708259583,1.0,0.9846383362010409,0.9846383362010409,1.0,0.9846383362010409,0.015361663798959,0.030723327597918,0.953915008603123,198.19149821663734,0.004404255515925275,1.4910844197594704,-0.06758255605934724,421.67782581844904,0.25099855512732283,0.05487060546875,1.0,heuristic_fallback
20260514_035650,232,338,27.04,e2,Eval-Transferred-OSD+Fuzzy+OP-CBRS-e2,proxy,-7.7345356941223145,9.283946990966797,9.09720516204834,18.025266647338867,14.537896156311035,-0.5213887691497803,-0.17449513052529553,-0.7275340846838764,4,8.468809127807617,1.0,0.5364549323057658,0,0,80.0,1.0,1.0,0.9498002889745354,0.9261732548475266,1.4077165685594082,0.11074011772871017,0.16666666666666666,0.0,0.024122517555952072,1.0,0.0,0.0,0.755357027053833,1.0,0.983153221605561,0.983153221605561,1.0,0.983153221605561,0.01684677839443901,0.03369355678887806,0.9494596648166829,201.53235503919313,0.004478496778648737,1.4867448166731578,-0.06928759412114562,421.67782581844904,0.25099855512732283,0.06310749053955078,1.0,heuristic_fallback
20260514_035650,232,339,27.12,e2,Eval-Transferred-OSD+Fuzzy+OP-CBRS-e2,proxy,-7.710772514343262,9.219408988952637,9.081941604614258,17.99814796447754,14.467423439025879,-0.4897720217704773,-0.2904951305252955,-0.8420908342039148,4,8.40029239654541,1.0,0.568973306811952,0,0,80.0,1.0,1.0,0.9498002889745354,0.9148931403954824,1.393616425494353,0.12766028940677643,0.16666666666666666,0.0,0.03671814501285553,1.0,0.0,0.0,0.8256898522377014,1.0,0.9821064056908928,0.9821064056908928,1.0,0.9821064056908928,0.017893594309107044,0.03578718861821413,0.9463192170726787,205.250703371452,0.004561126741587822,1.4744780674674691,-0.06142784903734581,421.67782581844904,0.25099855512732283,0.06851673126220703,1.0,heuristic_fallback
20260514_035650,232,340,27.2,e2,Eval-Transferred-OSD+Fuzzy+OP-CBRS-e2,proxy,-7.68964958190918,9.150681495666504,9.066499710083008,17.971315383911133,14.347229957580566,-0.5520203113555908,-0.4064951305252955,-0.9632770870724051,4,8.328238487243652,1.0,0.5764514057654433,0,0,80.0,1.0,1.0,0.9498002889745354,0.9064884384473165,1.3831105480591457,0.14026734232902527,0.16666666666666666,0.0,0.03646670654416084,1.0,0.0,0.0,0.8805913329124451,1.0,0.9813297596244279,0.9813297596244279,1.0,0.9813297596244279,0.018670240375572047,0.037340480751144135,0.9439892788732838,208.28856654151252,0.004628634812033612,1.4725654708319487,-0.0708203139336613,421.67782581844904,0.25099855512732283,0.07205390930175781,1.0,heuristic_fallback
20260514_035650,232,341,27.28,e2,Eval-Transferred-OSD+Fuzzy+OP-CBRS-e2,proxy,-7.670293807983398,9.079201698303223,9.051234245300293,17.967191696166992,14.313146591186523,-0.5449512004852295,-0.5224951305252955,-1.07961551719123,4,8.253877639770508,1.0,0.5855782866123116,0,0,80.0,1.0,1.0,0.9498002889745354,0.8998474280039469,1.3748092850049336,0.1502288579940796,0.16666666666666666,0.0,0.03388981148600578,1.0,0.0,0.0,0.9192442893981934,1.0,0.9807180868288707,0.9807180868288707,1.0,0.9807180868288707,0.0192819131711292,0.03856382634225841,0.9421542604866123,210.47514387901902,0.004677225419533756,1.4728378895147227,-0.07282171240520516,421.67782581844904,0.25099855512732283,0.07436084747314453,1.0,heuristic_fallback
20260514_035650,232,342,27.36,e2,Eval-Transferred-OSD+Fuzzy+OP-CBRS-e2,proxy,-7.652121067047119,9.005915641784668,9.036375045776367,17.940263748168945,14.241156578063965,-0.5678618550300598,-0.6384951305252955,-1.183423004709599,4,8.178023338317871,1.0,0.5832092826655958,0,0,80.0,1.0,1.0,0.9498002889745354,0.8942861060301462,1.3678576325376828,0.15857084095478058,0.16666666666666666,0.0,0.016176750883460045,1.0,0.0,0.0,0.945144772529602,1.0,0.9802072096347343,0.9802072096347343,1.0,0.9802072096347343,0.01979279036526564,0.03958558073053126,0.940621628904203,211.92882544419308,0.004709529454315402,1.4847323544731819,-0.08387316011225647,421.67782581844904,0.25099855512732283,0.07585430145263672,1.0,heuristic_fallback
20260514_035650,232,343,27.44,e2,Eval-Transferred-OSD+Fuzzy+OP-CBRS-e2,proxy,-7.634741306304932,8.93144702911377,9.022067070007324,17.940805435180664,14.159629821777344,-0.5771888494491577,-0.7544951305252955,-1.2833110140456245,4,8.10120677947998,1.0,0.5976051922183847,0,0,80.0,1.0,1.0,0.9498002889745354,0.8893985152244568,1.361748144030571,0.16590222716331482,0.16666666666666666,0.0,0.013218688778579235,1.0,0.0,0.0,0.9619265198707581,1.0,0.9797592356812553,0.9797592356812553,1.0,0.9797592356812553,0.02024076431874469,0.040481528637489356,0.939277707043766,212.82887167607635,0.004729530481690586,1.48572900335042,-0.07409558461565612,421.67782581844904,0.25099855512732283,0.07681655883789062,1.0,heuristic_fallback
20260514_035650,232,344,27.52,e2,Eval-Transferred-OSD+Fuzzy+OP-CBRS-e2,proxy,-7.617893218994141,8.856207847595215,9.00839614868164,17.8878231048584,14.112813949584961,-0.6157076954841614,-0.8704951305252955,-1.4265490513612655,4,8.02377700805664,1.0,0.614882603077582,0,0,80.0,1.0,1.0,0.9498002889745354,0.8849548498789469,1.3561935623486836,0.1725677251815796,0.16666666666666666,0.0,0.03354543820023537,1.0,0.0,0.0,0.9724593162536621,1.0,0.9793527693794448,0.9793527693794448,1.0,0.9793527693794448,0.020647230620555138,0.04129446124111025,0.9380583081383346,213.33766623267002,0.0047408370273926675,1.4693730249478005,-0.057407195206988317,421.67782581844904,0.25099855512732283,0.07742977142333984,1.0,heuristic_fallback
20260514_035650,232,345,27.6,e2,Eval-Transferred-OSD+Fuzzy+OP-CBRS-e2,proxy,-7.601402282714844,8.780468940734863,8.995405197143555,17.85848617553711,13.996212005615234,-0.6191868782043457,-0.9679468036223566,-1.5198184089552997,4,7.945965766906738,1.0,0.6037750224001206,0,0,80.0,1.0,1.0,0.9498002889745354,0.8808343907197317,1.3510429883996646,0.17874841392040253,0.16666666666666666,0.0,0.03587973490357399,1.0,0.0,0.0,0.978814959526062,1.0,0.9789765624556329,0.9789765624556329,1.0,0.9789765624556329,0.021023437544367023,0.042046875088734045,0.9369296873668989,213.58144654955004,0.004746254367767778,1.4665921876304926,-0.06974212368394307,421.67782581844904,0.25099855512732283,0.07781124114990234,1.0,heuristic_fallback
20260514_035650,232,346,27.68,e2,Eval-Transferred-OSD+Fuzzy+OP-CBRS-e2,proxy,-7.5851521492004395,8.7044095993042,8.983110427856445,17.833023071289062,13.907157897949219,-0.6486267447471619,-1.0463195395923004,-1.61167110564579,4,7.867919921875,1.0,0.5948819224116583,0,0,80.0,1.0,1.0,0.9498002889745354,0.8769761522610983,1.3462201903263729,0.18453577160835266,0.16666666666666666,0.0,0.022782061249017715,1.0,0.0,0.0,0.9824290871620178,1.0,0.9786249018673727,0.9786249018673727,1.0,0.9786249018673727,0.021375098132627213,0.0427501962652544,0.9358747056021183,213.65158834474835,0.004747813074327741,1.4754508832567514,-0.08071021758936522,421.67782581844904,0.25099855512732283,0.07804584503173828,1.0,heuristic_fallback
20260514_035650,232,347,27.76,e2,Eval-Transferred-OSD+Fuzzy+OP-CBRS-e2,proxy,-7.569064617156982,8.628146171569824,8.97150993347168,17.802875518798828,13.864007949829102,-0.6601856350898743,-1.109345749535044,-1.6558321985451914,4,7.789736270904541,1.0,0.618548050912386,0,0,80.0,1.0,1.0,0.9498002889745354,0.8733568092187246,1.3416960115234058,0.18996478617191315,0.16666666666666666,0.0,0.045930322259664536,1.0,0.0,0.0,0.9842743277549744,1.0,0.9782955460696042,0.9782955460696042,1.0,0.9782955460696042,0.021704453930395624,0.04340890786079122,0.934886638208813,213.6116380358418,0.004746925289685374,1.457184851738173,-0.05504580258904188,421.67782581844904,0.25099855512732283,0.07818365097045898,1.0,heuristic_fallback
20260514_035650,232,348,27.84,e2,Eval-Transferred-OSD+Fuzzy+OP-CBRS-e2,proxy,-7.55308723449707,8.551756858825684,8.960587501525879,17.771770477294922,13.78695297241211,-0.6228038668632507,-1.160028599680566,-1.709159342357913,4,7.711478233337402,1.0,0.5939746739376431,0,0,80.0,1.0,1.0,0.9498002889745354,0.8699680467446645,1.3374600584308307,0.19504792988300323,0.16666666666666666,0.0,0.03187766671180725,1.0,0.0,0.0,0.9850005507469177,1.0,0.9779876373211388,0.9779876373211388,1.0,0.9779876373211388,0.022012362678861308,0.04402472535772263,0.9339629119634162,213.50469312578218,0.004744548736128494,1.4668771527805509,-0.08105405798665209,421.67782581844904,0.25099855512732283,0.07825803756713867,1.0,heuristic_fallback
20260514_035650,232,349,27.92,e2,Eval-Transferred-OSD+Fuzzy+OP-CBRS-e2,proxy,-7.537185192108154,8.47529125213623,8.950321197509766,17.779754638671875,13.700122833251953,-0.635419487953186,-1.2007841987710297,-1.7381807964714768,4,7.633184909820557,1.0,0.5954537140233541,0,0,80.0,1.0,1.0,0.9498002889745354,0.8668100833892822,1.3335126042366028,0.19978487491607666,0.16666666666666666,0.0,0.019014688208699226,1.0,0.0,0.0,0.9850370287895203,1.0,0.9777011028577399,0.9777011028577399,1.0,0.9777011028577399,0.022298897142259966,0.04459779428451997,0.93310330857322,213.35941304569963,0.004741320289904437,1.4757348958190364,-0.08072280612968123,421.67782581844904,0.25099855512732283,0.0782933235168457,1.0,heuristic_fallback
20260514_035650,232,350,28.0,e2,Eval-Transferred-OSD+Fuzzy+OP-CBRS-e2,proxy,-7.521334648132324,8.398782730102539,8.940683364868164,17.718679428100586,13.63064193725586,-0.6653672456741333,-1.2335561328360771,-1.7907892027948964,4,7.554881572723389,1.0,0.6150957672831475,0,0,80.0,1.0,1.0,0.9498002889745354,0.8638858993848165,1.3298573742310207,0.20417115092277527,0.16666666666666666,0.0,0.036928385496139526,1.0,0.0,0.0,0.984664797782898,1.0,0.9774361265113668,0.9774361265113668,1.0,0.9774361265113668,0.022563873488633167,0.045127746977266285,0.9323083795341005,213.1945676259934,0.004737657058355408,1.4615685768523397,-0.059050370761458956,421.67782581844904,0.25099855512732283,0.07830333709716797,1.0,heuristic_fallback
20260514_035650,232,351,28.08,e2,Eval-Transferred-OSD+Fuzzy+OP-CBRS-e2,proxy,-7.505519866943359,8.32225227355957,8.93164348602295,17.67563819885254,13.568746566772461,-0.6709030866622925,-1.2599077587096652,-1.8141079955373391,4,7.476583480834961,1.0,0.5909924047032005,0,0,80.0,1.0,1.0,0.9498002889745354,0.861196349064509,1.3264954363306363,0.2082054764032364,0.16666666666666666,0.0,0.018199900165200233,1.0,0.0,0.0,0.9840660095214844,1.0,0.9771927051200371,0.9771927051200371,1.0,0.9771927051200371,0.022807294879962914,0.04561458975992584,0.9315781153601113,213.02224277006462,0.004733827617112547,1.4749425532704674,-0.08473605774944354,421.67782581844904,0.25099855512732283,0.07829809188842773,1.0,heuristic_fallback
20260514_035650,232,352,28.16,e2,Eval-Transferred-OSD+Fuzzy+OP-CBRS-e2,proxy,-7.489730358123779,8.245713233947754,8.923171043395996,17.705665588378906,13.47282886505127,-0.6941129565238953,-1.2810964850361863,-1.8353816603398394,4,7.398298740386963,1.0,0.6068522770452588,0,0,80.0,1.0,1.0,0.9498002889745354,0.8587430715560913,1.3234288394451141,0.21188539266586304,0.16666666666666666,0.0,0.023875100538134575,1.0,0.0,0.0,0.9833568930625916,1.0,0.9769709127628815,0.9769709127628815,1.0,0.9769709127628815,0.023029087237118554,0.04605817447423706,0.9309127382886444,212.85003456408424,0.004730000768090761,1.4700728336136621,-0.06800182320691651,421.67782581844904,0.25099855512732283,0.07828474044799805,1.0,heuristic_fallback
20260514_035650,232,353,28.24,e2,Eval-Transferred-OSD+Fuzzy+OP-CBRS-e2,proxy,-7.473958969116211,8.169173240661621,8.915233612060547,17.657312393188477,13.401774406433105,-0.6788172721862793,-1.2981335810855972,-1.8542395088743917,4,7.320032596588135,1.0,0.6163815208578243,0,0,80.0,1.0,1.0,0.9498002889745354,0.8565237124760946,1.3206546405951183,0.21521443128585815,0.16666666666666666,0.0,0.04587724804878235,1.0,0.0,0.0,0.982610821723938,1.0,0.9767704690935434,0.9767704690935434,1.0,0.9767704690935434,0.023229530906456495,0.04645906181291296,0.9303114072806304,212.68261031310294,0.004726280229180065,1.453016383210677,-0.05596282368404554,421.67782581844904,0.25099855512732283,0.07826614379882812,1.0,heuristic_fallback
20260514_035650,232,354,28.32,e2,Eval-Transferred-OSD+Fuzzy+OP-CBRS-e2,proxy,-7.458200454711914,8.09263801574707,8.907800674438477,17.612546920776367,13.337808609008789,-0.6827152967453003,-1.3118323150018867,-1.8689603093474647,4,7.241786956787109,1.0,0.5895217771701863,0,0,80.0,1.0,1.0,0.9498002889745354,0.8545345067977905,1.3181681334972382,0.2181982398033142,0.16666666666666666,0.0,0.027312157675623894,1.0,0.0,0.0,0.98187255859375,1.0,0.9765909739373496,0.9765909739373496,1.0,0.9765909739373496,0.02340902606265042,0.04681805212530087,0.9297729218120487,212.52267456054688,0.004722726101345487,1.46644289957097,-0.08438288080518787,421.67782581844904,0.25099855512732283,0.07824563980102539,1.0,heuristic_fallback
20260514_035650,232,355,28.4,e2,Eval-Transferred-OSD+Fuzzy+OP-CBRS-e2,proxy,-7.442451477050781,8.016109466552734,8.900842666625977,17.623275756835938,13.26041030883789,-0.6924747228622437,-1.3228467100174055,-1.8852491024349567,4,7.163562297821045,1.0,0.5964614827868289,0,0,80.0,1.0,1.0,0.9498002889745354,0.8527717192967733,1.3159646491209667,0.2208424210548401,0.16666666666666666,0.0,0.018668558448553085,1.0,0.0,0.0,0.9811685681343079,1.0,0.9764320373350565,0.9764320373350565,1.0,0.9764320373350565,0.023567962664943477,0.047135925329886905,0.9292961120051696,212.37168187976306,0.004719370708439179,1.4724849021160187,-0.07803131277473734,421.67782581844904,0.25099855512732283,0.07822465896606445,1.0,heuristic_fallback
20260514_035650,232,356,28.48,e2,Eval-Transferred-OSD+Fuzzy+OP-CBRS-e2,proxy,-7.426709175109863,7.939589977264404,8.894330024719238,17.572751998901367,13.228739738464355,-0.694215714931488,-1.331702691104449,-1.8825507309884355,4,7.085358619689941,1.0,0.6130418247412549,0,0,80.0,1.0,1.0,0.9498002889745354,0.8512276411056519,1.3140345513820648,0.22315853834152222,0.16666666666666666,0.0,0.03630029037594795,1.0,0.0,0.0,0.9805135726928711,1.0,0.9762929185742593,0.9762929185742593,1.0,0.9762929185742593,0.023707081425740704,0.04741416285148145,0.9288787557227778,212.23028904668172,0.004716228645481816,1.4588750836226922,-0.05943308352075397,421.67782581844904,0.25099855512732283,0.07820367813110352,1.0,heuristic_fallback
20260514_035650,232,357,28.56,e2,Eval-Transferred-OSD+Fuzzy+OP-CBRS-e2,proxy,-7.410972595214844,7.863079071044922,8.888236045837402,17.538606643676758,13.13486099243164,-0.7259520888328552,-1.3388231859536808,-1.8989135395263639,4,7.007174015045166,1.0,0.5948001384727402,0,0,80.0,1.0,1.0,0.9498002889745354,0.8498951494693756,1.3123689368367195,0.22515727579593658,0.16666666666666666,0.0,0.026773981750011444,1.0,0.0,0.0,0.979914665222168,1.0,0.9761729373026168,0.9761729373026168,1.0,0.9761729373026168,0.02382706269738311,0.04765412539476623,0.9285188119078506,212.09863485841197,0.004713302996853599,1.4656866921830756,-0.07840298978911237,421.67782581844904,0.25099855512732283,0.07818460464477539,1.0,heuristic_fallback
20260514_035650,232,358,28.64,e2,Eval-Transferred-OSD+Fuzzy+OP-CBRS-e2,proxy,-7.39523983001709,7.786576747894287,8.88253402709961,17.526344299316406,13.074993133544922,-0.7396081686019897,-1.3445482478100867,-1.8809467840879963,4,6.929006576538086,1.0,0.5935130662279581,0,0,80.0,1.0,1.0,0.9498002889745354,0.848766565322876,1.310958206653595,0.22685015201568604,0.16666666666666666,0.0,0.014509792439639568,1.0,0.0,0.0,0.9793741106987,1.0,0.9760713699420701,0.9760713699420701,1.0,0.9760713699420701,0.023928630057929882,0.04785726011585981,0.9282141098262103,211.97654249057916,0.0047105898331239815,1.4746026881292296,-0.08072160356837996,421.67782581844904,0.25099855512732283,0.07816743850708008,1.0,heuristic_fallback
20260514_035650,232,359,28.72,e2,Eval-Transferred-OSD+Fuzzy+OP-CBRS-e2,proxy,-7.379510402679443,7.710082054138184,8.877199172973633,17.501758575439453,12.98610782623291,-0.749154269695282,-1.3491513288814745,-1.9103407238416625,4,6.850854396820068,1.0,0.6116658857046475,0,0,80.0,1.0,1.0,0.9498002889745354,0.8478332956631979,1.3097916195789974,0.22825005650520325,0.16666666666666666,0.0,0.030619923025369644,1.0,0.0,0.0,0.9788913726806641,1.0,0.9759874170283949,0.9759874170283949,1.0,0.9759874170283949,0.024012582971605072,0.048025165943210185,0.9279622510851847,211.86365188949276,0.004708081153099839,1.4622867727750124,-0.060791583053638076,421.67782581844904,0.25099855512732283,0.07815217971801758,1.0,heuristic_fallback
20260514_035650,232,360,28.8,e2,Eval-Transferred-OSD+Fuzzy+OP-CBRS-e2,proxy,-7.363783359527588,7.633594512939453,8.872208595275879,17.453765869140625,12.902276992797852,-0.7646263241767883,-1.352852290810013,-1.9096187298566971,4,6.772716999053955,1.0,0.6003372838007345,0,0,80.0,1.0,1.0,0.9498002889745354,0.8470861911773682,1.3088577389717102,0.22937071323394775,0.16666666666666666,0.0,0.030483312904834747,1.0,0.0,0.0,0.9784641265869141,1.0,0.9759202348850958,0.9759202348850958,1.0,0.9759202348850958,0.024079765114904145,0.04815953022980824,0.9277607046552876,211.75949415110517,0.004705766536691226,1.4622024542439562,-0.07198830188013064,421.67782581844904,0.25099855512732283,0.07813739776611328,1.0,heuristic_fallback
20260514_035650,232,361,28.88,e2,Eval-Transferred-OSD+Fuzzy+OP-CBRS-e2,proxy,-7.348058223724365,7.557112693786621,8.867539405822754,17.43856430053711,12.832324981689453,-0.7243096232414246,-1.3558279249999776,-1.8985441398194525,4,6.694591045379639,1.0,0.6052676298997475,0,0,80.0,1.0,1.0,0.9498002889745354,0.8465166489283243,1.3081458111604054,0.23022502660751343,0.16666666666666666,0.0,0.03850863128900528,1.0,0.0,0.0,0.9780893325805664,1.0,0.9758690341550604,0.9758690341550604,1.0,0.9758690341550604,0.024130965844939595,0.04826193168987923,0.9276071024651812,211.6635666527145,0.0047036348145047665,1.4560410798935675,-0.06614399822162714,421.67782581844904,0.25099855512732283,0.0781259536743164,1.0,heuristic_fallback
20260514_035650,232,362,28.96,e2,Eval-Transferred-OSD+Fuzzy+OP-CBRS-e2,proxy,-7.332334518432617,7.480635643005371,8.863171577453613,17.417924880981445,12.760078430175781,-0.7574636340141296,-1.3582203761430367,-1.9063204380875998,4,6.6164751052856445,1.0,0.5831115061460772,0,0,80.0,1.0,1.0,0.9498002889745354,0.8461152613162994,1.3076440766453743,0.23082710802555084,0.16666666666666666,0.0,0.011365103535354137,1.0,0.0,0.0,0.9777632355690002,1.0,0.9758329576886078,0.9758329576886078,1.0,0.9758329576886078,0.024167042311392287,0.048334084622784546,0.9274988730658232,211.57532962663038,0.004701673991702897,1.4762983788057995,-0.09092671887427814,421.67782581844904,0.25099855512732283,0.07811594009399414,1.0,heuristic_fallback
20260514_035650,232,363,29.04,e2,Eval-Transferred-OSD+Fuzzy+OP-CBRS-e2,proxy,-7.316612243652344,7.404162406921387,8.859086036682129,17.412818908691406,12.717754364013672,-0.7512974739074707,-1.3601439360265464,-1.9111756305287373,4,6.538367748260498,1.0,0.6091081354264147,0,0,80.0,1.0,1.0,0.9498002889745354,0.845874140659968,1.30734267582496,0.2311887890100479,0.16666666666666666,0.0,0.023941881954669952,1.0,0.0,0.0,0.9774820804595947,1.0,0.9758112888928695,0.9758112888928695,1.0,0.9758112888928695,0.024188711107130667,0.048377422214261286,0.9274338666786082,211.4942604597327,0.0046998724546607265,1.4668055148272299,-0.06360756614508595,421.67782581844904,0.25099855512732283,0.07810735702514648,1.0,heuristic_fallback
20260514_035650,232,364,29.12,e2,Eval-Transferred-OSD+Fuzzy+OP-CBRS-e2,proxy,-7.3008904457092285,7.327692031860352,8.855264663696289,17.34740447998047,12.621246337890625,-0.7742842435836792,-1.3616904890571593,-1.9089734230059043,4,6.460267543792725,1.0,0.6124141732251943,0,0,80.0,1.0,1.0,0.9498002889745354,0.8457844654719034,1.3072305818398793,0.23132330179214478,0.16666666666666666,0.0,0.0431877076625824,1.0,0.0,0.0,0.9772422313690186,1.0,0.9758032306206358,0.9758032306206358,1.0,0.9758032306206358,0.02419676937936408,0.048393538758728136,0.9274096918619077,211.41985969561392,0.004698219104346976,1.4523487267492794,-0.05833415608062556,421.67782581844904,0.25099855512732283,0.07810020446777344,1.0,heuristic_fallback
20260514_035650,232,365,29.2,e2,Eval-Transferred-OSD+Fuzzy+OP-CBRS-e2,proxy,-7.2851691246032715,7.251223564147949,8.851690292358398,17.3184814453125,12.580965995788574,-0.7346187829971313,-1.3629339321503717,-1.9181258835009884,4,6.382172584533691,1.0,0.5912464242132355,0,0,80.0,1.0,1.0,0.9498002889745354,0.8458377917607626,1.3072972397009532,0.2312433123588562,0.16666666666666666,0.0,0.030367521569132805,1.0,0.0,0.0,0.9770401120185852,1.0,0.975808022519289,0.975808022519289,1.0,0.975808022519289,0.024191977480710915,0.04838395496142181,0.9274240675578672,211.35164639159223,0.004696703253146494,1.4619771978915812,-0.08076475488475814,421.67782581844904,0.25099855512732283,0.0780949592590332,1.0,heuristic_fallback
20260514_035650,232,366,29.28,e2,Eval-Transferred-OSD+Fuzzy+OP-CBRS-e2,proxy,-7.269448280334473,7.174755573272705,8.848346710205078,17.329059600830078,12.469170570373535,-0.7465437054634094,-1.363933672659282,-1.9186989355393347,4,6.304081439971924,1.0,0.6057574433962118,0,0,80.0,1.0,1.0,0.9498002889745354,0.8460266590118408,1.307533323764801,0.23096001148223877,0.16666666666666666,0.0,0.03977765142917633,1.0,0.0,0.0,0.976872444152832,1.0,0.9758249950035282,0.9758249950035282,1.0,0.9758249950035282,0.024175004996471874,0.04835000999294376,0.9274749850105843,211.2891718566243,0.004695314930147207,1.4549668173093182,-0.06531406943367186,421.67782581844904,0.25099855512732283,0.07809114456176758,1.0,heuristic_fallback
20260514_035650,232,367,29.36,e2,Eval-Transferred-OSD+Fuzzy+OP-CBRS-e2,proxy,-7.253727436065674,7.098287105560303,8.845219612121582,17.286104202270508,12.368000984191895,-0.7479375004768372,-1.3647374650576118,-1.9300702287921112,4,6.225992202758789,1.0,0.5927300754228572,0,0,80.0,1.0,1.0,0.9498002889745354,0.8463431398073832,1.307928924759229,0.23048529028892517,0.16666666666666666,0.0,0.02909301035106182,1.0,0.0,0.0,0.9767360687255859,1.0,0.9758534385042884,0.9758534385042884,1.0,0.9758534385042884,0.024146561495711663,0.048293122991423326,0.9275603155128651,211.23200824402738,0.004694044627645053,1.4630594183167898,-0.07943337553425973,421.67782581844904,0.25099855512732283,0.07808923721313477,1.0,heuristic_fallback
20260514_035650,232,368,29.44,e2,Eval-Transferred-OSD+Fuzzy+OP-CBRS-e2,proxy,-7.238006114959717,7.021817684173584,8.842294692993164,17.241966247558594,12.329425811767578,-0.7686899304389954,-1.3653837121778676,-1.9139915868620327,4,6.147904872894287,1.0,0.6023526815256309,0,0,80.0,1.0,1.0,0.9498002889745354,0.8467797636985779,1.3084747046232224,0.22983035445213318,0.16666666666666666,0.0,0.03291111811995506,1.0,0.0,0.0,0.9766282439231873,1.0,0.9758926861062039,0.9758926861062039,1.0,0.9758926861062039,0.02410731389379608,0.048214627787592175,0.9276780583186117,211.17977079424247,0.004692883795427611,1.4603049934629184,-0.06946429574439043,421.67782581844904,0.25099855512732283,0.07808732986450195,1.0,heuristic_fallback
20260514_035650,232,369,29.52,e2,Eval-Transferred-OSD+Fuzzy+OP-CBRS-e2,proxy,-7.222284317016602,6.945345878601074,8.839558601379395,17.243724822998047,12.235452651977539,-0.7400031089782715,-1.3659033016127051,-1.9078467617513306,4,6.069817066192627,1.0,0.5877340344614229,0,0,80.0,1.0,1.0,0.9498002889745354,0.8473297655582428,1.3091622069478035,0.2290053516626358,0.16666666666666666,0.0,0.0132311275228858,1.0,0.0,0.0,0.9765463471412659,1.0,0.9759421355520657,0.9759421355520657,1.0,0.9759421355520657,0.024057864447934323,0.04811572889586866,0.927826406656197,211.13209337085948,0.004691824297130211,1.4752024868756366,-0.08610940426399383,421.67782581844904,0.25099855512732283,0.07808780670166016,1.0,heuristic_fallback
20260514_035650,232,370,29.6,e2,Eval-Transferred-OSD+Fuzzy+OP-CBRS-e2,proxy,-7.206562042236328,6.868871212005615,8.836999893188477,17.221315383911133,12.156060218811035,-0.7891325950622559,-1.366321058020801,-1.9156900431586636,4,5.99172830581665,1.0,0.6142895454807182,0,0,80.0,1.0,1.0,0.9498002889745354,0.8479862908522288,1.309982863565286,0.2280205637216568,0.16666666666666666,0.0,0.03442029654979706,1.0,0.0,0.0,0.9764879941940308,1.0,0.9760011775184962,0.9760011775184962,1.0,0.9760011775184962,0.023998822481503757,0.04799764496300751,0.9280035325554887,211.08863626302673,0.004690858583622817,1.4594747414289497,-0.05750635601935702,421.67782581844904,0.25099855512732283,0.07808876037597656,1.0,heuristic_fallback
20260514_035650,232,371,29.68,e2,Eval-Transferred-OSD+Fuzzy+OP-CBRS-e2,proxy,-7.190838813781738,6.792392730712891,8.834607124328613,17.20030975341797,12.06528091430664,-0.7740916013717651,-1.3666569372769113,-1.912849679567618,4,5.913637638092041,1.0,0.6053119232490718,0,0,80.0,1.0,1.0,0.9498002889745354,0.8487434784571329,1.3109293480714161,0.22688478231430054,0.16666666666666666,0.0,0.04335163161158562,1.0,0.0,0.0,0.9764511585235596,1.0,0.9760692927427556,0.9760692927427556,1.0,0.9760692927427556,0.023930707257244523,0.04786141451448908,0.9282078782282664,211.04909801665235,0.004689979955925608,1.4529655370338344,-0.06567695425419162,421.67782581844904,0.25099855512732283,0.07809066772460938,1.0,heuristic_fallback
20260514_035650,232,372,29.76,e2,Eval-Transferred-OSD+Fuzzy+OP-CBRS-e2,proxy,-7.17511510848999,6.715909481048584,8.832368850708008,17.12005615234375,12.02375602722168,-0.770887553691864,-1.366926992885165,-1.9171012858384169,4,5.835543155670166,1.0,0.6043297492180946,0,0,80.0,1.0,1.0,0.9498002889745354,0.8495946526527405,1.3119933158159256,0.22560802102088928,0.16666666666666666,0.0,0.05150463059544563,1.0,0.0,0.0,0.9764338731765747,1.0,0.9761458891847126,0.9761458891847126,1.0,0.9761458891847126,0.02385411081528748,0.047708221630574914,0.9284376675541376,211.01319127574288,0.004689182028349842,1.4470635813448411,-0.06594877929662689,421.67782581844904,0.25099855512732283,0.078094482421875,1.0,heuristic_fallback
20260514_035650,232,373,29.84,e2,Eval-Transferred-OSD+Fuzzy+OP-CBRS-e2,proxy,-7.159389972686768,6.639420986175537,8.830275535583496,17.11736488342285,11.973977088928223,-0.7845715284347534,-1.3671441099487573,-1.923644879929418,4,5.757444858551025,1.0,0.5811028311276736,0,0,80.0,1.0,1.0,0.9498002889745354,0.8505350550015768,1.313168818751971,0.2241974174976349,0.16666666666666666,0.0,0.022385405376553535,1.0,0.0,0.0,0.9764344692230225,1.0,0.9762305476439274,0.9762305476439274,1.0,0.9762305476439274,0.023769452356072623,0.0475389047121452,0.9286916429317822,210.98065423520347,0.004688458983004522,1.4691381008462192,-0.09220141212964256,421.67782581844904,0.25099855512732283,0.07809829711914062,1.0,heuristic_fallback
20260514_035650,232,374,29.92,e2,Eval-Transferred-OSD+Fuzzy+OP-CBRS-e2,proxy,-7.1436638832092285,6.562926769256592,8.828317642211914,17.080657958984375,11.877105712890625,-0.7477779984474182,-1.3673186759583702,-1.9131203415382547,4,5.679341793060303,1.0,0.6008685696202538,0,0,80.0,1.0,1.0,0.9498002889745354,0.8515581587950388,1.3144476984937985,0.2226627618074417,0.16666666666666666,0.0,0.022513922303915024,1.0,0.0,0.0,0.9764512777328491,1.0,0.9763226899066364,0.9763226899066364,1.0,0.9763226899066364,0.023677310093363598,0.04735462018672724,0.9289680697199092,210.95123789556646,0.004687805286568144,1.4692974890990638,-0.07254957910354581,421.67782581844904,0.25099855512732283,0.07810306549072266,1.0,heuristic_fallback
20260514_035650,232,375,30.0,e2,Eval-Transferred-OSD+Fuzzy+OP-CBRS-e2,proxy,-7.127936363220215,6.486425876617432,8.826485633850098,17.085554122924805,11.787580490112305,-0.7678166031837463,-1.3674590234992412,-1.9136185828742982,4,5.601233005523682,1.0,0.602974471132054,0,0,80.0,1.0,1.0,0.9498002889745354,0.8526595334211985,1.315824416776498,0.2210106998682022,0.16666666666666666,0.0,0.025884034112095833,1.0,0.0,0.0,0.9764829277992249,1.0,0.976421926483418,0.976421926483418,1.0,0.976421926483418,0.02357807351658216,0.04715614703316427,0.9292657794502537,210.92472014348652,0.004687216003188589,1.467045248899468,-0.07024595466559626,421.67782581844904,0.25099855512732283,0.0781087875366211,1.0,heuristic_fallback
20260514_035650,232,376,30.08,e2,Eval-Transferred-OSD+Fuzzy+OP-CBRS-e2,proxy,-7.112207412719727,6.409917831420898,8.824772834777832,17.039091110229492,11.75995922088623,-0.7661223411560059,-1.367571861283249,-1.919809019697084,4,5.523117542266846,1.0,0.605680880598858,0,0,80.0,1.0,1.0,0.9498002889745354,0.853834350903829,1.3172929386297862,0.2192484736442566,0.16666666666666666,0.0,0.03376385569572449,1.0,0.0,0.0,0.9765281081199646,1.0,0.976527832051518,0.976527832051518,1.0,0.976527832051518,0.023472167948481847,0.04694433589696367,0.9295834961545544,210.9008882573254,0.0046866864057183415,1.461429087082404,-0.06690290666457913,421.67782581844904,0.25099855512732283,0.07811546325683594,1.0,heuristic_fallback
20260514_035650,232,377,30.16,e2,Eval-Transferred-OSD+Fuzzy+OP-CBRS-e2,proxy,-7.096477031707764,6.333402156829834,8.82317066192627,16.985963821411133,11.647558212280273,-0.7582086324691772,-1.3676625797873752,-1.9139181687599047,4,5.444995880126953,1.0,0.5950813136943041,0,0,80.0,1.0,1.0,0.9498002889745354,0.8550786674022675,1.3188483342528343,0.21738199889659882,0.16666666666666666,0.0,0.025095181539654732,1.0,0.0,0.0,0.9765856862068176,1.0,0.9766400608436477,0.9766400608436477,1.0,0.9766400608436477,0.023359939156352108,0.04671987831270423,0.9299201825309436,210.87955660603177,0.004686212369022929,1.468241671824066,-0.07852519911600196,421.67782581844904,0.25099855512732283,0.07812166213989258,1.0,heuristic_fallback
20260514_035650,232,378,30.24,e2,Eval-Transferred-OSD+Fuzzy+OP-CBRS-e2,proxy,-7.080744743347168,6.25687837600708,8.821671485900879,16.988239288330078,11.558636665344238,-0.7918215990066528,-1.3677355094368142,-1.9235567995689116,4,5.366865634918213,1.0,0.606077158165829,0,0,80.0,1.0,1.0,0.9498002889745354,0.8563868204752604,1.3204835255940754,0.21541976928710938,0.16666666666666666,0.0,0.03309933468699455,1.0,0.0,0.0,0.9766547083854675,1.0,0.976758111796641,0.976758111796641,1.0,0.976758111796641,0.02324188820335905,0.0464837764067181,0.9302743353899229,210.86055306358242,0.004685790068079609,1.4625655952318095,-0.06690281645669874,421.67782581844904,0.25099855512732283,0.07813024520874023,1.0,heuristic_fallback
20260514_035650,232,379,30.32,e2,Eval-Transferred-OSD+Fuzzy+OP-CBRS-e2,proxy,-7.0650105476379395,6.18034553527832,8.820269584655762,16.965917587280273,11.547897338867188,-0.7713366150856018,-1.3677941452279172,-1.9245166058633802,4,5.288727283477783,1.0,0.6018219618494128,0,0,80.0,1.0,1.0,0.9498002889745354,0.857755720615387,1.3221946507692337,0.21336641907691956,0.16666666666666666,0.0,0.03483692184090614,1.0,0.0,0.0,0.9767339825630188,1.0,0.9768817156083747,0.9768817156083747,1.0,0.9768817156083747,0.02311828439162535,0.04623656878325066,0.930645146825124,210.84369624256317,0.0046854154720569596,1.4616046299014074,-0.07116167523018367,421.67782581844904,0.25099855512732283,0.07813835144042969,1.0,heuristic_fallback
20260514_035650,232,380,30.4,e2,Eval-Transferred-OSD+Fuzzy+OP-CBRS-e2,proxy,-7.049274444580078,6.103803634643555,8.818958282470703,16.919273376464844,11.419894218444824,-0.777986466884613,-1.367841290391877,-1.91656787062551,4,5.210580348968506,1.0,0.6003962903652615,0,0,80.0,1.0,1.0,0.9498002889745354,0.8591815531253815,1.3239769414067268,0.2112276703119278,0.16666666666666666,0.0,0.03419720008969307,1.0,0.0,0.0,0.9768228530883789,1.0,0.9770105372419411,0.9770105372419411,1.0,0.9770105372419411,0.02298946275805881,0.045978925516117625,0.9310316117258235,210.82885015851934,0.004685085559078208,1.4624408793423158,-0.07283681748469403,421.67782581844904,0.25099855512732283,0.07814693450927734,1.0,heuristic_fallback
20260514_035650,232,381,30.48,e2,Eval-Transferred-OSD+Fuzzy+OP-CBRS-e2,proxy,-7.033536434173584,6.027252197265625,8.817731857299805,16.92789077758789,11.372334480285645,-0.7667116522789001,-1.3678791988001329,-1.920459070990082,4,5.1324238777160645,1.0,0.5954297010601798,0,0,80.0,1.0,1.0,0.9498002889745354,0.8606611986955007,1.325826498369376,0.20900820195674896,0.16666666666666666,0.0,0.025141580030322075,1.0,0.0,0.0,0.9769204258918762,1.0,0.977144304114729,0.977144304114729,1.0,0.977144304114729,0.02285569588527096,0.04571139177054192,0.931432912344187,210.81586761200663,0.004684797058044592,1.4696025057793738,-0.07890461706854508,421.67782581844904,0.25099855512732283,0.0781564712524414,1.0,heuristic_fallback
20260514_035650,232,382,30.56,e2,Eval-Transferred-OSD+Fuzzy+OP-CBRS-e2,proxy,-7.017796516418457,5.950690746307373,8.816584587097168,16.868436813354492,11.302188873291016,-0.7779284715652466,-1.3679096789763712,-1.9177949678580315,4,5.054257869720459,1.0,0.6050531262852402,0,0,80.0,1.0,1.0,0.9498002889745354,0.8621902366479238,1.3277377958099048,0.20671464502811432,0.16666666666666666,0.0,0.030475962907075882,1.0,0.0,0.0,0.9770260453224182,1.0,0.9772826255313427,0.9772826255313427,1.0,0.9772826255313427,0.022717374468657306,0.045434748937314626,0.9318478765940281,210.80462296029884,0.00468454717689553,1.4659839781099142,-0.06894834106687199,421.67782581844904,0.25099855512732283,0.07816600799560547,1.0,heuristic_fallback
20260514_035650,232,383,30.64,e2,Eval-Transferred-OSD+Fuzzy+OP-CBRS-e2,proxy,-7.002054214477539,5.874118804931641,8.815511703491211,16.83367156982422,11.233668327331543,-0.7604828476905823,-1.3679341811626968,-1.9210158264296635,4,4.976081371307373,1.0,0.5894612020733362,0,0,80.0,1.0,1.0,0.9498002889745354,0.8637666602929434,1.3297083253661792,0.20435000956058502,0.16666666666666666,0.0,0.010628237389028072,1.0,0.0,0.0,0.9771391153335571,1.0,0.9774253286619478,0.9774253286619478,1.0,0.9774253286619478,0.022574671338052115,0.045149342676104265,0.9322759859858435,210.79499857510064,0.004684333301668903,1.481263878159705,-0.08673513228248496,421.67782581844904,0.25099855512732283,0.07817649841308594,1.0,heuristic_fallback
20260514_035650,232,384,30.72,e2,Eval-Transferred-OSD+Fuzzy+OP-CBRS-e2,proxy,-6.986310005187988,5.7975358963012695,8.814508438110352,16.822114944458008,11.167509078979492,-0.7895368337631226,-1.3679538857005131,-1.9126529539433248,4,4.897893905639648,1.0,0.6153445074155234,0,0,80.0,1.0,1.0,0.9498002889745354,0.8653875291347504,1.331734411418438,0.20191870629787445,0.16666666666666666,0.0,0.03036407195031643,1.0,0.0,0.0,0.97725909948349,1.0,0.9775721558529525,0.9775721558529525,1.0,0.9775721558529525,0.02242784414704748,0.04485568829409494,0.9327164675588576,210.7868875405676,0.004684153056457058,1.4668672194491905,-0.05909516664154305,421.67782581844904,0.25099855512732283,0.07818746566772461,1.0,heuristic_fallback
20260514_035650,232,385,30.8,e2,Eval-Transferred-OSD+Fuzzy+OP-CBRS-e2,proxy,-6.9705634117126465,5.72094202041626,8.813570022583008,16.79209327697754,11.066624641418457,-0.7861244082450867,-1.3679697194653198,-1.9207424033871663,4,4.819696426391602,1.0,0.5949009545221579,0,0,80.0,1.0,1.0,0.9498002889745354,0.8670490880807241,1.3338113601009052,0.19942636787891388,0.16666666666666666,0.0,0.018848173320293427,1.0,0.0,0.0,0.9773853421211243,1.0,0.977722775098629,0.977722775098629,1.0,0.977722775098629,0.02227722490137086,0.04455444980274176,0.9331683252958873,210.78018000341865,0.004684004000075971,1.4759195331582011,-0.08090653319411953,421.67782581844904,0.25099855512732283,0.07819747924804688,1.0,heuristic_fallback
20260514_035650,232,386,30.88,e2,Eval-Transferred-OSD+Fuzzy+OP-CBRS-e2,proxy,-6.954814434051514,5.644336700439453,8.812692642211914,16.76763343811035,10.99538803100586,-0.7607536911964417,-1.3679824460038503,-1.9151609564137977,4,4.741486549377441,1.0,0.5971979875956593,0,0,80.0,1.0,1.0,0.9498002889745354,0.8687497774759928,1.335937221844991,0.19687533378601074,0.16666666666666666,0.0,0.009545966051518917,1.0,0.0,0.0,0.9775173664093018,1.0,0.9778770528758484,0.9778770528758484,1.0,0.9778770528758484,0.02212294712415159,0.04424589424830321,0.9336311586275452,210.77478031830287,0.0046838840070733976,1.4833213609585993,-0.0797717786175889,421.67782581844904,0.25099855512732283,0.07820987701416016,1.0,heuristic_fallback
20260514_035650,232,387,30.96,e2,Eval-Transferred-OSD+Fuzzy+OP-CBRS-e2,proxy,-6.93906307220459,5.567719459533691,8.811871528625488,16.729198455810547,10.939532279968262,-0.7820274829864502,-1.3679926754795089,-1.9174743619497245,4,4.663265228271484,1.0,0.6148203269569849,0,0,80.0,1.0,1.0,0.9498002889745354,0.8704872032006582,1.3381090040008228,0.19426919519901276,0.16666666666666666,0.0,0.027397463098168373,1.0,0.0,0.0,0.9776548743247986,1.0,0.9780347796661465,0.9780347796661465,1.0,0.9780347796661465,0.02196522033385356,0.043930440667707134,0.9341043389984394,210.7706101209352,0.004683791336020782,1.4703670946047784,-0.06059525258304936,421.67782581844904,0.25099855512732283,0.07822132110595703,1.0,heuristic_fallback
20260514_035650,232,388,31.04,e2,Eval-Transferred-OSD+Fuzzy+OP-CBRS-e2,proxy,-6.923309326171875,5.491090297698975,8.811103820800781,16.7368221282959,10.854745864868164,-0.796981155872345,-1.368000894485435,-1.9180688413038782,4,4.585031986236572,1.0,0.5970622170876122,0,0,80.0,1.0,1.0,0.9498002889745354,0.8722575406233469,1.3403219257791836,0.19161368906497955,0.16666666666666666,0.0,0.01810314506292343,1.0,0.0,0.0,0.977797269821167,1.0,0.9781956154716749,0.9781956154716749,1.0,0.9781956154716749,0.021804384528325157,0.04360876905665027,0.9345868464150247,210.76757230870317,0.004683723829082292,1.4777804174868845,-0.07951943264299068,421.67782581844904,0.25099855512732283,0.07823324203491211,1.0,heuristic_fallback
20260514_035650,232,389,31.12,e2,Eval-Transferred-OSD+Fuzzy+OP-CBRS-e2,proxy,-6.907552719116211,5.4144487380981445,8.810385704040527,16.681591033935547,10.765997886657715,-0.7844537496566772,-1.3680074940975706,-1.9079697830310545,4,4.506785869598389,1.0,0.6064619047543246,0,0,80.0,1.0,1.0,0.9498002889745354,0.8740608890851339,1.3425761113564174,0.1889086663722992,0.16666666666666666,0.0,0.02275422029197216,1.0,0.0,0.0,0.9779443144798279,1.0,0.9783595762963937,0.9783595762963937,1.0,0.9783595762963937,0.021640423703606197,0.043280847407212365,0.9350787288891813,210.76560029282348,0.004683680006507189,1.4747429481805445,-0.06989934531590962,421.67782581844904,0.25099855512732283,0.0782461166381836,1.0,heuristic_fallback
20260514_035650,232,390,31.2,e2,Eval-Transferred-OSD+Fuzzy+OP-CBRS-e2,proxy,-6.891793727874756,5.337794780731201,8.809714317321777,16.689849853515625,10.715972900390625,-0.8189011812210083,-1.3680128047227227,-1.920291988769656,4,4.428527355194092,1.0,0.6004367502982516,0,0,80.0,1.0,1.0,0.9498002889745354,0.8758931855360667,1.3448664819200833,0.18616022169589996,0.16666666666666666,0.0,0.017773738130927086,1.0,0.0,0.0,0.9780956506729126,1.0,0.9785262994247075,0.9785262994247075,1.0,0.9785262994247075,0.021473700575292614,0.04294740115058523,0.9355788982741222,210.7646212580771,0.004683658250179491,1.4789363839140617,-0.07666776646374676,421.67782581844904,0.25099855512732283,0.07825851440429688,1.0,heuristic_fallback
20260514_035650,232,391,31.28,e2,Eval-Transferred-OSD+Fuzzy+OP-CBRS-e2,proxy,-6.876031875610352,5.261127948760986,8.809085845947266,16.65919303894043,10.627874374389648,-0.7708019018173218,-1.3680170720255502,-1.927493548132,4,4.350255489349365,1.0,0.6182672633769228,0,0,80.0,1.0,1.0,0.9498002889745354,0.8777539233366648,1.347192404170831,0.18336911499500275,0.16666666666666666,0.0,0.04056597501039505,1.0,0.0,0.0,0.9782509207725525,1.0,0.9786957450879694,0.9786957450879694,1.0,0.9786957450879694,0.02130425491203053,0.04260850982406107,0.9360872352639084,210.76456734121723,0.00468365705202705,1.4623073907046102,-0.05681086067933695,421.67782581844904,0.25099855512732283,0.07827186584472656,1.0,heuristic_fallback
20260514_035650,232,392,31.36,e2,Eval-Transferred-OSD+Fuzzy+OP-CBRS-e2,proxy,-6.860267639160156,5.1844482421875,8.80849838256836,16.638843536376953,10.556445121765137,-0.7732269167900085,-1.368020509861325,-1.9125795369219234,4,4.271971702575684,1.0,0.5972855143116796,0,0,80.0,1.0,1.0,0.9498002889745354,0.8796409666538239,1.3495512083172798,0.18053855001926422,0.16666666666666666,0.0,0.031589575111866,1.0,0.0,0.0,0.9784099459648132,1.0,0.9788677249404245,0.9788677249404245,1.0,0.9788677249404245,0.021132275059575472,0.042264550119150944,0.9366031748212735,210.76538097647165,0.004683675132810481,1.4695114514577967,-0.07893855871092441,421.67782581844904,0.25099855512732283,0.07828378677368164,1.0,heuristic_fallback
20260514_035650,232,393,31.44,e2,Eval-Transferred-OSD+Fuzzy+OP-CBRS-e2,proxy,-6.844500541687012,5.107755184173584,8.80794906616211,16.58310317993164,10.496774673461914,-0.8064095377922058,-1.3680232692550816,-1.923843433691719,4,4.193673610687256,1.0,0.6058596288012229,0,0,80.0,1.0,1.0,0.9498002889745354,0.8815526266892751,1.351940783361594,0.17767105996608734,0.16666666666666666,0.0,0.03521865978837013,1.0,0.0,0.0,0.9785723686218262,1.0,0.979042090895869,0.979042090895869,1.0,0.979042090895869,0.020957909104130965,0.04191581820826193,0.9371262726876071,210.767001089298,0.004683711135317734,1.4672675529592814,-0.07026422733100626,421.67782581844904,0.25099855512732283,0.07829809188842773,1.0,heuristic_fallback
20260514_035650,232,394,31.52,e2,Eval-Transferred-OSD+Fuzzy+OP-CBRS-e2,proxy,-6.828730583190918,5.031048774719238,8.807435035705566,16.553524017333984,10.401782035827637,-0.7785325646400452,-1.368025488325673,-1.919790194607151,4,4.11536169052124,1.0,0.5927352194197646,0,0,80.0,1.0,1.0,0.9498002889745354,0.8834871252377828,1.3543589065472286,0.1747693121433258,0.16666666666666666,0.0,0.017427615821361542,1.0,0.0,0.0,0.978738009929657,1.0,0.9792186862843525,0.9792186862843525,1.0,0.9792186862843525,0.02078131371564762,0.041562627431295254,0.9376560588530573,210.76937869029382,0.004683763970895418,1.4810944605716647,-0.0854303323519556,421.67782581844904,0.25099855512732283,0.07831192016601562,1.0,heuristic_fallback
20260514_035650,232,395,31.6,e2,Eval-Transferred-OSD+Fuzzy+OP-CBRS-e2,proxy,-6.812957763671875,4.954328536987305,8.806954383850098,16.56072425842285,10.344416618347168,-0.8154285550117493,-1.3680272784142775,-1.9220448407318067,4,4.037036418914795,1.0,0.6055165359825252,0,0,80.0,1.0,1.0,0.9498002889745354,0.885443260272344,1.35680407534043,0.17183510959148407,0.16666666666666666,0.0,0.018278667703270912,1.0,0.0,0.0,0.9789066314697266,1.0,0.9793974066370198,0.9793974066370198,1.0,0.9793974066370198,0.020602593362980183,0.041205186725960324,0.9381922199110595,210.772461695713,0.004683832482126955,1.480945205418873,-0.07282628130660866,421.67782581844904,0.25099855512732283,0.07832527160644531,1.0,heuristic_fallback
20260514_035650,232,396,31.68,e2,Eval-Transferred-OSD+Fuzzy+OP-CBRS-e2,proxy,-6.797182083129883,4.877594470977783,8.806504249572754,16.50279426574707,10.235877990722656,-0.7962467670440674,-1.368028724693737,-1.9207841854712122,4,3.9586968421936035,1.0,0.6181299208256427,0,0,80.0,1.0,1.0,0.9498002889745354,0.8874200483163198,1.3592750603953998,0.16886992752552032,0.16666666666666666,0.0,0.03906024992465973,1.0,0.0,0.0,0.9790780544281006,1.0,0.9795781671780226,0.9795781671780226,1.0,0.9795781671780226,0.020421832821977334,0.04084366564395463,0.938734501534068,210.77620622413997,0.004683915693869777,1.4658532157638253,-0.05840394261948031,421.67782581844904,0.25099855512732283,0.0783395767211914,1.0,heuristic_fallback
20260514_035650,232,397,31.76,e2,Eval-Transferred-OSD+Fuzzy+OP-CBRS-e2,proxy,-6.781403541564941,4.800846576690674,8.806083679199219,16.486053466796875,10.189315795898438,-0.7613404989242554,-1.3680298957079318,-1.919568700762595,4,3.880343198776245,1.0,0.5986539920191148,0,0,80.0,1.0,1.0,0.9498002889745354,0.8894151250521342,1.3617689063151677,0.1658773124217987,0.16666666666666666,0.0,0.030222948640584946,1.0,0.0,0.0,0.9792520403862,1.0,0.9797607564606513,0.9797607564606513,1.0,0.9797607564606513,0.020239243539348643,0.0404784870786973,0.939282269381954,210.78056354592366,0.004684012523242748,1.4729799609108352,-0.07903344270883209,421.67782581844904,0.25099855512732283,0.0783536434173584,1.0,heuristic_fallback
20260514_035650,232,398,31.84,e2,Eval-Transferred-OSD+Fuzzy+OP-CBRS-e2,proxy,-6.765622138977051,4.724084377288818,8.805689811706543,16.48452377319336,10.117035865783691,-0.7967937588691711,-1.3680308466363233,-1.9248236768049192,4,3.8019750118255615,1.0,0.6074193947304839,0,0,80.0,1.0,1.0,0.9498002889745354,0.8914287189642588,1.3642858987053235,0.16285692155361176,0.16666666666666666,0.0,0.03429719805717468,1.0,0.0,0.0,0.9794284701347351,1.0,0.9799451999496397,0.9799451999496397,1.0,0.9799451999496397,0.02005480005036027,0.040109600100720545,0.9398355998489192,210.78549982933066,0.004684122218429571,1.470427672326424,-0.07013469211364252,421.67782581844904,0.25099855512732283,0.0783681869506836,1.0,heuristic_fallback
20260514_035650,232,399,31.92,e2,Eval-Transferred-OSD+Fuzzy+OP-CBRS-e2,proxy,-6.749837875366211,4.647307872772217,8.80532169342041,16.434749603271484,10.049872398376465,-0.7941713929176331,-1.3680316169689897,-1.9212691700262259,4,3.7235922813415527,1.0,0.6056681485333992,0,0,80.0,1.0,1.0,0.9498002889745354,0.8934582571188608,1.366822821398576,0.15981261432170868,0.16666666666666666,0.0,0.035563934594392776,1.0,0.0,0.0,0.9796072244644165,1.0,0.980131266290145,0.980131266290145,1.0,0.980131266290145,0.019868733709854956,0.039737467419709925,0.9403937988704351,210.7909779778679,0.0046842439550637315,1.469985004462161,-0.07203493613909157,421.67782581844904,0.25099855512732283,0.07838273048400879,1.0,heuristic_fallback
20260514_035650,232,400,32.0,e2,Eval-Transferred-OSD+Fuzzy+OP-CBRS-e2,proxy,-6.734050750732422,4.570517063140869,8.804977416992188,16.439884185791016,9.994511604309082,-0.8141421675682068,-1.3680322382257706,-1.91973470467507,4,3.645195245742798,1.0,0.5914837558075543,0,0,80.0,1.0,1.0,0.9498002889745354,0.8955041368802389,1.3693801711002986,0.15674379467964172,0.16666666666666666,0.0,0.013315043412148952,1.0,0.0,0.0,0.9797881245613098,1.0,0.980318996019367,0.980318996019367,1.0,0.980318996019367,0.01968100398063302,0.03936200796126604,0.9409569880581009,210.7969631545085,0.004684376958989078,1.4871831427891882,-0.08872033153302901,421.67782581844904,0.25099855512732283,0.07839703559875488,1.0,heuristic_fallback
20260514_035650,232,401,32.08,e2,Eval-Transferred-OSD+Fuzzy+OP-CBRS-e2,proxy,-6.718260765075684,4.493711471557617,8.804655075073242,16.360937118530273,9.861072540283203,-0.7946180105209351,-1.3680327354985449,-1.9109013077639414,4,3.5667829513549805,1.0,0.6319582384387871,0,0,80.0,1.0,1.0,0.9498002889745354,0.8975642720858256,1.371955340107282,0.1536535918712616,0.16666666666666666,0.0,0.05347457528114319,1.0,0.0,0.0,0.9799709320068359,1.0,0.9805082016532227,0.9805082016532227,1.0,0.9805082016532227,0.019491798346777275,0.03898359669355456,0.9415246049596682,210.80341668438632,0.00468452037076414,1.4575785276888393,-0.04451220318076808,421.67782581844904,0.25099855512732283,0.07841229438781738,1.0,heuristic_fallback
20260514_035650,232,402,32.16,e2,Eval-Transferred-OSD+Fuzzy+OP-CBRS-e2,proxy,-6.702467441558838,4.416891098022461,8.804353713989258,16.37348747253418,9.789536476135254,-0.8026094436645508,-1.3680331234124075,-1.9024120809742673,4,3.4883556365966797,1.0,0.5944920909595597,0,0,80.0,1.0,1.0,0.9498002889745354,0.8996383051077524,1.3745478813846905,0.15054254233837128,0.16666666666666666,0.0,0.037279095500707626,1.0,0.0,0.0,0.9801556468009949,1.0,0.98069885402605,0.98069885402605,1.0,0.98069885402605,0.019301145973949906,0.03860229194789978,0.9420965620781502,210.81031473764153,0.004684673660836479,1.4702436457796477,-0.0838804037926487,421.67782581844904,0.25099855512732283,0.07842731475830078,1.0,heuristic_fallback
20260514_035650,232,403,32.24,e2,Eval-Transferred-OSD+Fuzzy+OP-CBRS-e2,proxy,-6.686671257019043,4.3400559425354,8.804072380065918,16.291526794433594,9.732003211975098,-0.7738121747970581,-1.3680334393164808,-1.924454718826984,4,3.4099130630493164,1.0,0.6115818145931031,0,0,80.0,1.0,1.0,0.9498002889745354,0.9017249743143717,1.3771562178929646,0.14741253852844238,0.16666666666666666,0.0,0.046746816486120224,1.0,0.0,0.0,0.9803422093391418,1.0,0.9808908406757211,0.9808908406757211,1.0,0.9808908406757211,0.019109159324278868,0.03821831864855775,0.9426725220271633,210.8176337980541,0.004684836306623424,1.463664522342243,-0.06612886892653842,421.67782581844904,0.25099855512732283,0.07844257354736328,1.0,heuristic_fallback
20260514_035650,232,404,32.32,e2,Eval-Transferred-OSD+Fuzzy+OP-CBRS-e2,proxy,-6.670871734619141,4.2632060050964355,8.80380916595459,16.31313133239746,9.707643508911133,-0.8059156537055969,-1.3680336874907344,-1.930947019621596,4,3.331455707550049,1.0,0.5995689525779964,0,0,80.0,1.0,1.0,0.9498002889745354,0.9038249850273132,1.3797812312841415,0.14426252245903015,0.16666666666666666,0.0,0.03732927888631821,1.0,0.0,0.0,0.980530321598053,1.0,0.9810842299687695,0.9810842299687695,1.0,0.9810842299687695,0.0189157700312304,0.03783154006246081,0.9432526899063087,210.8253380425832,0.004685007512057405,1.47125267822033,-0.0793673955324411,421.67782581844904,0.25099855512732283,0.07845735549926758,1.0,heuristic_fallback
20260514_035650,232,405,32.4,e2,Eval-Transferred-OSD+Fuzzy+OP-CBRS-e2,proxy,-6.655069351196289,4.186341285705566,8.803563117980957,16.301382064819336,9.620651245117188,-0.7976588010787964,-1.3680338981606774,-1.9246431042969165,4,3.2529830932617188,1.0,0.608401736502661,0,0,80.0,1.0,1.0,0.9498002889745354,0.9059352576732635,1.3824190720915794,0.14109711349010468,0.16666666666666666,0.0,0.04085571691393852,1.0,0.0,0.0,0.9807199835777283,1.0,0.9812787415104721,0.9812787415104721,1.0,0.9812787415104721,0.018721258489527833,0.037442516979055665,0.9438362245314165,210.8334080099395,0.004685186844665322,1.4691354178611022,-0.07046928901492186,421.67782581844904,0.25099855512732283,0.07847261428833008,1.0,heuristic_fallback
20260514_035650,232,406,32.48,e2,Eval-Transferred-OSD+Fuzzy+OP-CBRS-e2,proxy,-6.63926362991333,4.109461307525635,8.803332328796387,16.266801834106445,9.482935905456543,-0.8143364191055298,-1.3680340687122114,-1.9186753600169242,4,3.174495220184326,1.0,0.6077030847754188,0,0,80.0,1.0,1.0,0.9498002889745354,0.908056636651357,1.3850707958141963,0.13791504502296448,0.16666666666666666,0.0,0.04319801554083824,1.0,0.0,0.0,0.980911135673523,1.0,0.9814744560767192,0.9814744560767192,1.0,0.9814744560767192,0.018525543923280707,0.03705108784656145,0.9444233682301578,210.841823049705,0.004685373845549,1.4679090386354507,-0.07122214272259599,421.67782581844904,0.25099855512732283,0.07848787307739258,1.0,heuristic_fallback
20260514_035650,232,407,32.56,e2,Eval-Transferred-OSD+Fuzzy+OP-CBRS-e2,proxy,-6.623455047607422,4.032566070556641,8.803116798400879,16.220212936401367,9.456741333007812,-0.7959129214286804,-1.3680342192137789,-1.9246768194223858,4,3.095991373062134,1.0,0.6156219685355598,0,0,80.0,1.0,1.0,0.9498002889745354,0.910187711318334,1.3877346391479175,0.13471843302249908,0.16666666666666666,0.0,0.05807100981473923,1.0,0.0,0.0,0.981103777885437,1.0,0.9816712464176718,0.9816712464176718,1.0,0.9816712464176718,0.018328753582328074,0.03665750716465613,0.9450137392530157,210.85056385018152,0.004685568085559589,1.4572870615967692,-0.062108937225761565,421.67782581844904,0.25099855512732283,0.07850384712219238,1.0,heuristic_fallback
20260514_035650,232,408,32.64,e2,Eval-Transferred-OSD+Fuzzy+OP-CBRS-e2,proxy,-6.607643127441406,3.955655336380005,8.802915573120117,16.199237823486328,9.377734184265137,-0.8235729932785034,-1.36803433715982,-1.9248127204011007,4,3.0174720287323,1.0,0.5777361778889099,0,0,80.0,1.0,1.0,0.9498002889745354,0.9123287995656332,1.3904109994570415,0.1315068006515503,0.16666666666666666,0.0,0.011590903624892235,1.0,0.0,0.0,0.9812976717948914,1.0,0.9818691446627432,0.9818691446627432,1.0,0.9818691446627432,0.018130855337256623,0.03626171067451329,0.94560743398823,210.85960271485703,0.004685768949219045,1.4926824133009793,-0.10493433335433408,421.67782581844904,0.25099855512732283,0.07851934432983398,1.0,heuristic_fallback
20260514_035650,232,409,32.72,e2,Eval-Transferred-OSD+Fuzzy+OP-CBRS-e2,proxy,-6.591828346252441,3.8787293434143066,8.802726745605469,16.15534210205078,9.309885025024414,-0.8170491456985474,-1.3680344384329448,-1.9137598641178157,4,2.938936948776245,1.0,0.6227921867361075,0,0,80.0,1.0,1.0,0.9498002889745354,0.9144785602887472,1.393098200360934,0.12828215956687927,0.16666666666666666,0.0,0.031702809035778046,1.0,0.0,0.0,0.981492817401886,1.0,0.9820680295163601,0.9820680295163601,1.0,0.9820680295163601,0.017931970483640012,0.035863940967280045,0.94620408854908,210.868927163575,0.004685976159190555,1.4781359244235934,-0.05950417529638556,421.67782581844904,0.25099855512732283,0.07853507995605469,1.0,heuristic_fallback
20260514_035650,232,410,32.8,e2,Eval-Transferred-OSD+Fuzzy+OP-CBRS-e2,proxy,-6.576010227203369,3.801787853240967,8.802550315856934,16.13245391845703,9.21618366241455,-0.8068941831588745,-1.3680345086171783,-1.936489042257608,4,2.8603861331939697,1.0,0.6037834990625636,0,0,80.0,1.0,1.0,0.9498002889745354,0.9166363974412283,1.3957954968015354,0.12504540383815765,0.16666666666666666,0.0,0.019973469898104668,1.0,0.0,0.0,0.9816890358924866,1.0,0.9822678482628369,0.9822678482628369,1.0,0.9822678482628369,0.017732151737163287,0.03546430347432659,0.9468035447885103,210.87850957178136,0.0046861891015951415,1.4874723880649687,-0.08170837667285831,421.67782581844904,0.25099855512732283,0.07855081558227539,1.0,heuristic_fallback
20260514_035650,232,411,32.88,e2,Eval-Transferred-OSD+Fuzzy+OP-CBRS-e2,proxy,-6.5601887702941895,3.7248306274414062,8.802385330200195,16.11294174194336,9.179247856140137,-0.762839138507843,-1.3680345633800448,-1.9270590334342426,4,2.7818193435668945,1.0,0.613645476894852,0,0,80.0,1.0,1.0,0.9498002889745354,0.9188018341859182,1.3985022927323978,0.12179724872112274,0.16666666666666666,0.0,0.019844088703393936,1.0,0.0,0.0,0.9818865060806274,1.0,0.9824685590489531,0.9824685590489531,1.0,0.9824685590489531,0.017531440951047052,0.035062881902094126,0.947405677146859,210.8883503705115,0.004686407786011366,1.4881107831471743,-0.07388422023030465,421.67782581844904,0.25099855512732283,0.0785667896270752,1.0,heuristic_fallback
20260514_035650,232,412,32.96,e2,Eval-Transferred-OSD+Fuzzy+OP-CBRS-e2,proxy,-6.544363975524902,3.647857904434204,8.802230834960938,16.099504470825195,9.111997604370117,-0.7865390181541443,-1.368034612746467,-1.9068979077515507,4,2.7032365798950195,1.0,0.6292644870950631,0,0,80.0,1.0,1.0,0.9498002889745354,0.9209748258193334,1.4012185322741668,0.11853776127099991,0.16666666666666666,0.0,0.041558485478162766,1.0,0.0,0.0,0.9820849299430847,1.0,0.9826701599791368,0.9826701599791368,1.0,0.9826701599791368,0.01732984002086322,0.03465968004172648,0.9480104799374103,210.89841963111314,0.00468663154735807,1.4723682334744514,-0.05811976054073849,421.67782581844904,0.25099855512732283,0.078582763671875,1.0,heuristic_fallback
20260514_035650,232,413,33.04,e2,Eval-Transferred-OSD+Fuzzy+OP-CBRS-e2,proxy,-6.528536319732666,3.5708694458007812,8.80208683013916,16.050220489501953,9.006787300109863,-0.8427518606185913,-1.3680346688682352,-1.912321851802282,4,2.624638080596924,1.0,0.6139720367330312,0,0,80.0,1.0,1.0,0.9498002889745354,0.9231547812620798,1.4039434765775998,0.11526782810688019,0.16666666666666666,0.0,0.037719517946243286,1.0,0.0,0.0,0.982284426689148,1.0,0.9828725983927284,0.9828725983927284,1.0,0.9828725983927284,0.01712740160727153,0.03425480321454308,0.9486177951781853,210.90871337580074,0.004686860297240017,1.4757924479840778,-0.07582194831589859,421.67782581844904,0.25099855512732283,0.0785984992980957,1.0,heuristic_fallback
20260514_035650,232,414,33.12,e2,Eval-Transferred-OSD+Fuzzy+OP-CBRS-e2,proxy,-6.512705326080322,3.4938652515411377,8.80195140838623,16.01630973815918,8.925028800964355,-0.7978563904762268,-1.3680347040475245,-1.9058215821102207,4,2.546023368835449,1.0,0.6231725483520876,0,0,80.0,1.0,1.0,0.9498002889745354,0.9253412187099457,1.406676523387432,0.11198817193508148,0.16666666666666666,0.0,0.04512501507997513,1.0,0.0,0.0,0.9824848771095276,1.0,0.9830758315952207,0.9830758315952207,1.0,0.9830758315952207,0.016924168404779272,0.033848336809558566,0.9492274947856622,210.91921655589988,0.0046870937012422195,1.4707849344957453,-0.06791011670390257,421.67782581844904,0.25099855512732283,0.07861471176147461,1.0,heuristic_fallback
20260514_035650,232,415,33.2,e2,Eval-Transferred-OSD+Fuzzy+OP-CBRS-e2,proxy,-6.496870994567871,3.4168450832366943,8.801825523376465,15.98507308959961,8.854662895202637,-0.8208715915679932,-1.3680347295288031,-1.9275912853983526,4,2.4673922061920166,1.0,0.6010504624953805,0,0,80.0,1.0,1.0,0.9498002889745354,0.9275334527095159,1.409416815886895,0.10869982093572617,0.16666666666666666,0.0,0.013687060214579105,1.0,0.0,0.0,0.9826861619949341,1.0,0.9832797977759986,0.9832797977759986,1.0,0.9832797977759986,0.01672020222400135,0.03344040444800265,0.9498393933279959,210.92990852607954,0.004687331300579545,1.4949114591446848,-0.09520736143505185,421.67782581844904,0.25099855512732283,0.07863116264343262,1.0,heuristic_fallback
20260514_035650,232,416,33.28,e2,Eval-Transferred-OSD+Fuzzy+OP-CBRS-e2,proxy,-6.4810333251953125,3.339808940887451,8.80170726776123,16.014135360717773,8.808350563049316,-0.7936151027679443,-1.3680347512211661,-1.916879255374782,4,2.388744831085205,1.0,0.6319783538774968,0,0,80.0,1.0,1.0,0.9498002889745354,0.929732029636701,1.4121650370458763,0.10540195554494858,0.16666666666666666,0.0,0.026332912966609,1.0,0.0,0.0,0.9828883409500122,1.0,0.9834845496648786,0.9834845496648786,1.0,0.9834845496648786,0.01651545033512126,0.03303090067024252,0.9504536489946361,210.9407884537727,0.004687573076750505,1.4859767138124587,-0.0650460470396954,421.67782581844904,0.25099855512732283,0.07864737510681152,1.0,heuristic_fallback
20260514_035650,232,417,33.36,e2,Eval-Transferred-OSD+Fuzzy+OP-CBRS-e2,proxy,-6.4651923179626465,3.262756824493408,8.801596641540527,15.922648429870605,8.715834617614746,-0.8102687001228333,-1.3680347742713765,-1.911228836509609,4,2.3100812435150146,1.0,0.6399825720977674,0,0,80.0,1.0,1.0,0.9498002889745354,0.9319353948036829,1.4149192435046036,0.10209690779447556,0.16666666666666666,0.0,0.04982709884643555,1.0,0.0,0.0,0.9830913543701172,1.0,0.9836899442440852,0.9836899442440852,1.0,0.9836899442440852,0.016310055755914824,0.03262011151182969,0.9510698327322555,210.95184140640777,0.004687818697920173,1.4689069156943344,-0.05672440799157906,421.67782581844904,0.25099855512732283,0.07866358757019043,1.0,heuristic_fallback
20260514_035650,232,418,33.44,e2,Eval-Transferred-OSD+Fuzzy+OP-CBRS-e2,proxy,-6.449347972869873,3.1856887340545654,8.801493644714355,15.956232070922852,8.656951904296875,-0.7928096055984497,-1.36803480326737,-1.9268980823544355,4,2.231401205062866,1.0,0.6090195967154103,0,0,80.0,1.0,1.0,0.9498002889745354,0.934144044915835,1.4176800561447938,0.0987839326262474,0.16666666666666666,0.0,0.022178547456860542,1.0,0.0,0.0,0.9832951426506042,1.0,0.9838960294515062,0.9838960294515062,1.0,0.9838960294515062,0.016103970548493853,0.03220794109698775,0.9516880883545185,210.96305626222158,0.004688067916938258,1.4901954917645537,-0.09248631877984627,421.67782581844904,0.25099855512732283,0.07868003845214844,1.0,heuristic_fallback
20260514_035650,232,419,33.52,e2,Eval-Transferred-OSD+Fuzzy+OP-CBRS-e2,proxy,-6.433500289916992,3.108604669570923,8.801397323608398,15.910582542419434,8.57228946685791,-0.8140795230865479,-1.3680348424114392,-1.903031435077965,4,2.152704954147339,1.0,0.6436238943676158,0,0,80.0,1.0,1.0,0.9498002889745354,0.9363578458627065,1.4204473073283832,0.09546323120594025,0.16666666666666666,0.0,0.04466616362333298,1.0,0.0,0.0,0.9834996461868286,1.0,0.984102794465673,0.984102794465673,1.0,0.984102794465673,0.015897205534327025,0.031794411068654,0.952308383397019,210.97442441103385,0.004688320542467419,1.473883229876417,-0.0576670194427168,421.67782581844904,0.25099855512732283,0.07869625091552734,1.0,heuristic_fallback
20260514_035650,232,420,33.6,e2,Eval-Transferred-OSD+Fuzzy+OP-CBRS-e2,proxy,-6.417649269104004,3.0315043926239014,8.80130672454834,15.828702926635742,8.506882667541504,-0.7939539551734924,-1.3680348956711417,-1.9144164237804893,4,2.0739920139312744,1.0,0.6199095334925628,0,0,80.0,1.0,1.0,0.9498002889745354,0.9385757843653361,1.42321973045667,0.09213632345199585,0.16666666666666666,0.0,0.027883773669600487,1.0,0.0,0.0,0.9837049245834351,1.0,0.9843101461927404,0.9843101461927404,1.0,0.9843101461927404,0.01568985380725961,0.03137970761451919,0.9529304385782211,210.98594232444566,0.004688576496098792,1.487024506967374,-0.08509654435084493,421.67782581844904,0.25099855512732283,0.07871294021606445,1.0,heuristic_fallback
20260514_035650,232,421,33.68,e2,Eval-Transferred-OSD+Fuzzy+OP-CBRS-e2,proxy,-6.401795387268066,2.954387903213501,8.80122184753418,15.854391098022461,8.419827461242676,-0.7715076804161072,-1.3680349623777013,-1.9175242986618721,5,1.995262622833252,1.0,18.637802516458766,0,0,80.0,1.0,1.0,0.9498002889745354,0.9407977908849716,1.4259972386062145,0.08880331367254257,0.16666666666666666,0.0,0.03522399812936783,1.0,0.0,0.0,0.983910858631134,1.0,0.9845180795359817,0.9845180795359817,1.0,0.9845180795359817,0.015481920464018294,0.030963840928036588,0.9535542386079451,210.9975936142938,0.004688835413650973,1.4820748402524573,-0.0685060406045728,421.67782581844904,0.25099855512732283,0.07872939109802246,1.0,heuristic_fallback
20260514_035650,232,422,33.76,e2,Eval-Transferred-OSD+Fuzzy+OP-CBRS-e2,proxy,-6.390344619750977,2.876577377319336,8.807806968688965,15.823528289794922,8.343863487243652,-0.7904955744743347,-1.4005903378292746,-1.96308869148035,5,10.888957977294922,1.0,0.6003560062188765,0,0,80.0,1.0,1.0,0.9498002889745354,1.0,1.5,0.0,0.16666666666666666,0.0,0.033900436013936996,1.0,0.0,0.0,0.9841174483299255,1.0,0.9901334127352318,0.9901334127352318,1.0,0.9901334127352318,0.00986658726476831,0.019733174529536594,0.9704002382056952,212.47320290578512,0.004721626731239669,1.4978680641177875,-0.08797090727201493,421.67782581844904,0.25099855512732283,0.07834339141845703,1.0,heuristic_fallback
20260514_035650,232,423,33.84,e2,Eval-Transferred-OSD+Fuzzy+OP-CBRS-e2,proxy,-6.381821632385254,2.7983248233795166,8.818668365478516,15.778410911560059,8.278512001037598,-0.788658618927002,-1.4269195729875297,-1.9736309786995938,5,10.810152053833008,1.0,0.6095289102337469,0,0,80.0,1.0,1.0,0.9498002889745354,0.9936553736527761,1.4920692170659702,0.009516939520835876,0.16666666666666666,0.0,0.020561762154102325,1.0,0.0,0.0,0.9865461587905884,1.0,0.9895246009233877,0.9895246009233877,1.0,0.9895246009233877,0.010475399076612178,0.020950798153224332,0.9685738027701634,213.58856491876622,0.004746412553750361,1.5062859129258575,-0.08177266033096357,421.67782581844904,0.25099855512732283,0.07880592346191406,1.0,heuristic_fallback
20260514_035650,232,424,33.92,e2,Eval-Transferred-OSD+Fuzzy+OP-CBRS-e2,proxy,-6.375246047973633,2.7197961807250977,8.832145690917969,15.75919246673584,8.200268745422363,-0.7606320381164551,-1.4481918722265523,-1.9957713262033365,5,10.731070518493652,1.0,0.6138016764792332,0,0,80.0,1.0,1.0,0.9498002889745354,0.9873879129687945,1.484234891210993,0.018918130546808243,0.16666666666666666,0.0,0.011599492281675339,1.0,0.0,0.0,0.9932653903961182,1.0,0.988924866196628,0.988924866196628,1.0,0.988924866196628,0.011075133803371972,0.022150267606743965,0.966774598589884,214.60277985109315,0.004768950663357626,1.5114407501591824,-0.0790806325579864,421.67782581844904,0.25099855512732283,0.07908153533935547,1.0,heuristic_fallback
20260514_035650,232,425,34.0,e2,Eval-Transferred-OSD+Fuzzy+OP-CBRS-e2,proxy,-6.369965553283691,2.6411032676696777,8.847092628479004,15.703139305114746,8.138374328613281,-0.73880934715271,-1.4653641732519014,-2.018473157017385,5,10.651840209960938,1.0,0.6294375499060669,0,0,80.0,1.0,1.0,0.9498002889745354,0.9803343949218591,1.475417993652324,0.029498407617211342,0.16666666666666666,0.0,0.026543747633695602,1.0,0.0,0.0,0.9993458390235901,1.0,0.9882518929082375,0.9882518929082375,1.0,0.9882518929082375,0.011748107091762548,0.023496214183525047,0.9647556787247124,215.32118044741958,0.004784915121053768,1.4984691791334332,-0.06194136215721219,421.67782581844904,0.25099855512732283,0.07923030853271484,1.0,heuristic_fallback
20260514_035650,232,426,34.08,e2,Eval-Transferred-OSD+Fuzzy+OP-CBRS-e2,proxy,-6.365547180175781,2.562321901321411,8.862725257873535,15.674214363098145,8.035916328430176,-0.7233598232269287,-1.4792171710623452,-2.0271936094628935,5,10.572548866271973,1.0,0.6120427319155262,0,0,80.0,1.0,1.0,0.9498002889745354,0.972523515423139,1.4656543942789237,0.041214726865291595,0.16666666666666666,0.0,0.015316739678382874,1.0,0.0,0.0,1.003421425819397,1.0,0.9875090946682873,0.9875090946682873,1.0,0.9875090946682873,0.01249090533171257,0.024981810663425117,0.9625272840048622,215.73660109602906,0.004794146691022868,1.5049367152252378,-0.07995491043261294,421.67782581844904,0.25099855512732283,0.07929134368896484,1.0,heuristic_fallback
20260514_035650,232,427,34.16,e2,Eval-Transferred-OSD+Fuzzy+OP-CBRS-e2,proxy,-6.361702919006348,2.4835033416748047,8.878512382507324,15.615723609924316,8.00393295288086,-0.712129533290863,-1.4903861060078696,-2.025886961729864,5,10.493253707885742,1.0,0.6322273710756885,0,0,80.0,1.0,1.0,0.9498002889745354,0.9642501175403595,1.4553126469254494,0.053624823689460754,0.16666666666666666,0.0,0.0364263616502285,1.0,0.0,0.0,1.0054844617843628,1.0,0.9867250881291596,0.9867250881291596,1.0,0.9867250881291596,0.013274911870840289,0.02654982374168062,0.960175264387479,215.90404002145124,0.00479786755603225,1.4870361492756587,-0.056838554737725346,421.67782581844904,0.25099855512732283,0.07929515838623047,1.0,heuristic_fallback
20260514_035650,232,428,34.24,e2,Eval-Transferred-OSD+Fuzzy+OP-CBRS-e2,proxy,-6.358241081237793,2.40468168258667,8.8941011428833,15.609001159667969,7.9131927490234375,-0.7294913530349731,-1.4993867783643138,-2.0408303941789474,5,10.413991928100586,1.0,0.6026318376901889,0,0,80.0,1.0,1.0,0.9498002889745354,0.9558092107375463,1.444761513421933,0.06628618389368057,0.16666666666666666,0.0,0.01320949848741293,1.0,0.0,0.0,1.0059492588043213,1.0,0.985928135630781,0.985928135630781,1.0,0.985928135630781,0.014071864369219029,0.028143728738438057,0.9577844068923429,215.88930421098667,0.004797540093577481,1.502338569947067,-0.08774346476257684,421.67782581844904,0.25099855512732283,0.07926177978515625,1.0,heuristic_fallback
20260514_035650,232,429,34.32,e2,Eval-Transferred-OSD+Fuzzy+OP-CBRS-e2,proxy,-6.355034351348877,2.3258795738220215,8.909261703491211,15.572150230407715,7.862222671508789,-0.6783378720283508,-1.5066372863267063,-2.0629869505188956,5,10.334786415100098,1.0,0.6324842401542045,0,0,79.0,1.0,1.0,0.9498002889745354,0.9474292993545532,1.4342866241931915,0.07885605096817017,0.16666666666666666,0.0,0.03751865774393082,1.0,0.0,0.0,1.0052849054336548,1.0,0.985139850946922,0.985139850946922,1.0,0.985139850946922,0.014860149053078035,0.02972029810615605,0.955419552840766,215.75029328022038,0.004794450961782676,1.4820117226589304,-0.05434686806991585,421.67782581844904,0.25099855512732283,0.07920551300048828,1.0,heuristic_fallback
20260514_035650,232,430,34.4,e2,Eval-Transferred-OSD+Fuzzy+OP-CBRS-e2,proxy,-6.3519978523254395,2.2471108436584473,8.923851013183594,15.515624046325684,7.7988457679748535,-0.6669563055038452,-1.5124760512480915,-2.051965396191213,5,10.255647659301758,1.0,0.609643881885517,0,0,76.0,1.0,1.0,0.9498002889745354,0.9392726371685663,1.424090796460708,0.09109104424715042,0.16666666666666666,0.0,0.02942744828760624,1.0,0.0,0.0,1.003891944885254,1.0,0.9843753353424514,0.9843753353424514,1.0,0.9843753353424514,0.015624664657548587,0.031249329315097146,0.9531260060273542,215.5322598880448,0.004789605775289884,1.4860409642046772,-0.07685742693132089,421.67782581844904,0.25099855512732283,0.07913875579833984,1.0,heuristic_fallback
20260514_035650,232,431,34.48,e2,Eval-Transferred-OSD+Fuzzy+OP-CBRS-e2,proxy,-6.3490753173828125,2.168384313583374,8.937786102294922,15.48867130279541,7.743064880371094,-0.6415312886238098,-1.5171766877437294,-2.0581039645850034,5,10.17658805847168,1.0,0.4972003558515992,0,0,75.0,1.0,1.0,0.9498002889745354,0.9314444065093994,1.4143055081367493,0.10283339023590088,0.25,0.08333333333333334,0.014979119412600994,1.0,0.0,0.0,1.0020742416381836,1.0,0.9836441579399734,0.9836441579399734,1.0,0.9836441579399734,0.016355842060026642,0.032711684120053285,0.9509324738199201,215.26828580352594,0.004783739684522798,1.6615868198628063,-0.21458013936652703,421.67782581844904,0.25099855512732283,0.07905960083007812,1.0,heuristic_fallback
20260514_035650,232,432,34.56,e2,Eval-Transferred-OSD+Fuzzy+OP-CBRS-e2,proxy,-6.346229076385498,2.0897042751312256,8.951024055480957,15.451647758483887,7.6678876876831055,-0.6629089713096619,-1.5209602009967336,-2.06720658353814,5,10.097603797912598,1.0,0.618732567559754,0,0,75.0,1.0,1.0,0.9498002889745354,0.9240116874376932,1.4050146092971165,0.11398246884346008,0.25,0.0,0.03578070551156998,1.0,0.0,0.0,1.0000479221343994,1.0,0.9829522262985952,0.9829522262985952,1.0,0.9829522262985952,0.01704777370140468,0.03409554740280934,0.9488566788957858,214.98155183988456,0.004777367818664101,1.6441274505206531,-0.06486176432162552,421.67782581844904,0.25099855512732283,0.07898426055908203,1.0,heuristic_fallback
20260514_035650,232,433,34.64,e2,Eval-Transferred-OSD+Fuzzy+OP-CBRS-e2,proxy,-6.3434343338012695,2.0110723972320557,8.963549613952637,15.381668090820312,7.602339267730713,-0.6477147340774536,-1.5240049628827086,-2.0732867159018213,5,10.018696784973145,1.0,0.5997636263151875,0,0,73.0,1.0,1.0,0.9498002889745354,0.9170101235310236,1.3962626544137795,0.12448481470346451,0.25,0.0,0.029727226123213768,1.0,0.0,0.0,0.9979591369628906,1.0,0.9823024748459462,0.9823024748459462,1.0,0.9823024748459462,0.017697525154053928,0.03539505030810781,0.9469074245378384,214.68772927718237,0.00477083842838183,1.6469171690852529,-0.08336372927646227,421.67782581844904,0.25099855512732283,0.07890701293945312,1.0,heuristic_fallback
20260514_035650,232,434,34.72,e2,Eval-Transferred-OSD+Fuzzy+OP-CBRS-e2,proxy,-6.34067440032959,1.9324889183044434,8.975366592407227,15.392617225646973,7.513672828674316,-0.6319441795349121,-1.5264548378722016,-2.078761784043258,5,9.939864158630371,1.0,0.5984938737795358,0,0,72.0,1.0,1.0,0.9498002889745354,0.9104572832584381,1.3880716040730476,0.13431407511234283,0.25,0.0,0.02264523133635521,1.0,0.0,0.0,0.9959023594856262,1.0,0.9816961525214403,0.9816961525214403,1.0,0.9816961525214403,0.018303847478559832,0.03660769495711964,0.9450884575643206,214.39705964420784,0.0047643791032046185,1.6505904551072503,-0.08432806999362731,421.67782581844904,0.25099855512732283,0.07883262634277344,1.0,heuristic_fallback
20260514_035650,232,435,34.8,e2,Eval-Transferred-OSD+Fuzzy+OP-CBRS-e2,proxy,-6.337937831878662,1.8539527654647827,8.986490249633789,15.32357120513916,7.458352565765381,-0.6292433142662048,-1.5284258011001044,-2.0678274671080104,5,9.861101150512695,1.0,0.6137114517771661,0,0,71.0,1.0,1.0,0.9498002889745354,0.9043551087379456,1.380443885922432,0.14346733689308167,0.25,0.0,0.041149694472551346,1.0,0.0,0.0,0.9939354658126831,1.0,0.9811330766894563,0.9811330766894563,1.0,0.9811330766894563,0.018866923310543796,0.037733846621087565,0.9433992300683687,214.1159637479218,0.004758132527731595,1.63518656412498,-0.06631454802361347,421.67782581844904,0.25099855512732283,0.07876300811767578,1.0,heuristic_fallback
20260514_035650,232,436,34.88,e2,Eval-Transferred-OSD+Fuzzy+OP-CBRS-e2,proxy,-6.335217475891113,1.7754619121551514,8.99694538116455,15.271339416503906,7.371523857116699,-0.6184875965118408,-1.5300113064194616,-2.0812748676774286,5,9.782405853271484,1.0,0.5881417816751371,0,0,70.0,1.0,1.0,0.9498002889745354,0.898698071638743,1.3733725895484288,0.15195289254188538,0.25,0.0,0.021254748106002808,1.0,0.0,0.0,0.9920912981033325,1.0,0.9806124032823311,0.9806124032823311,1.0,0.9806124032823311,0.019387596717668983,0.038775193435337967,0.9418372098469932,213.84824409893963,0.004752183202198658,1.648693514625091,-0.09298130380508411,421.67782581844904,0.25099855512732283,0.07869529724121094,1.0,heuristic_fallback
20260514_035650,232,437,34.96,e2,Eval-Transferred-OSD+Fuzzy+OP-CBRS-e2,proxy,-6.332508563995361,1.6970139741897583,9.006759643554688,15.255016326904297,7.330954074859619,-0.5805888772010803,-1.531286624661832,-2.099016056710567,5,9.70376968383789,1.0,0.598552656322221,0,0,69.0,1.0,1.0,0.9498002889745354,0.8934727807839712,1.366840975979964,0.15979082882404327,0.25,0.0,0.01788194291293621,1.0,0.0,0.0,0.9903857111930847,1.0,0.9801325983954319,0.9801325983954319,1.0,0.9801325983954319,0.019867401604568038,0.03973480320913605,0.9403977951862958,213.59591146831292,0.0047465758104069545,1.6499167958061978,-0.08210036409413106,421.67782581844904,0.25099855512732283,0.07863616943359375,1.0,heuristic_fallback
20260514_035650,232,438,35.04,e2,Eval-Transferred-OSD+Fuzzy+OP-CBRS-e2,proxy,-6.329807281494141,1.6186063289642334,9.01596450805664,15.196633338928223,7.265716552734375,-0.6132744550704956,-1.53231235976048,-2.084998849797814,5,9.625192642211914,1.0,0.6074066130836719,0,0,68.0,1.0,1.0,0.9498002889745354,0.8886625568072001,1.360828196009,0.16700616478919983,0.25,0.0,0.029886607080698013,1.0,0.0,0.0,0.988823652267456,1.0,0.9796918629998921,0.9796918629998921,1.0,0.9796918629998921,0.02030813700010783,0.040616274000215634,0.9390755889996765,213.35980795011164,0.004741329065558036,1.6397107416861838,-0.07127907531698895,421.67782581844904,0.25099855512732283,0.07857704162597656,1.0,heuristic_fallback
20260514_035650,232,439,35.12,e2,Eval-Transferred-OSD+Fuzzy+OP-CBRS-e2,proxy,-6.327111721038818,1.5402363538742065,9.024591445922852,15.150293350219727,7.172102928161621,-0.5676100850105286,-1.5331373095328589,-2.073813280486485,5,9.546666145324707,1.0,0.6027963051489036,0,0,67.0,1.0,1.0,0.9498002889745354,0.8842496375242869,1.3553120469053586,0.17362554371356964,0.25,0.0,0.036841921508312225,1.0,0.0,0.0,0.9874033331871033,1.0,0.9792883345411244,0.9792883345411244,1.0,0.9792883345411244,0.02071166545887554,0.04142333091775109,0.9378650036233733,213.140021445559,0.004736444921012422,1.6333910260447448,-0.07450864510717187,421.67782581844904,0.25099855512732283,0.07852649688720703,1.0,heuristic_fallback
20260514_035650,232,440,35.2,e2,Eval-Transferred-OSD+Fuzzy+OP-CBRS-e2,proxy,-6.32442045211792,1.4619011878967285,9.032672882080078,15.128495216369629,7.119110584259033,-0.5516541600227356,-1.5338007409059464,-2.0801184451832864,5,9.46818733215332,1.0,0.5823822721715974,0,0,67.0,1.0,1.0,0.9498002889745354,0.880213181177775,1.3502664764722188,0.1796802282333374,0.25,0.0,0.01189630851149559,1.0,0.0,0.0,0.9861189126968384,1.0,0.9789199025987942,0.9789199025987942,1.0,0.9789199025987942,0.021080097401205762,0.042160194802411524,0.9367597077963827,212.9361710696653,0.004731914912659229,1.6510911217057294,-0.09678305892044159,421.67782581844904,0.25099855512732283,0.07847881317138672,1.0,heuristic_fallback
20260514_035650,232,441,35.28,e2,Eval-Transferred-OSD+Fuzzy+OP-CBRS-e2,proxy,-6.321732044219971,1.3835980892181396,9.040240287780762,15.105555534362793,7.0253400802612305,-0.5515262484550476,-1.5343342498933905,-2.0927742812059766,5,9.389753341674805,1.0,0.6043280296621436,0,0,66.0,1.0,1.0,0.9498002889745354,0.876534124215444,1.345667655269305,0.1851988136768341,0.25,0.0,0.021561475470662117,1.0,0.0,0.0,0.9849621057510376,1.0,0.9785846503464397,0.9785846503464397,1.0,0.9785846503464397,0.021415349653560133,0.04283069930712031,0.9357539510393195,212.7475795332034,0.004727723989626742,1.6429224822457715,-0.07328579737207967,421.67782581844904,0.25099855512732283,0.07843399047851562,1.0,heuristic_fallback
20260514_035650,232,442,35.36,e2,Eval-Transferred-OSD+Fuzzy+OP-CBRS-e2,proxy,-6.3190460205078125,1.3053244352340698,9.047325134277344,15.02276611328125,6.975817680358887,-0.5241662859916687,-1.5347632673089435,-2.0864827277528493,5,9.311358451843262,1.0,0.6016277388457648,0,0,66.0,1.0,1.0,0.9498002889745354,0.8731923500696818,1.3414904375871022,0.1902114748954773,0.25,0.0,0.028761001303792,1.0,0.0,0.0,0.9839236736297607,1.0,0.9782805926673742,0.9782805926673742,1.0,0.9782805926673742,0.021719407332625822,0.043438814665251645,0.9348417780021225,212.5734216039291,0.004723853813420647,1.6366873943344837,-0.07474271210745362,421.67782581844904,0.25099855512732283,0.07839488983154297,1.0,heuristic_fallback
20260514_035650,232,443,35.44,e2,Eval-Transferred-OSD+Fuzzy+OP-CBRS-e2,proxy,-6.316361427307129,1.2270777225494385,9.053956031799316,15.036169052124023,6.887871265411377,-0.5696544051170349,-1.53510824526073,-2.0811209630663794,5,9.232998847961426,1.0,0.6002266969921037,0,0,66.0,1.0,1.0,0.9498002889745354,0.870167056719462,1.3377088208993275,0.19474941492080688,0.25,0.0,0.03526263311505318,1.0,0.0,0.0,0.9829939007759094,1.0,0.9780057073098435,0.9780057073098435,1.0,0.9780057073098435,0.021994292690156604,0.04398858538031316,0.9340171219295303,212.4127856520655,0.004720284125601455,1.631054847138483,-0.07502018815405914,421.67782581844904,0.25099855512732283,0.07835960388183594,1.0,heuristic_fallback
20260514_035650,232,444,35.52,e2,Eval-Transferred-OSD+Fuzzy+OP-CBRS-e2,proxy,-6.31367826461792,1.148855447769165,9.060160636901855,14.983682632446289,6.83400821685791,-0.5710790753364563,-1.5353856453710544,-2.078366338894664,5,9.154671669006348,1.0,0.5996836238831178,0,0,65.0,1.0,1.0,0.9498002889745354,0.8674397071202596,1.3342996339003246,0.1988404393196106,0.25,0.0,0.0423152782022953,1.0,0.0,0.0,0.9821633696556091,1.0,0.9777582000724291,0.9777582000724291,1.0,0.9777582000724291,0.02224179992757081,0.044483599855141595,0.9332746002172875,212.26475520440374,0.004716994560097861,1.6250835259232506,-0.07442806558116496,421.67782581844904,0.25099855512732283,0.07832717895507812,1.0,heuristic_fallback
20260514_035650,232,445,35.6,e2,Eval-Transferred-OSD+Fuzzy+OP-CBRS-e2,proxy,-6.3109965324401855,1.070655345916748,9.065966606140137,14.9558744430542,6.781765937805176,-0.5597649216651917,-1.5356087011250967,-2.0838174574274135,5,9.076375007629395,1.0,0.5906706141190363,0,0,64.0,1.0,1.0,0.9498002889745354,0.8649930755297343,1.3312413444121678,0.20251038670539856,0.25,0.0,0.03607425093650818,1.0,0.0,0.0,0.981423020362854,1.0,0.9775364146727983,0.9775364146727983,1.0,0.9775364146727983,0.02246358532720181,0.04492717065440357,0.9326092440183947,212.1284253830786,0.004713965008512858,1.6291526384749597,-0.08367229607744539,421.67782581844904,0.25099855512732283,0.07829666137695312,1.0,heuristic_fallback
20260514_035650,232,446,35.68,e2,Eval-Transferred-OSD+Fuzzy+OP-CBRS-e2,proxy,-6.308315753936768,0.9924752712249756,9.071398735046387,14.89746379852295,6.7037353515625,-0.5137635469436646,-1.5357880505287693,-2.0840601087976,5,8.998103141784668,1.0,0.5978904105740152,0,0,64.0,1.0,1.0,0.9498002889745354,0.8628091414769491,1.3285114268461864,0.20578628778457642,0.25,0.0,0.041596926748752594,1.0,0.0,0.0,0.9807643294334412,1.0,0.9773386393498802,0.9773386393498802,1.0,0.9773386393498802,0.022661360650119724,0.045322721300239406,0.9320159180496408,212.0029187145775,0.004711175971435055,1.62446464810258,-0.07556173103330059,421.67782581844904,0.25099855512732283,0.07827186584472656,1.0,heuristic_fallback
20260514_035650,232,447,35.76,e2,Eval-Transferred-OSD+Fuzzy+OP-CBRS-e2,proxy,-6.305635452270508,0.9143131971359253,9.0764799118042,14.874887466430664,6.651572227478027,-0.5326420664787292,-1.5359322537204245,-2.1014856089375002,5,8.919854164123535,1.0,0.5796932325354434,0,0,63.0,1.0,1.0,0.9498002889745354,0.8608716726303101,1.3260895907878876,0.2086924910545349,0.25,0.0,0.01817995123565197,1.0,0.0,0.0,0.9801795482635498,1.0,0.9771633388404976,0.9771633388404976,1.0,0.9771633388404976,0.022836661159502464,0.045673322319004964,0.9314900165214925,211.88741504565587,0.004708609223236797,1.6415430125257457,-0.09579584724722626,421.67782581844904,0.25099855512732283,0.07824897766113281,1.0,heuristic_fallback
20260514_035650,232,448,35.84,e2,Eval-Transferred-OSD+Fuzzy+OP-CBRS-e2,proxy,-6.3029561042785645,0.8361672163009644,9.081233978271484,14.79543399810791,6.577554225921631,-0.5347714424133301,-1.536048202639213,-2.0679896760302947,5,8.84162712097168,1.0,0.604804229906148,0,0,63.0,1.0,1.0,0.9498002889745354,0.8591656784216563,1.3239570980270703,0.21125148236751556,0.25,0.0,0.03408002853393555,1.0,0.0,0.0,0.9796614050865173,1.0,0.9770091025547992,0.9770091025547992,1.0,0.9770091025547992,0.02299089744520076,0.04598179489040148,0.9310273076643978,211.78113820764895,0.004706247515725533,1.6291914559998697,-0.06881760545330295,421.67782581844904,0.25099855512732283,0.07822704315185547,1.0,heuristic_fallback
20260514_035650,232,449,35.92,e2,Eval-Transferred-OSD+Fuzzy+OP-CBRS-e2,proxy,-6.300277233123779,0.7580354809761047,9.085680961608887,14.762889862060547,6.503873825073242,-0.4957737624645233,-1.5361414264778013,-2.087052580597554,5,8.76341724395752,1.0,0.589583903517042,0,0,62.0,1.0,1.0,0.9498002889745354,0.857676217953364,1.322095272441705,0.21348567306995392,0.25,0.0,0.02728087827563286,1.0,0.0,0.0,0.9792036414146423,1.0,0.9768745349908974,0.9768745349908974,1.0,0.9768745349908974,0.02312546500910267,0.04625093001820534,0.930623604972692,211.68338170717664,0.00470407514904837,1.6339184535765237,-0.08448575849965281,421.67782581844904,0.25099855512732283,0.07820987701416016,1.0,heuristic_fallback
20260514_035650,232,450,36.0,e2,Eval-Transferred-OSD+Fuzzy+OP-CBRS-e2,proxy,-6.297598838806152,0.6799163222312927,9.08984088897705,14.753705024719238,6.442918300628662,-0.5418407320976257,-1.5362163796727115,-2.0806476366878432,5,8.685224533081055,1.0,0.5913914467153151,0,0,62.0,1.0,1.0,0.9498002889745354,0.8563887973626455,1.320485996703307,0.2154168039560318,0.25,0.0,0.02313403971493244,1.0,0.0,0.0,0.9788002371788025,1.0,0.9767582902459139,0.9767582902459139,1.0,0.9767582902459139,0.023241709754086032,0.04648341950817211,0.9302748707377417,211.59347404472476,0.004702077200993884,1.6367067273493692,-0.08288070686253698,421.67782581844904,0.25099855512732283,0.07819271087646484,1.0,heuristic_fallback
20260514_035650,232,451,36.08,e2,Eval-Transferred-OSD+Fuzzy+OP-CBRS-e2,proxy,-6.294920921325684,0.6018081307411194,9.093731880187988,14.675884246826172,6.3584699630737305,-0.5013346076011658,-1.5362766421246188,-2.083303026836166,5,8.607047080993652,1.0,0.6048370010646184,0,0,61.0,1.0,1.0,0.9498002889745354,0.8552915553251902,1.3191144441564877,0.21706266701221466,0.25,0.0,0.04075581580400467,1.0,0.0,0.0,0.9784459471702576,1.0,0.9766592678653971,0.9766592678653971,1.0,0.9766592678653971,0.023340732134602773,0.046681464269205525,0.9299778035961916,211.51080601552178,0.004700240133678262,1.6232160847732013,-0.06748906716508456,421.67782581844904,0.25099855512732283,0.07817745208740234,1.0,heuristic_fallback
20260514_035650,232,452,36.16,e2,Eval-Transferred-OSD+Fuzzy+OP-CBRS-e2,proxy,-6.292243003845215,0.5237094163894653,9.097371101379395,14.687084197998047,6.292175769805908,-0.507385790348053,-1.5363250912982873,-2.0863386266738733,5,8.52888011932373,1.0,0.5803879658727831,0,0,61.0,1.0,1.0,0.9498002889745354,0.8543712496757507,1.3179640620946884,0.2184431254863739,0.25,0.0,0.020425502210855484,1.0,0.0,0.0,0.978135883808136,1.0,0.9765762492906752,0.9765762492906752,1.0,0.9765762492906752,0.023423750709324846,0.04684750141864966,0.9297287478720255,211.4348081376312,0.00469855129194736,1.6382337435557033,-0.09382852156459602,421.67782581844904,0.25099855512732283,0.07816696166992188,1.0,heuristic_fallback
20260514_035650,232,453,36.24,e2,Eval-Transferred-OSD+Fuzzy+OP-CBRS-e2,proxy,-6.289565563201904,0.4456188678741455,9.100774765014648,14.620590209960938,6.243932723999023,-0.5135313868522644,-1.5363640493214683,-2.0971504692532505,5,8.450724601745605,1.0,0.5999118169552772,0,0,60.0,1.0,1.0,0.9498002889745354,0.8536184728145599,1.3170230910182,0.2195722907781601,0.25,0.0,0.030355265364050865,1.0,0.0,0.0,0.9778658151626587,1.0,0.9765083674216952,0.9765083674216952,1.0,0.9765083674216952,0.02349163257830479,0.04698326515660958,0.9295251022650857,211.36496770800704,0.0046969992824001565,1.630598226975509,-0.07318085608925011,421.67782581844904,0.25099855512732283,0.078155517578125,1.0,heuristic_fallback
20260514_035650,232,454,36.32,e2,Eval-Transferred-OSD+Fuzzy+OP-CBRS-e2,proxy,-6.286888599395752,0.3675351142883301,9.103958129882812,14.573031425476074,6.164469242095947,-0.49193868041038513,-1.5363953723183197,-2.093074832085012,5,8.372577667236328,1.0,0.590407735022106,0,0,60.0,1.0,1.0,0.9498002889745354,0.8530212541421255,1.3162765676776569,0.22046811878681183,0.25,0.0,0.026024872437119484,1.0,0.0,0.0,0.9776319265365601,1.0,0.9764545286266783,0.9764545286266783,1.0,0.9764545286266783,0.023545471373321938,0.04709094274664389,0.9293635858800343,211.30081263213333,0.004695573614047407,1.6336967170025989,-0.08301681218035072,421.67782581844904,0.25099855512732283,0.07814693450927734,1.0,heuristic_fallback
20260514_035650,232,455,36.4,e2,Eval-Transferred-OSD+Fuzzy+OP-CBRS-e2,proxy,-6.2842116355896,0.28945696353912354,9.10693645477295,14.561636924743652,6.051460266113281,-0.45761510729789734,-1.536420550966705,-2.085471745055145,5,8.294440269470215,1.0,0.585335579370752,0,0,59.0,1.0,1.0,0.9498002889745354,0.8525695502758026,1.3157119378447533,0.22114567458629608,0.25,0.0,0.013036577962338924,1.0,0.0,0.0,0.9774308800697327,1.0,0.9764138170236336,0.9764138170236336,1.0,0.9764138170236336,0.023586182976366443,0.04717236595273286,0.9292414510709007,211.24191455368612,0.004694264767859692,1.6433250118921037,-0.08929625148237647,421.67782581844904,0.25099855512732283,0.07813739776611328,1.0,heuristic_fallback
20260514_035650,232,456,36.48,e2,Eval-Transferred-OSD+Fuzzy+OP-CBRS-e2,proxy,-6.281534671783447,0.21138331294059753,9.109722137451172,14.526898384094238,6.010906219482422,-0.4640510082244873,-1.5364407948694294,-2.0908045361768868,5,8.216306686401367,1.0,0.6192549304512887,0,0,59.0,1.0,1.0,0.9498002889745354,0.8522538642088572,1.3153173302610714,0.22161920368671417,0.25,0.0,0.05363418906927109,1.0,0.0,0.0,0.9772593379020691,1.0,0.9763853692395191,0.9763853692395191,1.0,0.9763853692395191,0.023614630760480954,0.04722926152096192,0.9291561077185572,211.1878540930403,0.004693063424289785,1.6127978820451683,-0.05126765872896494,421.67782581844904,0.25099855512732283,0.07813358306884766,1.0,heuristic_fallback
20260514_035650,232,457,36.56,e2,Eval-Transferred-OSD+Fuzzy+OP-CBRS-e2,proxy,-6.278858184814453,0.13331307470798492,9.112327575683594,14.470785140991211,5.965328693389893,-0.4569547772407532,-1.5364570735804235,-2.0888161661261164,5,8.138178825378418,1.0,0.5807448148677274,0,0,58.0,1.0,1.0,0.9498002889745354,0.8520659705003103,1.315082463125388,0.2219010442495346,0.25,0.0,0.03623294457793236,1.0,0.0,0.0,0.977114737033844,1.0,0.9763684391818123,0.9763684391818123,1.0,0.9763684391818123,0.023631560818187753,0.04726312163637554,0.9291053175454367,211.1382787586591,0.004691961750192425,1.6258018419865354,-0.0914715344706071,421.67782581844904,0.25099855512732283,0.07812786102294922,1.0,heuristic_fallback
20260514_035650,232,458,36.64,e2,Eval-Transferred-OSD+Fuzzy+OP-CBRS-e2,proxy,-6.276181697845459,0.055245257914066315,9.114764213562012,14.42274284362793,5.881124496459961,-0.4887552261352539,-1.5364701567850794,-2.070598149752146,5,8.06005573272705,1.0,0.5914124933046615,0,0,57.0,1.0,1.0,0.9498002889745354,0.8519970973332723,1.3149963716665904,0.22200435400009155,0.25,0.0,0.03470764309167862,1.0,0.0,0.0,0.9769942760467529,1.0,0.9763622337447168,0.9763622337447168,1.0,0.9763622337447168,0.023637766255283348,0.04727553251056671,0.92908670123415,211.09283336410772,0.004690951852535727,1.6269285998094662,-0.0809265766418129,421.67782581844904,0.25099855512732283,0.07812309265136719,1.0,heuristic_fallback
20260514_035650,232,459,36.72,e2,Eval-Transferred-OSD+Fuzzy+OP-CBRS-e2,proxy,-6.273505210876465,-0.02282106876373291,9.117043495178223,14.3970365524292,5.82474946975708,-0.4931051731109619,-1.5364806722973947,-2.0873023057481905,5,7.981934547424316,1.0,0.5745834960668394,0,0,56.0,1.0,1.0,0.9498002889745354,0.8520402908325195,1.3150503635406494,0.2219395637512207,0.25,0.0,0.004982331767678261,1.0,0.0,0.0,0.9768961071968079,1.0,0.9763661254354914,0.9763661254354914,1.0,0.9763661254354914,0.02363387456450861,0.04726774912901722,0.9290983763064742,211.05123435708185,0.004690027430157374,1.6492333816772784,-0.10072370735654991,421.67782581844904,0.25099855512732283,0.07812118530273438,1.0,heuristic_fallback
20260514_035650,232,460,36.8,e2,Eval-Transferred-OSD+Fuzzy+OP-CBRS-e2,proxy,-6.270828723907471,-0.100886769592762,9.11917495727539,14.363598823547363,5.746331214904785,-0.4906105399131775,-1.5364891245224905,-2.0966612092734502,5,7.903814792633057,1.0,0.6018670873634117,0,0,55.0,1.0,1.0,0.9498002889745354,0.8521879315376282,1.3152349144220352,0.22171810269355774,0.25,0.0,0.01728729158639908,1.0,0.0,0.0,0.9768180251121521,1.0,0.9763794282578503,0.9763794282578503,1.0,0.9763794282578503,0.023620571742149866,0.047241143484299704,0.9291382847735505,211.0131840551768,0.004689181867892818,1.640041571989515,-0.07221796245405412,421.67782581844904,0.25099855512732283,0.07811975479125977,1.0,heuristic_fallback
20260514_035650,232,461,36.88,e2,Eval-Transferred-OSD+Fuzzy+OP-CBRS-e2,proxy,-6.268152236938477,-0.1789526641368866,9.121169090270996,14.344978332519531,5.662447452545166,-0.5150173902511597,-1.5364959182254374,-2.0924250042139354,5,7.825695991516113,1.0,0.5937137104198627,0,0,54.0,1.0,1.0,0.9498002889745354,0.8524337311585745,1.315542163948218,0.22134940326213837,0.25,0.0,0.01761540211737156,1.0,0.0,0.0,0.9767582416534424,1.0,0.9764015773268557,0.9764015773268557,1.0,0.9764015773268557,0.023598422673144232,0.0471968453462885,0.9292047319805672,210.97842419565313,0.00468840942657007,1.639856938996522,-0.0803589935593831,421.67782581844904,0.25099855512732283,0.07811880111694336,1.0,heuristic_fallback
20260514_035650,232,462,36.96,e2,Eval-Transferred-OSD+Fuzzy+OP-CBRS-e2,proxy,-6.265475749969482,-0.2570195198059082,9.12303352355957,14.275169372558594,5.597128391265869,-0.5020443201065063,-1.5365013784389256,-2.0876471090729556,5,7.74757719039917,1.0,0.6152268673288338,0,0,53.0,1.0,1.0,0.9498002889745354,0.852770080169042,1.3159626002113025,0.22084487974643707,0.25,0.0,0.05258086696267128,1.0,0.0,0.0,0.9767150282859802,1.0,0.9764318896037173,0.9764318896037173,1.0,0.9764318896037173,0.02356811039628268,0.04713622079256531,0.929295668811152,210.9467051321409,0.00468770455849202,1.6137169276151642,-0.05538350654338869,421.67782581844904,0.25099855512732283,0.07811880111694336,1.0,heuristic_fallback
20260514_035650,232,463,37.04,e2,Eval-Transferred-OSD+Fuzzy+OP-CBRS-e2,proxy,-6.262799263000488,-0.33508801460266113,9.124777793884277,14.281048774719238,5.584225654602051,-0.4832746684551239,-1.5365057656613872,-2.0908957591777457,5,7.669457912445068,1.0,0.5768701263699947,0,0,51.0,1.0,1.0,0.9498002889745354,0.8531932135423025,1.3164915169278781,0.22021017968654633,0.25,0.0,0.028687939047813416,1.0,0.0,0.0,0.9766871929168701,1.0,0.9764700292199217,0.9764700292199217,1.0,0.9764700292199217,0.02352997078007849,0.04705994156015699,0.9294100876597646,210.91782624855296,0.004687062805523399,1.6317424068946227,-0.0961747604760007,421.67782581844904,0.25099855512732283,0.07811927795410156,1.0,heuristic_fallback
20260514_035650,232,464,37.12,e2,Eval-Transferred-OSD+Fuzzy+OP-CBRS-e2,proxy,-6.260122299194336,-0.4131588339805603,9.126409530639648,14.195804595947266,5.5025200843811035,-0.46482011675834656,-1.5365092888895484,-2.0993222656450463,5,7.591335773468018,1.0,0.6146237295909961,0,0,49.0,1.0,1.0,0.9498002889745354,0.8536955316861471,1.317119414607684,0.21945670247077942,0.25,0.0,0.06371472030878067,1.0,0.0,0.0,0.9766730666160583,1.0,0.9765153152218065,0.9765153152218065,1.0,0.9765153152218065,0.023484684778193696,0.046969369556387405,0.929545945665419,210.89155909050908,0.004686479090900202,1.6055979004848584,-0.054983482627120224,421.67782581844904,0.25099855512732283,0.07812213897705078,1.0,heuristic_fallback
20260514_035650,232,465,37.2,e2,Eval-Transferred-OSD+Fuzzy+OP-CBRS-e2,proxy,-6.257445335388184,-0.49123263359069824,9.127935409545898,14.169856071472168,5.416539669036865,-0.4670218229293823,-1.5365121271550035,-2.0869159163523054,5,7.513211727142334,1.0,0.569925484997202,0,0,48.0,1.0,1.0,0.9498002889745354,0.8542726039886475,1.3178407549858093,0.2185910940170288,0.25,0.0,0.02912520430982113,1.0,0.0,0.0,0.9766716957092285,1.0,0.9765673526411466,0.9765673526411466,1.0,0.9765673526411466,0.023432647358853503,0.04686529471770698,0.9297020579234396,210.86772947916324,0.004685949543981406,1.6316843055597032,-0.1032083394563359,421.67782581844904,0.25099855512732283,0.0781240463256836,1.0,heuristic_fallback
20260514_035650,232,466,37.28,e2,Eval-Transferred-OSD+Fuzzy+OP-CBRS-e2,proxy,-6.254768371582031,-0.5693099498748779,9.129363059997559,14.144547462463379,5.305761814117432,-0.478308767080307,-1.5365144122691903,-2.0900477625379006,5,7.435084819793701,1.0,0.5858182425542906,0,0,46.0,1.0,1.0,0.9498002889745354,0.8549206058184305,1.3186507572730382,0.21761909127235413,0.25,0.0,0.017409250140190125,1.0,0.0,0.0,0.9766820669174194,1.0,0.9766258014579341,0.9766258014579341,1.0,0.9766258014579341,0.023374198542066026,0.046748397084132094,0.929877404373802,210.84616993667123,0.004685470443037138,1.6406332716443723,-0.08856665729375306,421.67782581844904,0.25099855512732283,0.07812690734863281,1.0,heuristic_fallback
20260514_035650,232,467,37.36,e2,Eval-Transferred-OSD+Fuzzy+OP-CBRS-e2,proxy,-6.252091407775879,-0.6473913788795471,9.130698204040527,14.110034942626953,5.2621870040893555,-0.49177297949790955,-1.5365162497008298,-2.0795466974605112,5,7.356954574584961,1.0,0.6097091422355893,0,0,44.0,1.0,1.0,0.9498002889745354,0.8556332588195801,1.319541573524475,0.21655011177062988,0.25,0.0,0.04322284832596779,1.0,0.0,0.0,0.9767030477523804,1.0,0.9766901004569589,0.9766901004569589,1.0,0.9766901004569589,0.023309899543041114,0.04661979908608223,0.9300703013708767,210.82670817406006,0.004685037959423557,1.6214512362553264,-0.062182689612691217,421.67782581844904,0.25099855512732283,0.07813024520874023,1.0,heuristic_fallback
20260514_035650,232,468,37.44,e2,Eval-Transferred-OSD+Fuzzy+OP-CBRS-e2,proxy,-6.249413967132568,-0.725477397441864,9.131946563720703,14.047085762023926,5.186137676239014,-0.4535425901412964,-1.536517723717528,-2.0870347997573586,5,7.278819561004639,1.0,0.5896262331938829,0,0,44.0,1.0,1.0,0.9498002889745354,0.8564074039459229,1.3205092549324036,0.21538889408111572,0.25,0.0,0.0390709824860096,1.0,0.0,0.0,0.9767336249351501,1.0,0.9767599698286412,0.9767599698286412,1.0,0.9767599698286412,0.023240030171358683,0.04648006034271738,0.9302799094859239,210.80918946320355,0.004684648654737856,1.6247586719168807,-0.08278234393176685,421.67782581844904,0.25099855512732283,0.07813501358032227,1.0,heuristic_fallback
20260514_035650,232,469,37.52,e2,Eval-Transferred-OSD+Fuzzy+OP-CBRS-e2,proxy,-6.246736526489258,-0.8035684823989868,9.133113861083984,13.999848365783691,5.130573749542236,-0.47051405906677246,-1.5365189139109896,-2.1107172293410597,5,7.200679779052734,1.0,0.5828249926871337,0,0,43.0,1.0,1.0,0.9498002889745354,0.8572398126125336,1.321549765765667,0.21414028108119965,0.25,0.0,0.023064972832798958,1.0,0.0,0.0,0.9767732620239258,1.0,0.9768351235648599,0.9768351235648599,1.0,0.9768351235648599,0.02316487643514012,0.04632975287028028,0.9305053706945796,210.79349543366698,0.004684299898525933,1.6369712813234414,-0.09129140105036128,421.67782581844904,0.25099855512732283,0.0781397819519043,1.0,heuristic_fallback
20260514_035650,232,470,37.6,e2,Eval-Transferred-OSD+Fuzzy+OP-CBRS-e2,proxy,-6.244059085845947,-0.8816651105880737,9.13420581817627,13.958124160766602,5.076472759246826,-0.4409968852996826,-1.5365198711286636,-2.1093071582093073,5,7.12253475189209,1.0,0.583410908234005,0,0,42.0,1.0,1.0,0.9498002889745354,0.8581254780292511,1.3226568475365639,0.21281178295612335,0.25,0.0,0.00614209333434701,1.0,0.0,0.0,0.9768211245536804,1.0,0.976915115021801,0.976915115021801,1.0,0.976915115021801,0.023084884978199088,0.046169769956398175,0.9307453450654027,210.77949345317495,0.004683988743403888,1.6498848573014597,-0.09251256603870801,421.67782581844904,0.25099855512732283,0.07814502716064453,1.0,heuristic_fallback
20260514_035650,232,471,37.68,e2,Eval-Transferred-OSD+Fuzzy+OP-CBRS-e2,proxy,-6.2413811683654785,-0.9597676396369934,9.13522720336914,13.91126823425293,4.985156536102295,-0.4768840968608856,-1.5365206356448922,-2.1002225815205624,5,7.044384479522705,1.0,0.6077667754225959,0,0,40.0,1.0,1.0,0.9498002889745354,0.8590618371963501,1.3238272964954376,0.21140724420547485,0.25,0.0,0.027135618031024933,1.0,0.0,0.0,0.9768764972686768,1.0,0.9769997180743786,0.9769997180743786,1.0,0.9769997180743786,0.023000281925621573,0.04600056385124312,0.9309991542231354,210.76706119596383,0.0046837124710214185,1.634373803570726,-0.06617720834086042,421.67782581844904,0.25099855512732283,0.07815027236938477,1.0,heuristic_fallback
20260514_035650,232,472,37.76,e2,Eval-Transferred-OSD+Fuzzy+OP-CBRS-e2,proxy,-6.23870325088501,-1.0378764867782593,9.13618278503418,13.89712905883789,4.907494068145752,-0.4644676744937897,-1.5365212529204528,-2.0952130775510653,5,6.966228008270264,1.0,0.591065773527577,0,0,39.0,1.0,1.0,0.9498002889745354,0.8600444793701172,1.3250555992126465,0.20993328094482422,0.25,0.0,0.02301432192325592,1.0,0.0,0.0,0.9769389033317566,1.0,0.9770885394873354,0.9770885394873354,1.0,0.9770885394873354,0.022911460512664503,0.04582292102532902,0.9312656184620064,210.75609726278992,0.004683468828061999,1.6377104361949946,-0.08341959847931614,421.67782581844904,0.25099855512732283,0.0781564712524414,1.0,heuristic_fallback
20260514_035650,232,473,37.84,e2,Eval-Transferred-OSD+Fuzzy+OP-CBRS-e2,proxy,-6.236024856567383,-1.1159920692443848,9.137076377868652,13.896270751953125,4.856180191040039,-0.45372650027275085,-1.5365217458966332,-2.077729695576581,5,6.888064861297607,1.0,0.5956269602649138,0,0,38.0,1.0,1.0,0.9498002889745354,0.8610714972019196,1.3263393715023994,0.20839275419712067,0.25,0.0,0.025750545784831047,1.0,0.0,0.0,0.9770077466964722,1.0,0.9771814120556751,0.9771814120556751,1.0,0.9771814120556751,0.02281858794432491,0.045637175888649864,0.9315442361670252,210.74649670872213,0.004683255482416047,1.6359150227567638,-0.07872086974007635,421.67782581844904,0.25099855512732283,0.07816314697265625,1.0,heuristic_fallback
20260514_035650,232,474,37.92,e2,Eval-Transferred-OSD+Fuzzy+OP-CBRS-e2,proxy,-6.233346462249756,-1.1941146850585938,9.13791275024414,13.820121765136719,4.791032791137695,-0.4729035198688507,-1.536522145912309,-2.094013959663821,5,6.809895038604736,1.0,0.6086168145031855,0,0,37.0,1.0,1.0,0.9498002889745354,0.8621396819750468,1.3276746024688084,0.2067904770374298,0.25,0.0,0.049567654728889465,1.0,0.0,0.0,0.9770825505256653,1.0,0.9772780507512451,0.9772780507512451,1.0,0.9772780507512451,0.02272194924875474,0.045443898497509454,0.9318341522537357,210.738168763629,0.004683070416969534,1.6183192372420019,-0.06348950168578575,421.67782581844904,0.25099855512732283,0.0781698226928711,1.0,heuristic_fallback
20260514_035650,232,475,38.0,e2,Eval-Transferred-OSD+Fuzzy+OP-CBRS-e2,proxy,-6.230667591094971,-1.2722446918487549,9.138694763183594,13.800983428955078,4.735893726348877,-0.4510750472545624,-1.5365224642177675,-2.097211509224657,5,6.73171854019165,1.0,0.5722048997624107,0,0,36.0,1.0,1.0,0.9498002889745354,0.8632465799649557,1.3290582249561946,0.20513013005256653,0.25,0.0,0.01567164622247219,1.0,0.0,0.0,0.9771627187728882,1.0,0.9773782385808376,0.9773782385808376,1.0,0.9773782385808376,0.022621761419162577,0.04524352283832517,0.9321347157425124,210.73101550203546,0.0046829114556007885,1.644017968119292,-0.1034350856772673,421.67782581844904,0.25099855512732283,0.07817649841308594,1.0,heuristic_fallback
20260514_035650,232,476,38.08,e2,Eval-Transferred-OSD+Fuzzy+OP-CBRS-e2,proxy,-6.2279887199401855,-1.3503824472427368,9.139426231384277,13.764055252075195,4.655653476715088,-0.47478926181793213,-1.5365227234908305,-2.088441204783126,5,6.653533458709717,1.0,0.605453614021274,0,0,36.0,1.0,1.0,0.9498002889745354,0.8643889427185059,1.3304861783981323,0.2034165859222412,0.25,0.0,0.03296879678964615,1.0,0.0,0.0,0.9772480726242065,1.0,0.9774816863333723,0.9774816863333723,1.0,0.9774816863333723,0.022518313666627685,0.04503662733325541,0.9324450590001169,210.72497348619117,0.004682777188582026,1.631330695882299,-0.06861380798128003,421.67782581844904,0.25099855512732283,0.0781850814819336,1.0,heuristic_fallback
20260514_035650,232,477,38.16,e2,Eval-Transferred-OSD+Fuzzy+OP-CBRS-e2,proxy,-6.225309371948242,-1.428528070449829,9.14011001586914,13.70754623413086,4.604435920715332,-0.43730413913726807,-1.5365229271982295,-2.084933549977601,5,6.57534122467041,1.0,0.5949868556441407,0,0,35.0,1.0,1.0,0.9498002889745354,0.8655655682086945,1.331956960260868,0.2016516476869583,0.25,0.0,0.03487681597471237,1.0,0.0,0.0,0.9773380160331726,1.0,0.977588289838788,0.977588289838788,1.0,0.977588289838788,0.022411710161212073,0.044823420322424104,0.9327648695163638,210.71995465719112,0.004682665659048692,1.6301938378660465,-0.07904318977579079,421.67782581844904,0.25099855512732283,0.07819223403930664,1.0,heuristic_fallback
20260514_035650,232,478,38.24,e2,Eval-Transferred-OSD+Fuzzy+OP-CBRS-e2,proxy,-6.222630023956299,-1.5066819190979004,9.14074993133545,13.677677154541016,4.487809181213379,-0.449527770280838,-1.5365230925305715,-2.0818793753900224,5,6.497139930725098,1.0,0.5906783141202304,0,0,34.0,1.0,1.0,0.9498002889745354,0.866773247718811,1.3334665596485138,0.19984012842178345,0.25,0.0,0.02967768907546997,1.0,0.0,0.0,0.9774323105812073,1.0,0.977697762905619,0.977697762905619,1.0,0.977697762905619,0.022302237094380936,0.044604474188761886,0.9330932887168571,210.71589833084738,0.004682575518463275,1.6343951029180075,-0.08403771147066628,421.67782581844904,0.25099855512732283,0.0782012939453125,1.0,heuristic_fallback
20260514_035650,232,479,38.32,e2,Eval-Transferred-OSD+Fuzzy+OP-CBRS-e2,proxy,-6.219950199127197,-1.5848443508148193,9.141347885131836,13.63041877746582,4.434333801269531,-0.49465757608413696,-1.5365232181743727,-2.094299991072345,5,6.418931007385254,1.0,0.6023675772369472,0,0,34.0,1.0,1.0,0.9498002889745354,0.8680107494195303,1.3350134367744129,0.19798387587070465,0.25,0.0,0.04277223348617554,1.0,0.0,0.0,0.9775305986404419,1.0,0.9778099982080748,0.9778099982080748,1.0,0.9778099982080748,0.022190001791925196,0.04438000358385039,0.9334299946242244,210.71273560864984,0.004682505235747774,1.624883570035158,-0.07120089105560698,421.67782581844904,0.25099855512732283,0.07820892333984375,1.0,heuristic_fallback
20260514_035650,232,480,38.4,e2,Eval-Transferred-OSD+Fuzzy+OP-CBRS-e2,proxy,-6.2172698974609375,-1.6630154848098755,9.141907691955566,13.59389591217041,4.3674092292785645,-0.45262426137924194,-1.5365233173021922,-2.0906703040797603,5,6.3407135009765625,1.0,0.594169898081943,0,0,34.0,1.0,1.0,0.9498002889745354,0.869276762008667,1.3365959525108337,0.1960848569869995,0.25,0.0,0.043668508529663086,1.0,0.0,0.0,0.9776325821876526,1.0,0.9779248810828239,0.9779248810828239,1.0,0.9779248810828239,0.02207511891717615,0.0441502378343523,0.9337746432484716,210.71040901030221,0.004682453533562271,1.6245278668998266,-0.0794784593094144,421.67782581844904,0.25099855512732283,0.0782175064086914,1.0,heuristic_fallback
20260514_035650,232,481,38.48,e2,Eval-Transferred-OSD+Fuzzy+OP-CBRS-e2,proxy,-6.214589595794678,-1.741195559501648,9.142431259155273,13.555062294006348,4.334621429443359,-0.4452735483646393,-1.5365234012094091,-2.085904884348763,5,6.262486457824707,1.0,0.5828161662250675,0,0,32.0,1.0,1.0,0.9498002889745354,0.8705674807230631,1.3382093509038289,0.19414877891540527,0.25,0.0,0.025619029998779297,1.0,0.0,0.0,0.9777382016181946,1.0,0.978042070258926,0.978042070258926,1.0,0.978042070258926,0.02195792974107387,0.04391585948214772,0.9341262107767783,210.7088728347636,0.00468241939632808,1.6383876554765886,-0.09281389460663823,421.67782581844904,0.25099855512732283,0.07822704315185547,1.0,heuristic_fallback
20260514_035650,232,482,38.56,e2,Eval-Transferred-OSD+Fuzzy+OP-CBRS-e2,proxy,-6.21190881729126,-1.8193848133087158,9.14292049407959,13.498977661132812,4.270552635192871,-0.4549957513809204,-1.5365234627568463,-2.0740302324056583,5,6.184251308441162,1.0,0.5948808573368713,0,0,31.0,1.0,1.0,0.9498002889745354,0.8718829651673635,1.3398537064592044,0.19217555224895477,0.25,0.0,0.025366056710481644,1.0,0.0,0.0,0.9778469204902649,1.0,0.9781615749405814,0.9781615749405814,1.0,0.9781615749405814,0.02183842505941847,0.04367685011883694,0.9344847248217445,210.7080576759737,0.004682401281688305,1.6389062565538868,-0.08094658042654142,421.67782581844904,0.25099855512732283,0.07823514938354492,1.0,heuristic_fallback
20260514_035650,232,483,38.64,e2,Eval-Transferred-OSD+Fuzzy+OP-CBRS-e2,proxy,-6.209227561950684,-1.8975833654403687,9.143378257751465,13.465751647949219,4.175303936004639,-0.4648619592189789,-1.5365235119598806,-2.083222186562231,5,6.106005668640137,1.0,0.5919774043774984,0,0,30.0,1.0,1.0,0.9498002889745354,0.8732212583223978,1.3415265729029973,0.1901681125164032,0.25,0.0,0.02003929391503334,1.0,0.0,0.0,0.977958619594574,1.0,0.9782832210655515,0.9782832210655515,1.0,0.9782832210655515,0.021716778934448504,0.04343355786889701,0.9348496631966545,210.70792426940181,0.004682398317097818,1.6432359019392317,-0.08456899106836496,421.67782581844904,0.25099855512732283,0.07824563980102539,1.0,heuristic_fallback
20260514_035650,232,484,38.72,e2,Eval-Transferred-OSD+Fuzzy+OP-CBRS-e2,proxy,-6.206546306610107,-1.9757914543151855,9.143806457519531,13.412284851074219,4.12368106842041,-0.4539863169193268,-1.5365235555139443,-2.075196473485283,5,6.027751445770264,1.0,0.590567402442136,0,0,29.0,1.0,1.0,0.9498002889745354,0.8745805025100708,1.3432256281375885,0.1881292462348938,0.25,0.0,0.011550024151802063,1.0,0.0,0.0,0.9780731797218323,1.0,0.9784068432705948,0.9784068432705948,1.0,0.9784068432705948,0.021593156729405306,0.043186313458810584,0.9352205298117842,210.7084319071729,0.004682409597937176,1.6499426653085734,-0.08700675974305609,421.67782581844904,0.25099855512732283,0.07825422286987305,1.0,heuristic_fallback
20260514_035650,232,485,38.8,e2,Eval-Transferred-OSD+Fuzzy+OP-CBRS-e2,proxy,-6.203864574432373,-2.054009199142456,9.144207000732422,13.398159980773926,4.049244403839111,-0.45383715629577637,-1.5365235845354124,-2.0933235937965784,5,5.949487209320068,1.0,0.5984292096695127,0,0,28.0,1.0,1.0,0.9498002889745354,0.8759600122769674,1.3449500153462093,0.18605998158454895,0.25,0.0,0.014818552881479263,1.0,0.0,0.0,0.9781902432441711,1.0,0.9785323825653555,0.9785323825653555,1.0,0.9785323825653555,0.021467617434644534,0.04293523486928902,0.9355971476960664,210.7095281218909,0.004682433958264243,1.6478361462030395,-0.07900611852101255,421.67782581844904,0.25099855512732283,0.07826423645019531,1.0,heuristic_fallback
20260514_035650,232,486,38.88,e2,Eval-Transferred-OSD+Fuzzy+OP-CBRS-e2,proxy,-6.2011823654174805,-2.132236957550049,9.14458179473877,13.330032348632812,3.948482036590576,-0.4210408627986908,-1.5365236061107412,-2.0756584955661586,5,5.871213436126709,1.0,0.5955389346691321,0,0,27.0,1.0,1.0,0.9498002889745354,0.8773579299449921,1.34669741243124,0.1839631050825119,0.25,0.0,0.01342262327671051,1.0,0.0,0.0,0.9783097505569458,1.0,0.9786596730948864,0.9786596730948864,1.0,0.9786596730948864,0.021340326905113654,0.04268065381022728,0.9359790192846591,210.7111811836371,0.004682470692969714,1.6492325728236223,-0.0822234619644929,421.67782581844904,0.25099855512732283,0.07827377319335938,1.0,heuristic_fallback
20260514_035650,232,487,38.96,e2,Eval-Transferred-OSD+Fuzzy+OP-CBRS-e2,proxy,-6.19849967956543,-2.210474729537964,9.14493179321289,13.33742904663086,3.9211585521698,-0.4514257311820984,-1.5365236266523725,-2.088148671280968,5,5.792929172515869,1.0,0.6184145828368677,0,0,26.0,1.0,1.0,0.9498002889745354,0.8787729442119598,1.3484661802649498,0.18184058368206024,0.25,0.0,0.048480045050382614,1.0,0.0,0.0,0.9784315824508667,1.0,0.9787885984421303,0.9787885984421303,1.0,0.9787885984421303,0.021211401557869748,0.04242280311573947,0.9363657953263909,210.71335698728262,0.004682519044161836,1.6232932600601102,-0.056036025133489216,421.67782581844904,0.25099855512732283,0.07828426361083984,1.0,heuristic_fallback
20260514_035650,232,488,39.04,e2,Eval-Transferred-OSD+Fuzzy+OP-CBRS-e2,proxy,-6.195816993713379,-2.288722515106201,9.145259857177734,13.290627479553223,3.848346471786499,-0.464394748210907,-1.5365236504110424,-2.0903863883439917,5,5.714635372161865,1.0,0.5843663282088533,0,0,26.0,1.0,1.0,0.9498002889745354,0.8802050848801931,1.3502563561002414,0.1796923726797104,0.25,0.0,0.03161708638072014,1.0,0.0,0.0,0.97855544090271,1.0,0.9789191642442687,0.9789191642442687,1.0,0.9789191642442687,0.021080835755731272,0.042161671511462516,0.9367574927328062,210.71601521360753,0.0046825781158579445,1.6362985142294153,-0.09196147341111365,421.67782581844904,0.25099855512732283,0.0782938003540039,1.0,heuristic_fallback
20260514_035650,232,489,39.12,e2,Eval-Transferred-OSD+Fuzzy+OP-CBRS-e2,proxy,-6.19313383102417,-2.36698055267334,9.1455659866333,13.250404357910156,3.773862838745117,-0.473307341337204,-1.5365236657466341,-2.0907499453840233,5,5.636331081390381,1.0,0.5912991566150174,0,0,25.0,1.0,1.0,0.9498002889745354,0.8816511929035187,1.3520639911293983,0.17752321064472198,0.25,0.0,0.024165263399481773,1.0,0.0,0.0,0.978681206703186,1.0,0.9790510851920721,0.9790510851920721,1.0,0.9790510851920721,0.02094891480792787,0.041897829615855774,0.9371532555762163,210.7191218566627,0.004682647152370282,1.6422489084711756,-0.08597089019280818,421.67782581844904,0.25099855512732283,0.07830429077148438,1.0,heuristic_fallback
20260514_035650,232,490,39.2,e2,Eval-Transferred-OSD+Fuzzy+OP-CBRS-e2,proxy,-6.190450191497803,-2.445249080657959,9.145853042602539,13.196063995361328,3.70527982711792,-0.46616074442863464,-1.5365236782772895,-2.080834555388643,5,5.558016300201416,1.0,0.5983767867154755,0,0,23.0,1.0,1.0,0.9498002889745354,0.8831131557623545,1.353891444702943,0.1753302663564682,0.25,0.0,0.027262989431619644,1.0,0.0,0.0,0.9788088202476501,1.0,0.9791845360914309,0.9791845360914309,1.0,0.9791845360914309,0.020815463908569136,0.041630927817138313,0.9375536082742926,210.72265570208594,0.004682725682268576,1.6402911046617812,-0.07878213586242236,421.67782581844904,0.25099855512732283,0.07831478118896484,1.0,heuristic_fallback
20260514_035650,232,491,39.28,e2,Eval-Transferred-OSD+Fuzzy+OP-CBRS-e2,proxy,-6.187766075134277,-2.5235280990600586,9.14612102508545,13.16279125213623,3.6556687355041504,-0.45766931772232056,-1.5365236926876722,-2.0756877104256586,5,5.479691028594971,1.0,0.5876379658102658,0,0,21.0,1.0,1.0,0.9498002889745354,0.884587158759435,1.3557339484492938,0.17311926186084747,0.25,0.0,0.012664806097745895,1.0,0.0,0.0,0.9789381623268127,1.0,0.9793191712130939,0.9793191712130939,1.0,0.9793191712130939,0.020680828786906028,0.04136165757381209,0.9379575136392818,210.7265854799299,0.004682813010665109,1.6516082429114565,-0.09118062748812956,421.67782581844904,0.25099855512732283,0.07832527160644531,1.0,heuristic_fallback
20260514_035650,232,492,39.36,e2,Eval-Transferred-OSD+Fuzzy+OP-CBRS-e2,proxy,-6.185081958770752,-2.6018178462982178,9.146371841430664,13.101261138916016,3.5588784217834473,-0.41642269492149353,-1.5365237129215616,-2.080055254199498,5,5.401355266571045,1.0,0.602382912844499,0,0,20.0,1.0,1.0,0.9498002889745354,0.8860744933287302,1.3575931166609128,0.1708882600069046,0.25,0.0,0.020500432699918747,1.0,0.0,0.0,0.979069173336029,1.0,0.9794551108078653,0.9794551108078653,1.0,0.9794551108078653,0.020544889192134742,0.04108977838426944,0.9383653324235959,210.7308917612446,0.004682908705805436,1.6461033566021508,-0.0758533033380111,421.67782581844904,0.25099855512732283,0.07833576202392578,1.0,heuristic_fallback
20260514_035650,232,493,39.44,e2,Eval-Transferred-OSD+Fuzzy+OP-CBRS-e2,proxy,-6.182397365570068,-2.6801183223724365,9.1466064453125,13.100991249084473,3.504568338394165,-0.4572563171386719,-1.5365237244515741,-2.0972939213267368,5,5.323008060455322,1.0,0.609936402726365,0,0,18.0,1.0,1.0,0.9498002889745354,0.8875732322533926,1.3594665403167407,0.1686401516199112,0.25,0.0,0.04104924947023392,1.0,0.0,0.0,0.9792016744613647,1.0,0.979592180989995,0.979592180989995,1.0,0.979592180989995,0.02040781901000504,0.04081563802001003,0.9387765429699849,210.7355448369749,0.004683012107488331,1.6310664287555798,-0.06645202613056417,421.67782581844904,0.25099855512732283,0.07834720611572266,1.0,heuristic_fallback
20260514_035650,232,494,39.52,e2,Eval-Transferred-OSD+Fuzzy+OP-CBRS-e2,proxy,-6.179712295532227,-2.758429765701294,9.146825790405273,13.065505981445312,3.4555108547210693,-0.4442701041698456,-1.5365237331557617,-2.066508533134963,5,5.2446513175964355,1.0,0.5865784159848425,0,0,17.0,1.0,1.0,0.9498002889745354,0.8890833854675293,1.3613542318344116,0.16637492179870605,0.25,0.0,0.02526671811938286,1.0,0.0,0.0,0.9793355464935303,1.0,0.9797303847781315,0.9797303847781315,1.0,0.9797303847781315,0.020269615221868455,0.04053923044373691,0.9391911543343946,210.74052093696264,0.004683122687488059,1.6432808655722524,-0.09158696504440578,421.67782581844904,0.25099855512732283,0.07835674285888672,1.0,heuristic_fallback
20260514_035650,232,495,39.6,e2,Eval-Transferred-OSD+Fuzzy+OP-CBRS-e2,proxy,-6.177026748657227,-2.836751937866211,9.1470308303833,12.99548625946045,3.3591954708099365,-0.43368664383888245,-1.5365237439470478,-2.0908157194799193,5,5.166282653808594,1.0,0.604386970593116,0,0,17.0,1.0,1.0,0.9498002889745354,0.8906030654907227,1.3632538318634033,0.16409540176391602,0.25,0.0,0.036765437573194504,1.0,0.0,0.0,0.9794707298278809,1.0,0.9798695513975739,0.9798695513975739,1.0,0.9798695513975739,0.02013044860242605,0.04026089720485213,0.9396086541927218,210.7458014989461,0.004683240033309914,1.635036745987692,-0.07284011113784587,421.67782581844904,0.25099855512732283,0.0783686637878418,1.0,heuristic_fallback
20260514_035650,232,496,39.68,e2,Eval-Transferred-OSD+Fuzzy+OP-CBRS-e2,proxy,-6.174341201782227,-2.9150853157043457,9.147222518920898,12.999063491821289,3.274050235748291,-0.4313581883907318,-1.5365237597340242,-2.0710792484871754,5,5.0879034996032715,1.0,0.5869293867711753,0,0,16.0,1.0,1.0,0.9498002889745354,0.892133504152298,1.3651668801903725,0.16179974377155304,0.25,0.0,0.02047330141067505,1.0,0.0,0.0,0.9796072244644165,1.0,0.9800097955732137,0.9800097955732137,1.0,0.9800097955732137,0.019990204426786257,0.03998040885357251,0.9400293867196412,210.75137266395586,0.004683363836976797,1.6476384577749754,-0.09213240452959823,421.67782581844904,0.25099855512732283,0.07837915420532227,1.0,heuristic_fallback
20260514_035650,232,497,39.76,e2,Eval-Transferred-OSD+Fuzzy+OP-CBRS-e2,proxy,-6.171655178070068,-2.993429660797119,9.147401809692383,12.924546241760254,3.2229723930358887,-0.43345120549201965,-1.53652376527969,-2.0861697773811096,5,5.009512901306152,1.0,0.6162319345616699,0,0,16.0,1.0,1.0,0.9498002889745354,0.8936722377936045,1.3670902972420056,0.1594916433095932,0.25,0.0,0.049895331263542175,1.0,0.0,0.0,0.9797447919845581,1.0,0.9801508933655768,0.9801508933655768,1.0,0.9801508933655768,0.019849106634423165,0.039698213268846344,0.9404526800967304,210.75720625646545,0.004683493472365899,1.6259566187956518,-0.06009874757693201,421.67782581844904,0.25099855512732283,0.07839059829711914,1.0,heuristic_fallback
20260514_035650,232,498,39.84,e2,Eval-Transferred-OSD+Fuzzy+OP-CBRS-e2,proxy,-6.168968677520752,-3.0717852115631104,9.14756965637207,12.91408634185791,3.159733295440674,-0.442375123500824,-1.536523766309777,-2.084437410405919,5,4.9311113357543945,1.0,0.5785200994219463,0,0,15.0,1.0,1.0,0.9498002889745354,0.8952198227246603,1.3690247784058254,0.15717026591300964,0.25,0.0,0.020223282277584076,1.0,0.0,0.0,0.9798834919929504,1.0,0.9802928974482735,0.9802928974482735,1.0,0.9802928974482735,0.019707102551726377,0.039414205103452754,0.9408786923448208,210.76329320588695,0.004683628737908598,1.6485975517678841,-0.10098738238155033,421.67782581844904,0.25099855512732283,0.07840156555175781,1.0,heuristic_fallback
20260514_035650,232,499,39.92,e2,Eval-Transferred-OSD+Fuzzy+OP-CBRS-e2,proxy,-6.166281700134277,-3.1501522064208984,9.147727012634277,12.843768119812012,3.087672472000122,-0.4115460515022278,-1.536523767605089,-2.0743591296246553,5,4.852697849273682,1.0,0.6060979139978504,0,0,15.0,1.0,1.0,0.9498002889745354,0.8967750171820322,1.3709687714775403,0.1548374742269516,0.25,0.0,0.032738931477069855,1.0,0.0,0.0,0.9800233244895935,1.0,0.9804356954889396,0.9804356954889396,1.0,0.9804356954889396,0.01956430451106047,0.03912860902212089,0.9413070864668187,210.76962099047898,0.004683769355343977,1.639599613482613,-0.07237312697621025,421.67782581844904,0.25099855512732283,0.07841348648071289,1.0,heuristic_fallback
20260514_035650,232,500,40.0,e2,Eval-Transferred-OSD+Fuzzy+OP-CBRS-e2,proxy,-6.1635942459106445,-3.2285304069519043,9.147873878479004,12.81694221496582,3.0168938636779785,-0.4613945484161377,-1.536523771878337,-2.086637144962057,5,4.774273872375488,1.0,0.6028586561213274,0,0,14.0,1.0,1.0,0.9498002889745354,0.8983378410339355,1.3729223012924194,0.15249323844909668,0.25,0.0,0.0409991480410099,1.0,0.0,0.0,0.9801640510559082,1.0,0.9805792908197473,0.9805792908197473,1.0,0.9805792908197473,0.019420709180252748,0.03884141836050545,0.9417378724592418,210.77616230864805,0.004683914717969957,1.6337951570226337,-0.07499509766893203,421.67782581844904,0.25099855512732283,0.07842397689819336,1.0,heuristic_fallback
20260514_035650,232,501,40.08,e2,Eval-Transferred-OSD+Fuzzy+OP-CBRS-e2,proxy,-6.160906791687012,-3.306920051574707,9.148011207580566,12.768211364746094,2.9246723651885986,-0.44240832328796387,-1.5365237827883487,-2.081934491471013,5,4.69583797454834,1.0,0.5826418669339282,0,0,14.0,1.0,1.0,0.9498002889745354,0.8999075790246328,1.374884473780791,0.15013863146305084,0.25,0.0,0.016343776136636734,1.0,0.0,0.0,0.9803057312965393,1.0,0.9807236191743514,0.9807236191743514,1.0,0.9807236191743514,0.01927638082564859,0.03855276165129718,0.9421708575230542,210.78291276014727,0.004684064728003272,1.6526791204485878,-0.09789400249061368,421.67782581844904,0.25099855512732283,0.07843589782714844,1.0,heuristic_fallback
20260514_035650,232,502,40.16,e2,Eval-Transferred-OSD+Fuzzy+OP-CBRS-e2,proxy,-6.158218860626221,-3.3853211402893066,9.148139953613281,12.732181549072266,2.8672373294830322,-0.4618810713291168,-1.536523782916387,-2.080121954281867,5,4.617391109466553,1.0,0.609295185529016,0,0,14.0,1.0,1.0,0.9498002889745354,0.9014837741851807,1.3768547177314758,0.147774338722229,0.25,0.0,0.03269149735569954,1.0,0.0,0.0,0.9804482460021973,1.0,0.980868639888998,0.980868639888998,1.0,0.980868639888998,0.01913136011100209,0.03826272022200414,0.9426059196669938,210.78985541075963,0.004684219009127992,1.6408123783244277,-0.06981836756286773,421.67782581844904,0.25099855512732283,0.07844686508178711,1.0,heuristic_fallback
20260514_035650,232,503,40.24,e2,Eval-Transferred-OSD+Fuzzy+OP-CBRS-e2,proxy,-6.1555304527282715,-3.4637339115142822,9.148260116577148,12.677952766418457,2.8297221660614014,-0.42222586274147034,-1.5365237776653384,-2.0816774325816496,5,4.5389323234558105,1.0,0.5925627334808838,0,0,14.0,1.0,1.0,0.9498002889745354,0.9030662278334299,1.3788327847917874,0.14540065824985504,0.25,0.0,0.023088064044713974,1.0,0.0,0.0,0.9805914759635925,1.0,0.9810143359816583,0.9810143359816583,1.0,0.9810143359816583,0.01898566401834175,0.037971328036683516,0.9430430079449748,210.79697246711214,0.004684377165935826,1.6484105667197293,-0.0877290129516986,421.67782581844904,0.25099855512732283,0.07845878601074219,1.0,heuristic_fallback
20260514_035650,232,504,40.32,e2,Eval-Transferred-OSD+Fuzzy+OP-CBRS-e2,proxy,-6.152841567993164,-3.5421581268310547,9.148372650146484,12.661906242370605,2.7523443698883057,-0.4749046564102173,-1.536523771549649,-2.09249035666487,5,4.460461616516113,1.0,0.6054898309749452,0,0,14.0,1.0,1.0,0.9498002889745354,0.9046544333299001,1.3808180416623752,0.14301835000514984,0.25,0.0,0.033340781927108765,1.0,0.0,0.0,0.9807355403900146,1.0,0.9811606620447713,0.9811606620447713,1.0,0.9811606620447713,0.018839337955228734,0.03767867591045742,0.9434819861343138,210.80426460842318,0.004684539213520514,1.6411180796820506,-0.07399506886382018,421.67782581844904,0.25099855512732283,0.07847070693969727,1.0,heuristic_fallback
20260514_035650,232,505,40.4,e2,Eval-Transferred-OSD+Fuzzy+OP-CBRS-e2,proxy,-6.150152206420898,-3.620594024658203,9.148477554321289,12.619997024536133,2.6624703407287598,-0.46877145767211914,-1.5365237676635348,-2.083605831166063,5,4.381979465484619,1.0,0.5941642371141398,0,0,13.0,1.0,1.0,0.9498002889745354,0.9062483310699463,1.3828104138374329,0.14062750339508057,0.25,0.0,0.025805478915572166,1.0,0.0,0.0,0.9808803200721741,1.0,0.9813076137782778,0.9813076137782778,1.0,0.9813076137782778,0.01869238622172229,0.03738477244344458,0.9439228413348332,210.81171578070473,0.004684704795126772,1.6471680313757147,-0.08629080325876837,421.67782581844904,0.25099855512732283,0.07848215103149414,1.0,heuristic_fallback
20260514_035650,232,506,40.48,e2,Eval-Transferred-OSD+Fuzzy+OP-CBRS-e2,proxy,-6.147462368011475,-3.6990416049957275,9.148575782775879,12.599934577941895,2.592184066772461,-0.45013970136642456,-1.5365237693827114,-2.082993384805408,5,4.303486347198486,1.0,0.6006658654891417,0,0,13.0,1.0,1.0,0.9498002889745354,0.9078466594219208,1.384808324277401,0.13823001086711884,0.25,0.0,0.02784637175500393,1.0,0.0,0.0,0.9810258150100708,1.0,0.9814550759355033,0.9814550759355033,1.0,0.9814550759355033,0.018544924064496635,0.03708984812899329,0.94436522780651,210.8193203376727,0.004684873785281616,1.6460369438341345,-0.07979975470821413,421.67782581844904,0.25099855512732283,0.07849311828613281,1.0,heuristic_fallback
20260514_035650,232,507,40.56,e2,Eval-Transferred-OSD+Fuzzy+OP-CBRS-e2,proxy,-6.144772529602051,-3.777500867843628,9.14866828918457,12.573943138122559,2.4874420166015625,-0.4717543125152588,-1.5365237796298878,-2.091796421527342,5,4.224980354309082,1.0,0.6037092900658898,0,0,13.0,1.0,1.0,0.9498002889745354,0.9094506998856863,1.3868133748571079,0.13582395017147064,0.25,0.0,0.034735240042209625,1.0,0.0,0.0,0.9811719655990601,1.0,0.9816031678265533,0.9816031678265533,1.0,0.9816031678265533,0.018396832173446582,0.036793664346893136,0.9448095034796602,210.8270667277361,0.004685045927283024,1.6412713027346715,-0.07629222036547932,421.67782581844904,0.25099855512732283,0.0785059928894043,1.0,heuristic_fallback
20260514_035650,232,508,40.64,e2,Eval-Transferred-OSD+Fuzzy+OP-CBRS-e2,proxy,-6.142082214355469,-3.8559720516204834,9.148754119873047,12.48293685913086,2.4515392780303955,-0.44895341992378235,-1.5365237773553078,-2.0822106786182157,5,4.146462917327881,1.0,0.6234369674537048,0,0,13.0,1.0,1.0,0.9498002889745354,0.9110579093297323,1.3888223866621654,0.1334131360054016,0.25,0.0,0.07361922413110733,1.0,0.0,0.0,0.9813187718391418,1.0,0.981751655620555,0.981751655620555,1.0,0.981751655620555,0.018248344379444992,0.036496688758889936,0.945254966861665,210.83494571986296,0.0046852210159969545,1.6125101170290097,-0.05289408597216344,421.67782581844904,0.25099855512732283,0.07851743698120117,1.0,heuristic_fallback
20260514_035650,232,509,40.72,e2,Eval-Transferred-OSD+Fuzzy+OP-CBRS-e2,proxy,-6.1393914222717285,-3.934454917907715,9.148834228515625,12.498954772949219,2.4148240089416504,-0.45533519983291626,-1.5365237686053639,-2.0885168780160543,5,4.067934036254883,1.0,0.5707639892080927,0,0,12.0,1.0,1.0,0.9498002889745354,0.9126702050367991,1.3908377562959988,0.13099469244480133,0.25,0.0,0.029572073370218277,1.0,0.0,0.0,0.9814661145210266,1.0,0.981900717358482,0.981900717358482,1.0,0.981900717358482,0.018099282641518093,0.03619856528303622,0.9457021520754457,210.84294782240715,0.004685398840497937,1.6459485540264434,-0.11019022932355571,421.67782581844904,0.25099855512732283,0.07852888107299805,1.0,heuristic_fallback
20260514_035650,232,510,40.8,e2,Eval-Transferred-OSD+Fuzzy+OP-CBRS-e2,proxy,-6.13670015335083,-4.0129499435424805,9.148909568786621,12.42544174194336,2.3175461292266846,-0.4382854104042053,-1.5365237584492981,-2.0799926530701187,5,3.9893929958343506,1.0,0.6077514536756745,0,0,12.0,1.0,1.0,0.9498002889745354,0.9142869710922241,1.3928587138652802,0.12856954336166382,0.25,0.0,0.042229119688272476,1.0,0.0,0.0,0.9816141128540039,1.0,0.9820502971332057,0.9820502971332057,1.0,0.9820502971332057,0.01794970286679421,0.03589940573358846,0.9461508913996173,210.8510751228605,0.004685579447174678,1.6368599608017589,-0.0721595335673818,421.67782581844904,0.25099855512732283,0.07854104042053223,1.0,heuristic_fallback
20260514_035650,232,511,40.88,e2,Eval-Transferred-OSD+Fuzzy+OP-CBRS-e2,proxy,-6.134008407592773,-4.091456890106201,9.148980140686035,12.387528419494629,2.278388738632202,-0.4599282443523407,-1.5365237495816557,-2.09435661595103,5,3.9108400344848633,1.0,0.5906959289366395,0,0,12.0,1.0,1.0,0.9498002889745354,0.9159068465232849,1.3948835581541061,0.12613973021507263,0.25,0.0,0.02789493463933468,1.0,0.0,0.0,0.9817625284194946,1.0,0.9822002698785002,0.9822002698785002,1.0,0.9822002698785002,0.017799730121499678,0.03559946024299938,0.9466008096355009,210.85930499514188,0.004685762333225376,1.6480155684462274,-0.09087006899919216,421.67782581844904,0.25099855512732283,0.0785529613494873,1.0,heuristic_fallback
20260514_035650,232,512,40.96,e2,Eval-Transferred-OSD+Fuzzy+OP-CBRS-e2,proxy,-6.131316184997559,-4.169975757598877,9.149045944213867,12.364640235900879,2.214320182800293,-0.44353190064430237,-1.5365237451334592,-2.0906252738537363,5,3.832274913787842,1.0,0.5914835409485395,0,0,12.0,1.0,1.0,0.9498002889745354,0.9175299306710561,1.3969124133388202,0.12370510399341583,0.25,0.0,0.012979097664356232,1.0,0.0,0.0,0.9819114804267883,1.0,0.9823506455198612,0.9823506455198612,1.0,0.9823506455198612,0.017649354480138837,0.035298708960277626,0.9470519365595835,210.86763988719497,0.004685947553048777,1.659608217214404,-0.0917971458372379,421.67782581844904,0.25099855512732283,0.07856512069702148,1.0,heuristic_fallback
20260514_035650,232,513,41.04,e2,Eval-Transferred-OSD+Fuzzy+OP-CBRS-e2,proxy,-6.1286234855651855,-4.248506546020508,9.149107933044434,12.314348220825195,2.112903356552124,-0.45386987924575806,-1.536523747830142,-2.0811459320618444,5,3.7536978721618652,1.0,0.6099975940545961,0,0,11.0,1.0,1.0,0.9498002889745354,0.9191561639308929,1.3989452049136162,0.12126575410366058,0.25,0.0,0.026568220928311348,1.0,0.0,0.0,0.9820608496665955,1.0,0.9825014192697992,0.9825014192697992,1.0,0.9825014192697992,0.017498580730200747,0.034997161460401494,0.9475042578093977,210.87606898269053,0.004686134866282011,1.649822933081397,-0.07214640837554491,421.67782581844904,0.25099855512732283,0.07857704162597656,1.0,heuristic_fallback
20260514_035650,232,514,41.12,e2,Eval-Transferred-OSD+Fuzzy+OP-CBRS-e2,proxy,-6.1259307861328125,-4.327049255371094,9.149165153503418,12.244278907775879,2.0423905849456787,-0.44070982933044434,-1.536523760088531,-2.0902272733371894,5,3.6751091480255127,1.0,0.6009390201916434,0,0,11.0,1.0,1.0,0.9498002889745354,0.9207856009403864,1.400982001175483,0.11882159858942032,0.25,0.0,0.02649601921439171,1.0,0.0,0.0,0.9822107553482056,1.0,0.98265259693094,0.98265259693094,1.0,0.98265259693094,0.017347403069059998,0.03469480613812004,0.9479577907928199,210.88459349979212,0.0046863242999953805,1.6502844436192101,-0.0814335586627189,421.67782581844904,0.25099855512732283,0.07858872413635254,1.0,heuristic_fallback
20260514_035650,232,515,41.2,e2,Eval-Transferred-OSD+Fuzzy+OP-CBRS-e2,proxy,-6.123237609863281,-4.405603885650635,9.149219512939453,12.256325721740723,1.9832040071487427,-0.47002872824668884,-1.5365237586810738,-2.0815914369948003,5,3.596508264541626,1.0,0.6055049708952629,0,0,11.0,1.0,1.0,0.9498002889745354,0.9224188526471456,1.403023565808932,0.11637172102928162,0.25,0.0,0.033545397222042084,1.0,0.0,0.0,0.9823610782623291,1.0,0.9828042359918527,0.9828042359918527,1.0,0.9828042359918527,0.017195764008147263,0.03439152801629448,0.9484127079755582,210.8932058941591,0.004686515686536869,1.645405723040162,-0.0763867920666811,421.67782581844904,0.25099855512732283,0.07860088348388672,1.0,heuristic_fallback
20260514_035650,232,516,41.28,e2,Eval-Transferred-OSD+Fuzzy+OP-CBRS-e2,proxy,-6.120543956756592,-4.484170913696289,9.149270057678223,12.188821792602539,1.9421385526657104,-0.4569392502307892,-1.5365237495039736,-2.078237940066829,5,3.517895221710205,1.0,0.6051543035391947,0,0,11.0,1.0,1.0,0.9498002889745354,0.9240539719661077,1.4050674649576347,0.11391904205083847,0.25,0.0,0.04042885825037956,1.0,0.0,0.0,0.9825118780136108,1.0,0.9829561563517749,0.9829561563517749,1.0,0.9829561563517749,0.017043843648225202,0.034087687296450425,0.9488684690553245,210.90190171155382,0.004686708926923419,1.6406519070986494,-0.07627342198948259,421.67782581844904,0.25099855512732283,0.0786130428314209,1.0,heuristic_fallback
20260514_035650,232,517,41.36,e2,Eval-Transferred-OSD+Fuzzy+OP-CBRS-e2,proxy,-6.117849826812744,-4.562749862670898,9.149316787719727,12.15735912322998,1.843316912651062,-0.4583616852760315,-1.536523736603032,-2.0866057041774897,5,3.439269781112671,1.0,0.5842102412845125,0,0,11.0,1.0,1.0,0.9498002889745354,0.9256916642189026,1.4071145802736282,0.11146250367164612,0.25,0.0,0.01291933748871088,1.0,0.0,0.0,0.9826629757881165,1.0,0.9831084240981088,0.9831084240981088,1.0,0.9831084240981088,0.016891575901891127,0.03378315180378225,0.9493252722943266,210.9106683863257,0.00468690374191835,1.6616934707330997,-0.10019419437617764,421.67782581844904,0.25099855512732283,0.07862544059753418,1.0,heuristic_fallback
20260514_035650,232,518,41.44,e2,Eval-Transferred-OSD+Fuzzy+OP-CBRS-e2,proxy,-6.115155220031738,-4.641341209411621,9.149360656738281,12.13298225402832,1.7617499828338623,-0.4430796504020691,-1.5365237243351755,-2.094108876575777,5,3.3606324195861816,1.0,0.6090059375033671,0,0,10.0,1.0,1.0,0.9498002889745354,0.9273318896691004,1.4091648620863755,0.10900216549634933,0.25,0.0,0.02324484847486019,1.0,0.0,0.0,0.9828145503997803,1.0,0.9832610361595141,0.9832610361595141,1.0,0.9832610361595141,0.016738963840485843,0.03347792768097166,0.9497831084785424,210.91951629129653,0.004687100362028812,1.6543593938560373,-0.07458957424850328,421.67782581844904,0.25099855512732283,0.07863736152648926,1.0,heuristic_fallback
20260514_035650,232,519,41.52,e2,Eval-Transferred-OSD+Fuzzy+OP-CBRS-e2,proxy,-6.112460136413574,-4.719944477081299,9.149401664733887,12.080073356628418,1.7143583297729492,-0.43987128138542175,-1.536523715504983,-2.0774427317299207,5,3.281982898712158,1.0,0.6134632378642632,0,0,10.0,1.0,1.0,0.9498002889745354,0.9289746433496475,1.4112183041870594,0.10653803497552872,0.25,0.0,0.04151380434632301,1.0,0.0,0.0,0.9829663634300232,1.0,0.9834139926946598,0.9834139926946598,1.0,0.9834139926946598,0.016586007305340055,0.03317201461068013,0.9502419780839797,210.92842577484055,0.004687298350552012,1.6410683653725768,-0.06853045040618658,421.67782581844904,0.25099855512732283,0.07864952087402344,1.0,heuristic_fallback
20260514_035650,232,520,41.6,e2,Eval-Transferred-OSD+Fuzzy+OP-CBRS-e2,proxy,-6.109764575958252,-4.79856014251709,9.14944076538086,12.032971382141113,1.6557222604751587,-0.44352906942367554,-1.5365237135536434,-2.089190014154961,5,3.2033209800720215,1.0,0.5876598065046703,0,0,10.0,1.0,1.0,0.9498002889745354,0.930619940161705,1.4132749252021313,0.10407008975744247,0.25,0.0,0.01892106793820858,1.0,0.0,0.0,0.9831186532974243,1.0,0.9835672957148337,0.9835672957148337,1.0,0.9835672957148337,0.01643270428516641,0.03286540857033278,0.9507018871445009,210.9374087637084,0.004687497972526854,1.658424241881677,-0.09681967391836303,421.67782581844904,0.25099855512732283,0.07866191864013672,1.0,heuristic_fallback
20260514_035650,232,521,41.68,e2,Eval-Transferred-OSD+Fuzzy+OP-CBRS-e2,proxy,-6.1070685386657715,-4.877187728881836,9.149477005004883,12.014184951782227,1.5782561302185059,-0.41784748435020447,-1.5365237205512883,-2.0949091732772303,5,3.124647378921509,1.0,0.5960360483788989,0,0,10.0,1.0,1.0,0.9498002889745354,0.9322664638360342,1.4153330797950427,0.10160030424594879,0.25,0.0,0.007557965815067291,1.0,0.0,0.0,0.9832711815834045,1.0,0.9837208230700204,0.9837208230700204,1.0,0.9837208230700204,0.016279176929979492,0.032558353859958956,0.9511624692100614,210.94644415057166,0.004687698758901593,1.6673581993926152,-0.08980280717576125,421.67782581844904,0.25099855512732283,0.0786736011505127,1.0,heuristic_fallback
20260514_035650,232,522,41.76,e2,Eval-Transferred-OSD+Fuzzy+OP-CBRS-e2,proxy,-6.104372501373291,-4.955827713012695,9.149510383605957,11.954012870788574,1.4906949996948242,-0.4306779205799103,-1.5365237394454858,-2.089227123608772,5,3.0459611415863037,1.0,0.6245191362859812,0,0,10.0,1.0,1.0,0.9498002889745354,0.9339149445295334,1.4173936806619167,0.09912758320569992,0.25,0.0,0.040921736508607864,1.0,0.0,0.0,0.983424186706543,1.0,0.9838746432804767,0.9838746432804767,1.0,0.9838746432804767,0.016125356719523254,0.03225071343904651,0.9516239298414302,210.95554699437344,0.00468790104431941,1.6427474915458347,-0.058211371192136756,421.67782581844904,0.25099855512732283,0.07868623733520508,1.0,heuristic_fallback
20260514_035650,232,523,41.84,e2,Eval-Transferred-OSD+Fuzzy+OP-CBRS-e2,proxy,-6.101745128631592,-5.0324602127075195,9.149541854858398,11.959676742553711,1.4380946159362793,-0.48198938369750977,-1.5365237412538972,-2.0797917702625615,5,2.9692835807800293,1.0,0.6831194919621564,0,0,9.0,0.8,1.0,0.9498002889745354,0.935565302769343,1.4194566284616787,0.09665204584598541,0.23500000000000001,0.0,0.03589484840631485,1.0,0.0,0.0,0.9835773706436157,1.0,0.9097267486975371,0.9097267486975371,1.0,0.9097267486975371,0.09027325130246307,0.18054650260492608,0.729180246092611,210.96469858134924,0.004688104412918872,1.5269302471825068,0.03357629636847575,421.67782581844904,0.25099855512732283,0.07667756080627441,1.0,heuristic_fallback
20260514_035650,232,524,41.92,e2,Eval-Transferred-OSD+Fuzzy+OP-CBRS-e2,proxy,-6.099163055419922,-5.1077704429626465,9.149571418762207,11.89863395690918,1.3801640272140503,-0.44292184710502625,-1.5365237394487117,-2.0739720326313367,5,2.8939290046691895,1.0,0.5822321178635236,0,0,9.0,0.8,1.0,0.9498002889745354,0.9371748765309652,1.4214685956637065,0.09423768520355225,0.23500000000000001,0.0,0.05658790469169617,1.0,0.0,0.0,0.9584682583808899,1.0,0.9098355206993585,0.9098355206993585,1.0,0.9098355206993585,0.09016447930064156,0.18032895860128312,0.7295065620980753,209.40382273948956,0.004653418283099768,1.5118128484088762,-0.060612045428275856,421.67782581844904,0.25099855512732283,0.07535457611083984,1.0,heuristic_fallback
20260514_035650,232,525,42.0,e2,Eval-Transferred-OSD+Fuzzy+OP-CBRS-e2,proxy,-6.096664905548096,-5.180638790130615,9.149599075317383,11.882203102111816,1.2803245782852173,-0.46804869174957275,-1.5365237369920062,-2.0822461437919806,5,2.8210179805755615,1.0,0.630410429918559,0,0,8.0,0.6,1.0,0.9498002889745354,0.9387575636307398,1.4234469545384247,0.09186365455389023,0.22,0.0,0.02320098504424095,1.0,0.0,0.0,0.9419331550598145,1.0,0.852102184473706,0.852102184473706,1.0,0.852102184473706,0.1478978155262938,0.2957956310525876,0.5563065534211185,208.39784679428703,0.004631063262095268,1.4172487099194113,0.01895493194162776,421.67782581844904,0.25099855512732283,0.07291102409362793,1.0,heuristic_fallback
20260514_035650,232,526,42.08,e2,Eval-Transferred-OSD+Fuzzy+OP-CBRS-e2,proxy,-6.094221591949463,-5.251897811889648,9.149624824523926,11.803693771362305,1.2470523118972778,-0.5085852742195129,-1.5365237200103612,-2.0869426266932374,5,2.7497169971466064,1.0,0.5597554601280004,0,0,8.0,0.6,1.0,0.9498002889745354,0.940289298693339,1.4253616233666737,0.08956605195999146,0.22,0.0,0.06239066645503044,1.0,0.0,0.0,0.9113906621932983,1.0,0.8521792595680494,0.8521792595680494,1.0,0.8521792595680494,0.14782074043195076,0.29564148086390146,0.5565377787041479,206.58608085483547,0.004590801796774122,1.388239382626969,-0.0416547505411356,421.67782581844904,0.25099855512732283,0.07130098342895508,1.0,heuristic_fallback
20260514_035650,232,527,42.16,e2,Eval-Transferred-OSD+Fuzzy+OP-CBRS-e2,proxy,-6.091814994812012,-5.322096347808838,9.149648666381836,11.789602279663086,1.182024598121643,-0.47926774621009827,-1.5365237148716526,-2.08892878463783,5,2.6794772148132324,1.0,0.5278391427156427,0,0,8.0,0.6,1.0,0.9498002889745354,0.9417878538370132,1.4272348172962666,0.08731821924448013,0.22,0.0,0.060428399592638016,1.0,0.0,0.0,0.8912588357925415,1.0,0.8522547038706152,0.8522547038706152,1.0,0.8522547038706152,0.14774529612938478,0.29549059225876956,0.5567641116118457,205.42440530356225,0.004564986784523606,1.3900857215596818,-0.0702897875126224,421.67782581844904,0.25099855512732283,0.07023978233337402,1.0,heuristic_fallback
20260514_035650,232,528,42.24,e2,Eval-Transferred-OSD+Fuzzy+OP-CBRS-e2,proxy,-6.089475154876709,-5.390337944030762,9.14967155456543,11.779136657714844,1.0962339639663696,-0.45321881771087646,-1.536523693636295,-2.0749406570172395,5,2.6111955642700195,1.0,0.6018489059514426,0,0,7.0,0.4,1.0,0.9498002889745354,0.9432652940352758,1.4290816175440948,0.08510205894708633,0.20500000000000002,0.0,0.0389806292951107,1.0,0.0,0.0,0.8779975175857544,1.0,0.8060112826556134,0.8060112826556134,1.0,0.8060112826556134,0.1939887173443865,0.387977434688773,0.41803384796684045,204.67324985042114,0.0045482944411204705,1.2865409093323932,0.03393359816385526,421.67782581844904,0.25099855512732283,0.06828165054321289,1.0,heuristic_fallback
20260514_035650,232,529,42.32,e2,Eval-Transferred-OSD+Fuzzy+OP-CBRS-e2,proxy,-6.087179660797119,-5.457289695739746,9.14969253540039,11.714463233947754,1.0491834878921509,-0.4439185559749603,-1.5365236839615657,-2.1043104049037824,5,2.5442044734954834,1.0,0.5133942942347705,0,0,7.0,0.4,1.0,0.9498002889745354,0.9447019199530283,1.4308773999412854,0.08294712007045746,0.20500000000000002,0.0,0.061352405697107315,1.0,0.0,0.0,0.8535221815109253,1.0,0.8060662618471596,0.8060662618471596,1.0,0.8060662618471596,0.19393373815284048,0.38786747630568097,0.4181987855414786,203.31677597060525,0.004518150577124561,1.270121233510334,-0.04761040322337099,421.67782581844904,0.25099855512732283,0.06699109077453613,1.0,heuristic_fallback
20260514_035650,232,530,42.4,e2,Eval-Transferred-OSD+Fuzzy+OP-CBRS-e2,proxy,-6.08491325378418,-5.523391246795654,9.149712562561035,11.66080093383789,1.0163358449935913,-0.46132218837738037,-1.536523674573576,-2.0987302753664765,5,2.4780640602111816,1.0,0.4799729771382609,0,0,7.0,0.4,1.0,0.9498002889745354,0.9461123992999395,1.4326404991249244,0.08083140105009079,0.20500000000000002,0.0,0.036560364067554474,1.0,0.0,0.0,0.837387204170227,1.0,0.8061202639060104,0.8061202639060104,1.0,0.8061202639060104,0.19387973609398965,0.3877594721879793,0.41836079171803114,202.44341982097876,0.004498742662688417,1.2890678845692263,-0.08096052134734086,421.67782581844904,0.25099855512732283,0.06614041328430176,1.0,heuristic_fallback
20260514_035650,232,531,42.48,e2,Eval-Transferred-OSD+Fuzzy+OP-CBRS-e2,proxy,-6.084881782531738,-5.587977409362793,9.149730682373047,11.64826774597168,0.94647616147995,-0.4476620852947235,-1.5365236703105747,-2.1074994983843207,5,2.41351580619812,1.0,0.5742457131809687,0,0,6.0,0.2,1.0,0.9498002889745354,0.9475050071875254,1.4343812589844067,0.07874248921871185,0.19000000000000003,0.0,0.019492335617542267,1.0,0.0,0.0,0.826756477355957,1.0,0.7682513390025655,0.7682513390025655,1.0,0.7682513390025655,0.23174866099743446,0.4634973219948689,0.30475401700769655,201.87701755744638,0.0044861559457210305,1.1822170578786317,0.042191265128680405,421.67782581844904,0.25099855512732283,0.06454825401306152,1.0,heuristic_fallback
20260514_035650,232,532,42.56,e2,Eval-Transferred-OSD+Fuzzy+OP-CBRS-e2,proxy,-6.086391925811768,-5.651566505432129,9.149747848510742,11.592304229736328,0.9071517586708069,-0.4996160864830017,-1.5363464961580673,-2.0586104903670916,5,2.350022077560425,1.0,0.4740638431025691,0,0,6.0,0.2,1.0,0.9498002889745354,0.9489538222551346,1.4361922778189182,0.07656926661729813,0.19000000000000003,0.0,0.026667652651667595,1.0,0.0,0.0,0.8073254823684692,1.0,0.7682941635392254,0.7682941635392254,1.0,0.7682941635392254,0.23170583646077456,0.4634116729215491,0.3048824906176763,200.8606907313956,0.004463570905142125,1.1771977738699402,-0.05366498708340272,421.67782581844904,0.25099855512732283,0.06349372863769531,1.0,heuristic_fallback
20260514_035650,232,533,42.64,e2,Eval-Transferred-OSD+Fuzzy+OP-CBRS-e2,proxy,-6.088965892791748,-5.714500904083252,9.149764060974121,11.55325984954834,0.8487347960472107,-0.4985758662223816,-1.5358916522571984,-2.0729387366620973,5,2.2872300148010254,1.0,0.48332374372667736,0,0,6.0,0.2,1.0,0.9498002889745354,0.9503447562456131,1.4379309453070164,0.07448286563158035,0.19000000000000003,0.0,0.05211000517010689,1.0,0.0,0.0,0.7950885891914368,1.0,0.7683352934368188,0.7683352934368188,1.0,0.7683352934368188,0.2316647065631812,0.4633294131263624,0.3050058803104564,200.23296607866098,0.004449621468414689,1.1584637429787303,-0.03995097846406809,421.67782581844904,0.25099855512732283,0.06279206275939941,1.0,heuristic_fallback
20260514_035650,232,534,42.72,e2,Eval-Transferred-OSD+Fuzzy+OP-CBRS-e2,proxy,-6.092268943786621,-5.777005672454834,9.149779319763184,11.546435356140137,0.7873643040657043,-0.4331759810447693,-1.535107274933902,-2.0908095508432982,5,2.2249083518981934,1.0,0.4658791719867225,0,0,6.0,0.2,1.0,0.9498002889745354,0.9515446076790491,1.4394307595988114,0.07268308848142624,0.19000000000000003,0.0,0.053867973387241364,1.0,0.0,0.0,0.7873359322547913,1.0,0.7683707858047345,0.7683707858047345,1.0,0.7683707858047345,0.2316292141952655,0.463258428390531,0.3051123574142035,199.8401555257425,0.0044408923450165,1.1574452296742384,-0.05640851683972075,421.67782581844904,0.25099855512732283,0.06232166290283203,1.0,heuristic_fallback
20260514_035650,232,535,42.8,e2,Eval-Transferred-OSD+Fuzzy+OP-CBRS-e2,proxy,-6.09606409072876,-5.839230060577393,9.14979362487793,11.501514434814453,0.7241294384002686,-0.49320775270462036,-1.5339717018434649,-2.0971206215649327,5,2.1629042625427246,1.0,0.45223180718961214,0,0,6.0,0.2,1.0,0.9498002889745354,0.9524367600679398,1.4405459500849247,0.07134485989809036,0.19000000000000003,0.0,0.03402600809931755,1.0,0.0,0.0,0.7824013233184814,1.0,0.7683971839154584,0.7683971839154584,1.0,0.7683971839154584,0.23160281608454147,0.46320563216908295,0.30519155174637547,199.59206197127241,0.004435379154917165,1.172549741737404,-0.07193730629938473,421.67782581844904,0.25099855512732283,0.06200408935546875,1.0,heuristic_fallback
20260514_035650,232,536,42.88,e2,Eval-Transferred-OSD+Fuzzy+OP-CBRS-e2,proxy,-6.100217819213867,-5.900412559509277,9.14980697631836,11.479597091674805,0.6322948336601257,-0.46612945199012756,-1.532481241920016,-2.0653048118029638,5,2.101977825164795,1.0,0.5715743001133622,0,0,5.0,0.0,1.0,0.9498002889745354,0.9529309074083964,1.4411636342604954,0.0706036388874054,0.17500000000000002,0.0,0.05814157426357269,1.0,0.0,0.0,0.7792486548423767,1.0,0.7367858282936632,0.7367858282936632,1.0,0.7367858282936632,0.2632141717063368,0.5264283434126736,0.21035748488098954,199.43430762730907,0.00443187350282909,1.0345866039493268,0.07800423190080041,421.67782581844904,0.25099855512732283,0.06092643737792969,1.0,heuristic_fallback
20260514_035650,232,537,42.96,e2,Eval-Transferred-OSD+Fuzzy+OP-CBRS-e2,proxy,-6.1045918464660645,-5.960909843444824,9.149819374084473,11.423510551452637,0.6162721514701843,-0.4309053421020508,-1.530642592839299,-2.0609987653028745,5,2.0417709350585938,1.0,0.4565897969786291,0,0,5.0,0.0,1.0,0.9498002889745354,0.9529537757237753,1.441192219654719,0.07056933641433716,0.17500000000000002,0.0,0.0840659886598587,1.0,0.0,0.0,0.7665398120880127,1.0,0.736786356424484,0.736786356424484,1.0,0.736786356424484,0.263213643575516,0.526427287151032,0.2103590692734519,198.8054681823578,0.004417899292941284,1.0151490102309568,-0.03220042178050223,421.67782581844904,0.25099855512732283,0.06020689010620117,1.0,heuristic_fallback
20260514_035650,232,538,43.04,e2,Eval-Transferred-OSD+Fuzzy+OP-CBRS-e2,proxy,-6.109082221984863,-6.020957946777344,9.14983081817627,11.398516654968262,0.6239482760429382,-0.49346521496772766,-1.5284680233424974,-2.0592359262730575,6,1.9820460081100464,1.0,18.417041443868417,0,0,5.0,0.0,1.0,0.9498002889745354,0.9524900515874227,1.4406125644842784,0.07126492261886597,0.17500000000000002,0.0,0.051528893411159515,1.0,0.0,0.0,0.7581913471221924,1.0,0.7367756475792148,0.7367756475792148,1.0,0.7367756475792148,0.2632243524207853,0.5264487048415706,0.21032694273764416,198.39795402296477,0.00440884342273255,1.039435900633393,-0.07391510551755258,421.67782581844904,0.25099855512732283,0.05972492694854736,1.0,heuristic_fallback
20260514_035650,232,539,43.12,e2,Eval-Transferred-OSD+Fuzzy+OP-CBRS-e2,proxy,-6.095615863800049,-6.066887855529785,9.14317798614502,11.40263843536377,0.5491586327552795,-0.4669453203678131,-1.4124680233424973,-1.9540376269622286,6,6.404000759124756,1.0,0.24320120138644863,0,0,5.0,0.0,1.0,0.9498002889745354,1.0,1.5,0.0,0.17500000000000002,0.0,0.044612329453229904,1.0,0.0,0.0,0.7526945471763611,1.0,0.7378794186464052,0.7378794186464052,1.0,0.7378794186464052,0.26212058135359473,0.5242411627071895,0.21363825593921573,199.6265142706999,0.004436144761571109,1.0565008107049847,-0.06815509343922449,421.67782581844904,0.25099855512732283,0.02716350555419922,1.0,heuristic_fallback
20260514_035650,232,540,43.2,e2,Eval-Transferred-OSD+Fuzzy+OP-CBRS-e2,proxy,-6.069073677062988,-6.104067325592041,9.13225269317627,11.377193450927734,0.4841759204864502,-0.4263237714767456,-1.2964680233424972,-1.851317257527194,6,6.3669939041137695,1.0,0.19517382492719648,0,0,4.0,0.27999999999999997,1.0,0.9498002889745354,0.9734122504790624,1.466765313098828,0.0398816242814064,0.196,0.0,0.031674258410930634,1.0,0.0,0.0,0.6040428876876831,1.0,0.7834111137530124,0.7834111137530124,1.0,0.7834111137530124,0.2165888862469876,0.4331777724939752,0.35023334125903727,194.13392651100776,0.004314087255800172,1.2275574266064748,-0.19763424933454832,421.67782581844904,0.25099855512732283,0.03700685501098633,1.0,heuristic_fallback
20260514_035650,232,541,43.28,e2,Eval-Transferred-OSD+Fuzzy+OP-CBRS-e2,proxy,-6.033840179443359,-6.135688304901123,9.1187162399292,11.428800582885742,0.5136774182319641,-0.43300163745880127,-1.1804680233424971,-1.7163355797003637,6,6.32332706451416,1.0,0.38434054551954394,0,0,4.0,0.27999999999999997,1.0,0.9498002889745354,0.9545297672351202,1.4431622090439002,0.0682053491473198,0.196,0.0,0.05726754665374756,1.0,0.0,0.0,0.5871214270591736,1.0,0.7827900864977844,0.7827900864977844,1.0,0.7827900864977844,0.21720991350221566,0.4344198270044313,0.3483702594933531,194.07652345436702,0.004312811632319267,1.2036418396133766,-0.037319874536640214,421.67782581844904,0.25099855512732283,0.043666839599609375,1.0,heuristic_fallback
20260514_035650,232,542,43.36,e2,Eval-Transferred-OSD+Fuzzy+OP-CBRS-e2,proxy,-5.993960380554199,-6.163506507873535,9.103713989257812,11.434830665588379,0.43160244822502136,-0.46693384647369385,-1.064468023342497,-1.6198295210487166,6,6.276345729827881,1.0,0.517218533638034,0,0,5.0,0.0,1.0,0.9498002889745354,0.9402731408675512,1.425341426084439,0.08959028869867325,0.17500000000000002,0.0,0.06814495474100113,1.0,0.0,0.0,0.6154941916465759,1.0,0.7364939759359102,0.7364939759359102,1.0,0.7364939759359102,0.26350602406409,0.52701204812818,0.20948192780773006,195.4982358733597,0.004344405241630216,1.023919626956044,0.1150990415939825,421.67782581844904,0.25099855512732283,0.0469813346862793,1.0,heuristic_fallback
20260514_035650,232,543,43.44,e2,Eval-Transferred-OSD+Fuzzy+OP-CBRS-e2,proxy,-5.943992614746094,-6.189111709594727,9.088029861450195,11.457948684692383,0.3610028028488159,-0.5201199650764465,-0.948468023342497,-1.4939607597075182,6,6.220396041870117,1.0,0.22357812722996906,0,0,9.0,0.8,1.0,0.9498002889745354,0.9286706546942393,1.410838318367799,0.10699401795864105,0.23500000000000001,0.0,0.0348433181643486,1.0,0.0,0.0,0.6360689997673035,1.0,0.9092615760183531,0.9092615760183531,1.0,0.9092615760183531,0.09073842398164675,0.18147684796329352,0.7277847280550597,196.4756714346214,0.004366126031880476,1.5259952328452056,-0.32155304621183833,421.67782581844904,0.25099855512732283,0.05594968795776367,1.0,heuristic_fallback
20260514_035650,232,544,43.52,e2,Eval-Transferred-OSD+Fuzzy+OP-CBRS-e2,proxy,-5.885447978973389,-6.213799953460693,9.07219409942627,11.488259315490723,0.3197766840457916,-0.5296286940574646,-0.832468023342497,-1.3892732755869839,6,6.156548976898193,1.0,0.4285243036161681,0,0,17.0,1.0,1.0,0.9498002889745354,0.919900581240654,1.3998757265508175,0.12014912813901901,0.25,0.0,0.028627652674913406,1.0,0.0,0.0,0.7286965847015381,1.0,0.9825704723399524,0.9825704723399524,1.0,0.9825704723399524,0.017429527660047427,0.034859055320094874,0.9477114170198576,200.5550119626878,0.004456778043615284,1.6484644635988857,-0.17983831410002513,421.67782581844904,0.25099855512732283,0.06384706497192383,1.0,heuristic_fallback
20260514_035650,232,545,43.6,e2,Eval-Transferred-OSD+Fuzzy+OP-CBRS-e2,proxy,-5.821251392364502,-6.237850666046143,9.056559562683105,11.541658401489258,0.25167736411094666,-0.5207707285881042,-0.7270575534987874,-1.2773554464673431,6,6.087524890899658,1.0,0.5461599087807442,0,0,36.0,1.0,1.0,0.9498002889745354,0.912945439418157,1.3911817992726963,0.1305818408727646,0.25,0.0,0.015265372581779957,1.0,0.0,0.0,0.8185097575187683,1.0,0.9819261740502725,0.9819261740502725,1.0,0.9819261740502725,0.018073825949727517,0.036147651899454986,0.9457785221508175,204.95635719694394,0.004554585715487643,1.6567473882131114,-0.08872852789556926,421.67782581844904,0.25099855512732283,0.06902408599853516,1.0,heuristic_fallback
20260514_035650,232,546,43.68,e2,Eval-Transferred-OSD+Fuzzy+OP-CBRS-e2,proxy,-5.753332614898682,-6.261457920074463,9.041356086730957,11.58292293548584,0.23375000059604645,-0.5796940922737122,-0.6421666916231239,-1.1768754841333964,6,6.015116214752197,1.0,0.5865247610897688,0,0,40.0,1.0,1.0,0.9498002889745354,0.9071378707885742,1.3839223384857178,0.13929319381713867,0.25,0.0,0.039897236973047256,1.0,0.0,0.0,0.8789262175559998,1.0,0.9813896703227355,0.9813896703227355,1.0,0.9813896703227355,0.018610329677264534,0.03722065935452903,0.9441690109682065,208.14114007139517,0.004625358668253227,1.6368215977622653,-0.062242683029088634,421.67782581844904,0.25099855512732283,0.07240867614746094,1.0,heuristic_fallback
20260514_035650,232,547,43.76,e2,Eval-Transferred-OSD+Fuzzy+OP-CBRS-e2,proxy,-5.6829657554626465,-6.284756660461426,9.026726722717285,11.632293701171875,0.16179344058036804,-0.5416277647018433,-0.573819317149561,-1.105703786426038,6,5.940501689910889,1.0,0.5719765517336635,0,0,41.0,1.0,1.0,0.9498002889745354,0.9020819962024689,1.377602495253086,0.1468770056962967,0.25,0.0,0.026497267186641693,1.0,0.0,0.0,0.9186775088310242,1.0,0.9809237063008,0.9809237063008,1.0,0.9809237063008,0.01907629369919994,0.03815258739839989,0.9427711189024001,210.29867022879364,0.004673303782862081,1.6456076064555432,-0.08865454537446231,421.67782581844904,0.25099855512732283,0.0746145248413086,1.0,heuristic_fallback
20260514_035650,232,548,43.84,e2,Eval-Transferred-OSD+Fuzzy+OP-CBRS-e2,proxy,-5.610991477966309,-6.307839870452881,9.012754440307617,11.65150260925293,0.09442683309316635,-0.5896148681640625,-0.5188037001484085,-1.0605694824204013,6,5.864460468292236,1.0,0.5929433977135459,0,0,42.0,1.0,1.0,0.9498002889745354,0.8975514968236288,1.371939371029536,0.15367275476455688,0.25,0.0,0.03522010147571564,1.0,0.0,0.0,0.9444200992584229,1.0,0.980507027836288,0.980507027836288,1.0,0.980507027836288,0.019492972163712055,0.03898594432742407,0.9415210835088639,211.6855453582266,0.004704123230182814,1.6379328558940276,-0.07349584991450721,421.67782581844904,0.25099855512732283,0.07604122161865234,1.0,heuristic_fallback
20260514_035650,232,549,43.92,e2,Eval-Transferred-OSD+Fuzzy+OP-CBRS-e2,proxy,-5.537964344024658,-6.330772399902344,8.999482154846191,11.710330963134766,0.04374338313937187,-0.6030704975128174,-0.4745276072111531,-1.0364888802121572,6,5.787500381469727,1.0,0.583329004340703,0,0,42.0,1.0,1.0,0.9498002889745354,0.8934222161769867,1.3667777702212334,0.15986667573451996,0.25,0.0,0.022304758429527283,1.0,0.0,0.0,0.9608238935470581,1.0,0.9801279606641597,0.9801279606641597,1.0,0.9801279606641597,0.019872039335840246,0.03974407867168053,0.9403838819924792,212.5281934099844,0.0047228487424440975,1.6465870430170084,-0.08858317554659181,421.67782581844904,0.25099855512732283,0.07696008682250977,1.0,heuristic_fallback
20260514_035650,232,550,44.0,e2,Eval-Transferred-OSD+Fuzzy+OP-CBRS-e2,proxy,-5.464250564575195,-6.353598594665527,8.986924171447754,11.781509399414062,-0.03894020617008209,-0.6000156998634338,-0.43890013648479936,-0.9951656614003151,6,5.709957122802734,1.0,0.5879387339981119,0,0,42.0,1.0,1.0,0.9498002889745354,0.8896312812964121,1.3620391016205151,0.16555307805538177,0.25,0.0,0.011490616016089916,1.0,0.0,0.0,0.9710670709609985,1.0,0.9797805485069535,0.9797805485069535,1.0,0.9797805485069535,0.020219451493046398,0.04043890298609277,0.9393416455208607,213.00065328849132,0.004733347850855363,1.6537499161069429,-0.08759162586488117,421.67782581844904,0.25099855512732283,0.07754325866699219,1.0,heuristic_fallback
20260514_035650,232,551,44.08,e2,Eval-Transferred-OSD+Fuzzy+OP-CBRS-e2,proxy,-5.390090465545654,-6.376349925994873,8.975076675415039,11.842764854431152,-0.08275522291660309,-0.6175615191459656,-0.41023566600651856,-0.9537415408482268,6,5.6320481300354,1.0,0.6131387293517575,0,0,42.0,1.0,1.0,0.9498002889745354,0.8861472308635712,1.357684038579464,0.17077915370464325,0.25,0.0,0.03814235329627991,1.0,0.0,0.0,0.9772815108299255,1.0,0.9794617611193315,0.9794617611193315,1.0,0.9794617611193315,0.020538238880668618,0.04107647776133721,0.9383852833579942,213.228193703275,0.004738404304517222,1.63289010053859,-0.061192488372350855,421.67782581844904,0.25099855512732283,0.07790899276733398,1.0,heuristic_fallback
20260514_035650,232,552,44.16,e2,Eval-Transferred-OSD+Fuzzy+OP-CBRS-e2,proxy,-5.315643310546875,-6.399047374725342,8.963924407958984,11.89802074432373,-0.14120572805404663,-0.6437458992004395,-0.3871758772928665,-0.9289924040013204,6,5.553915977478027,1.0,0.5911816899400533,0,0,42.0,1.0,1.0,0.9498002889745354,0.8829569319883982,1.3536961649854977,0.17556460201740265,0.25,0.0,0.030774952843785286,1.0,0.0,0.0,0.9808851480484009,1.0,0.9791702716589087,0.9791702716589087,1.0,0.9791702716589087,0.020829728341091352,0.041659456682182704,0.937510814976726,213.29770553628305,0.004739949011917401,1.6376180761591679,-0.08466081366874974,421.67782581844904,0.25099855512732283,0.07813215255737305,1.0,heuristic_fallback
20260514_035650,232,553,44.24,e2,Eval-Transferred-OSD+Fuzzy+OP-CBRS-e2,proxy,-5.241013050079346,-6.421706199645996,8.953442573547363,11.891324043273926,-0.22601990401744843,-0.6489164233207703,-0.36862661794884743,-0.924680770832246,6,5.475652694702148,1.0,0.5983007767642976,0,0,42.0,1.0,1.0,0.9498002889745354,0.8800538182258606,1.3500672727823257,0.1799192726612091,0.25,0.0,0.03377383574843407,1.0,0.0,0.0,0.9828159809112549,1.0,0.9789053697185967,0.9789053697185967,1.0,0.9789053697185967,0.02109463028140337,0.042189260562806696,0.93671610915579,213.26810359278352,0.004739291190950745,1.6346431355400468,-0.07759577571278126,421.67782581844904,0.25099855512732283,0.0782632827758789,1.0,heuristic_fallback
20260514_035650,232,554,44.32,e2,Eval-Transferred-OSD+Fuzzy+OP-CBRS-e2,proxy,-5.166268348693848,-6.444336891174316,8.943602561950684,12.010527610778809,-0.26862847805023193,-0.63699871301651,-0.35370677779312987,-0.9083531612096011,6,5.397317886352539,1.0,0.6098749321194074,0,0,42.0,1.0,1.0,0.9498002889745354,0.8774348894755045,1.3467936118443806,0.18384766578674316,0.25,0.0,0.05568062141537666,1.0,0.0,0.0,0.9836913347244263,1.0,0.9786666830426385,0.9786666830426385,1.0,0.9786666830426385,0.021333316957361556,0.042666633914723126,0.9360000491279153,213.17866862908022,0.004737303747312894,1.617558314102251,-0.06392204997528372,421.67782581844904,0.25099855512732283,0.07833480834960938,1.0,heuristic_fallback
20260514_035650,232,555,44.4,e2,Eval-Transferred-OSD+Fuzzy+OP-CBRS-e2,proxy,-5.0914530754089355,-6.466946601867676,8.93437385559082,12.028016090393066,-0.31795164942741394,-0.6417823433876038,-0.34170698763385315,-0.8922056058452108,6,5.3189473152160645,1.0,0.5915774495310041,0,0,42.0,1.0,1.0,0.9498002889745354,0.8750957945982615,1.3438697432478268,0.18735630810260773,0.25,0.0,0.0503523163497448,1.0,0.0,0.0,0.9839153289794922,1.0,0.9784537275895984,0.9784537275895984,1.0,0.9784537275895984,0.021546272410401555,0.04309254482080308,0.9353611827687953,213.05523469683249,0.004734560771040722,1.620969769182164,-0.08269678185842454,421.67782581844904,0.25099855512732283,0.07837057113647461,1.0,heuristic_fallback
20260514_035650,232,556,44.48,e2,Eval-Transferred-OSD+Fuzzy+OP-CBRS-e2,proxy,-5.016595840454102,-6.489541053771973,8.925724983215332,12.07123851776123,-0.38126569986343384,-0.6830818057060242,-0.33205628370070933,-0.8688920608726828,6,5.240565299987793,1.0,0.583704108959279,0,0,42.0,1.0,1.0,0.9498002889745354,0.8730321923891703,1.3412902404864628,0.1904517114162445,0.25,0.0,0.03170139715075493,1.0,0.0,0.0,0.9837509393692017,1.0,0.9782660313916736,0.9782660313916736,1.0,0.9782660313916736,0.021733968608326416,0.04346793721665285,0.9347980941750207,212.9145732870861,0.004731434961935247,1.6344420580291337,-0.09228802543643208,421.67782581844904,0.25099855512732283,0.07838201522827148,1.0,heuristic_fallback
20260514_035650,232,557,44.56,e2,Eval-Transferred-OSD+Fuzzy+OP-CBRS-e2,proxy,-4.941715717315674,-6.5121235847473145,8.917622566223145,12.15530014038086,-0.45120730996131897,-0.665523886680603,-0.3242951585866489,-0.8769711577900766,6,5.162186145782471,1.0,0.5938960724844877,0,0,42.0,1.0,1.0,0.9498002889745354,0.8712385396162668,1.3390481745203335,0.19314219057559967,0.25,0.0,0.028319917619228363,1.0,0.0,0.0,0.9833681583404541,1.0,0.9781030239014974,0.9781030239014974,1.0,0.9781030239014974,0.021896976098502573,0.04379395219700516,0.9343090717044923,212.76742126001227,0.004728164916889162,1.6365297544845527,-0.08224383691342135,421.67782581844904,0.25099855512732283,0.07837915420532227,1.0,heuristic_fallback
20260514_035650,232,558,44.64,e2,Eval-Transferred-OSD+Fuzzy+OP-CBRS-e2,proxy,-4.866823673248291,-6.53469705581665,8.910035133361816,12.210150718688965,-0.4669111967086792,-0.6851149797439575,-0.31805387959366344,-0.8715060362149437,6,5.0838165283203125,1.0,0.6078619226759339,0,0,41.0,1.0,1.0,0.9498002889745354,0.8697072267532349,1.3371340334415436,0.1954391598701477,0.25,0.0,0.04763929173350334,1.0,0.0,0.0,0.982875406742096,1.0,0.9779639573597418,0.9779639573597418,1.0,0.9779639573597418,0.022036042640258196,0.044072085280516364,0.9338918720792255,212.62048927274566,0.0047248997616165704,1.6216573956830884,-0.0661491866033643,421.67782581844904,0.25099855512732283,0.0783696174621582,1.0,heuristic_fallback
20260514_035650,232,559,44.72,e2,Eval-Transferred-OSD+Fuzzy+OP-CBRS-e2,proxy,-4.791926860809326,-6.557263374328613,8.902932167053223,12.244152069091797,-0.5360603928565979,-0.703833281993866,-0.3130349828855993,-0.8682802734017475,6,5.005461692810059,1.0,0.582623425194777,0,0,41.0,1.0,1.0,0.9498002889745354,0.8684290051460266,1.3355362564325333,0.19735649228096008,0.25,0.0,0.028063209727406502,1.0,0.0,0.0,0.9823411107063293,1.0,0.9778479454355717,0.9778479454355717,1.0,0.9778479454355717,0.022152054564428345,0.04430410912885666,0.9335438363067151,212.47787185769914,0.004721730485726648,1.636019901785859,-0.09314773843763312,421.67782581844904,0.25099855512732283,0.0783548355102539,1.0,heuristic_fallback
20260514_035650,232,560,44.8,e2,Eval-Transferred-OSD+Fuzzy+OP-CBRS-e2,proxy,-4.717029094696045,-6.579824447631836,8.896285057067871,12.302433013916016,-0.5838229060173035,-0.6896399855613708,-0.3089991752176123,-0.8596701072864095,6,4.927122592926025,1.0,0.5861021558924733,0,0,41.0,1.0,1.0,0.9498002889745354,0.8673954904079437,1.3342443630099297,0.1989067643880844,0.25,0.0,0.012540752999484539,1.0,0.0,0.0,0.981807291507721,1.0,0.9777541897906064,0.9777541897906064,1.0,0.9777541897906064,0.022245810209393653,0.044491620418787306,0.9332625693718191,212.34193939912632,0.00471870976442503,1.6474033656472797,-0.0910433705275669,421.67782581844904,0.25099855512732283,0.0783390998840332,1.0,heuristic_fallback
20260514_035650,232,561,44.88,e2,Eval-Transferred-OSD+Fuzzy+OP-CBRS-e2,proxy,-4.642132759094238,-6.602381229400635,8.890064239501953,12.362051963806152,-0.6744335889816284,-0.6891134977340698,-0.30575396238755065,-0.8532594336216279,6,4.848798751831055,1.0,0.6017451653039889,0,0,40.0,1.0,1.0,0.9498002889745354,0.8665970464547476,1.3332463080684345,0.20010443031787872,0.25,0.0,0.021421104669570923,1.0,0.0,0.0,0.9812988638877869,1.0,0.977681787172029,0.977681787172029,1.0,0.977681787172029,0.02231821282797089,0.04463642565594175,0.9330453615160873,212.21395292591308,0.004715865620575846,1.6405434909064158,-0.07436015148753625,421.67782581844904,0.25099855512732283,0.0783238410949707,1.0,heuristic_fallback
20260514_035650,232,562,44.96,e2,Eval-Transferred-OSD+Fuzzy+OP-CBRS-e2,proxy,-4.567238807678223,-6.624934673309326,8.884243965148926,12.43170166015625,-0.7125988602638245,-0.7221249341964722,-0.30314452360642663,-0.8584155627758263,6,4.770489692687988,1.0,0.6076725103097549,0,0,40.0,1.0,1.0,0.9498002889745354,0.8660222192605337,1.3325277740756671,0.20096667110919952,0.25,0.0,0.041061535477638245,1.0,0.0,0.0,0.9808300733566284,1.0,0.9776296774154316,0.9776296774154316,1.0,0.9776296774154316,0.02237032258456849,0.04474064516913699,0.9328890322462946,212.0944772267908,0.004713210605039796,1.6256694610018119,-0.06634107281353713,421.67782581844904,0.25099855512732283,0.0783090591430664,1.0,heuristic_fallback
20260514_035650,232,563,45.04,e2,Eval-Transferred-OSD+Fuzzy+OP-CBRS-e2,proxy,-4.49234676361084,-6.647485733032227,8.878798484802246,12.482829093933105,-0.790846049785614,-0.707610011100769,-0.30104634081873954,-0.8539867514518172,6,4.692193508148193,1.0,0.5944145740938693,0,0,40.0,1.0,1.0,0.9498002889745354,0.8656612535317739,1.3320765669147174,0.20150811970233917,0.25,0.0,0.04149593040347099,1.0,0.0,0.0,0.9804077744483948,1.0,0.9775969613980955,0.9775969613980955,1.0,0.9775969613980955,0.022403038601904453,0.04480607720380888,0.9327908841942866,211.98361267126177,0.004710746948250261,1.6252534233752474,-0.07945850403819571,421.67782581844904,0.25099855512732283,0.07829618453979492,1.0,heuristic_fallback
20260514_035650,232,564,45.12,e2,Eval-Transferred-OSD+Fuzzy+OP-CBRS-e2,proxy,-4.41745662689209,-6.670035362243652,8.873703956604004,12.504375457763672,-0.8134233355522156,-0.7040489315986633,-0.2993592737851263,-0.8342872224997135,6,4.613909721374512,1.0,0.5989619059942177,0,0,40.0,1.0,1.0,0.9498002889745354,0.8655035694440206,1.3318794618050258,0.20174464583396912,0.25,0.0,0.04957624152302742,1.0,0.0,0.0,0.9800346493721008,1.0,0.9775826713411554,0.9775826713411554,1.0,0.9775826713411554,0.02241732865884461,0.04483465731768918,0.9327480140234662,211.88119810341334,0.004708471068964741,1.6191537690136417,-0.07402848039842375,421.67782581844904,0.25099855512732283,0.07828378677368164,1.0,heuristic_fallback
20260514_035650,232,565,45.2,e2,Eval-Transferred-OSD+Fuzzy+OP-CBRS-e2,proxy,-4.3425679206848145,-6.6925835609436035,8.868938446044922,12.545167922973633,-0.9118695259094238,-0.7019664645195007,-0.2980027743096597,-0.8380039597519531,6,4.535635471343994,1.0,0.5789878308042726,0,0,40.0,1.0,1.0,0.9498002889745354,0.8655378619829813,1.3319223274787266,0.20169320702552795,0.25,0.0,0.025659363716840744,1.0,0.0,0.0,0.9797106981277466,1.0,0.9775857790063436,0.9775857790063436,1.0,0.9775857790063436,0.022414220993656506,0.04482844198731297,0.9327573370190306,211.7869129633259,0.0047063758436294645,1.637100000503022,-0.09635278563923286,421.67782581844904,0.25099855512732283,0.07827425003051758,1.0,heuristic_fallback
20260514_035650,232,566,45.28,e2,Eval-Transferred-OSD+Fuzzy+OP-CBRS-e2,proxy,-4.267679214477539,-6.7151312828063965,8.864480972290039,12.63310718536377,-0.9609026908874512,-0.7088873386383057,-0.29691208916158707,-0.8446045147882316,6,4.45736837387085,1.0,0.6052985899173021,0,0,39.0,1.0,1.0,0.9498002889745354,0.8657547136147817,1.3321933920184772,0.20136792957782745,0.25,0.0,0.04256681352853775,1.0,0.0,0.0,0.9794341325759888,1.0,0.9776054316372568,0.9776054316372568,1.0,0.9776054316372568,0.02239456836274314,0.04478913672548628,0.9328162949117705,211.70033901539182,0.004704451978119818,1.6244736260521992,-0.06833971668415353,421.67782581844904,0.25099855512732283,0.07826709747314453,1.0,heuristic_fallback
20260514_035650,232,567,45.36,e2,Eval-Transferred-OSD+Fuzzy+OP-CBRS-e2,proxy,-4.1927900314331055,-6.7376790046691895,8.860311508178711,12.678854942321777,-1.002596378326416,-0.7221598029136658,-0.296035136721531,-0.8449234890045306,6,4.379107475280762,1.0,0.5971097428722532,0,0,39.0,1.0,1.0,0.9498002889745354,0.8661442796389262,1.3326803495486577,0.20078358054161072,0.25,0.0,0.04803330451250076,1.0,0.0,0.0,0.9792025089263916,1.0,0.9776407414677268,0.9776407414677268,1.0,0.9776407414677268,0.022359258532273187,0.04471851706454639,0.9329222244031804,211.62103057955574,0.004702689568434572,1.6204711493202633,-0.07599212713208535,421.67782581844904,0.25099855512732283,0.07826089859008789,1.0,heuristic_fallback
20260514_035650,232,568,45.44,e2,Eval-Transferred-OSD+Fuzzy+OP-CBRS-e2,proxy,-4.117898941040039,-6.760226726531982,8.85641098022461,12.72036361694336,-1.0880073308944702,-0.7554440498352051,-0.2953300300466193,-0.8419640270018784,6,4.300849914550781,1.0,0.5841887144220886,0,0,39.0,1.0,1.0,0.9498002889745354,0.8666972617308298,1.3333715771635373,0.1999541074037552,0.25,0.0,0.032814640551805496,1.0,0.0,0.0,0.9790127873420715,1.0,0.9776908732953971,0.9776908732953971,1.0,0.9776908732953971,0.022309126704602975,0.044618253409205964,0.9330726198861911,211.54851791701287,0.004701078175933619,1.6320233928137606,-0.09047564079880877,421.67782581844904,0.25099855512732283,0.07825756072998047,1.0,heuristic_fallback
20260514_035650,232,569,45.52,e2,Eval-Transferred-OSD+Fuzzy+OP-CBRS-e2,proxy,-4.043004989624023,-6.782775402069092,8.852762222290039,12.764999389648438,-1.1261720657348633,-0.7370355129241943,-0.2947631110850234,-0.8401178501916684,6,4.22259521484375,1.0,0.5975948541851525,0,0,38.0,1.0,1.0,0.9498002889745354,0.8674028615156809,1.3342535768946011,0.19889570772647858,0.25,0.0,0.038030512630939484,1.0,0.0,0.0,0.978861927986145,1.0,0.9777548583157828,0.9777548583157828,1.0,0.9777548583157828,0.022245141684217228,0.0444902833684345,0.9332645749473483,211.48234453109808,0.0046996076562466245,1.628287888700623,-0.07660596129560433,421.67782581844904,0.25099855512732283,0.07825469970703125,1.0,heuristic_fallback
20260514_035650,232,570,45.6,e2,Eval-Transferred-OSD+Fuzzy+OP-CBRS-e2,proxy,-3.968107223510742,-6.805325031280518,8.849349975585938,12.84152603149414,-1.1728999614715576,-0.7503578066825867,-0.29430729045302295,-0.8365714179078616,6,4.144340515136719,1.0,0.5821317370637521,0,0,38.0,1.0,1.0,0.9498002889745354,0.8682533999284109,1.3353167499105136,0.19761990010738373,0.25,0.0,0.018179884180426598,1.0,0.0,0.0,0.9787466526031494,1.0,0.9778320124115065,0.9778320124115065,1.0,0.9778320124115065,0.022167987588493403,0.04433597517698685,0.9334960372345197,211.42205564110373,0.004698267903135638,1.64338849464169,-0.09414079216861625,421.67782581844904,0.25099855512732283,0.07825469970703125,1.0,heuristic_fallback
20260514_035650,232,571,45.68,e2,Eval-Transferred-OSD+Fuzzy+OP-CBRS-e2,proxy,-3.8932044506073,-6.827876091003418,8.846158027648926,12.87851333618164,-1.272470474243164,-0.7493613362312317,-0.2939408010294533,-0.8493286847179983,6,4.066084861755371,1.0,0.6050432541277299,0,0,38.0,1.0,1.0,0.9498002889745354,0.8692411084969839,1.3365513856212299,0.19613833725452423,0.25,0.0,0.033772293478250504,1.0,0.0,0.0,0.9786641001701355,1.0,0.9779216448899501,0.9779216448899501,1.0,0.9779216448899501,0.02207835511004979,0.04415671022009955,0.9337649346698506,211.36724206568317,0.0046970498236818484,1.6319411148104652,-0.06977499484500042,421.67782581844904,0.25099855512732283,0.07825565338134766,1.0,heuristic_fallback
20260514_035650,232,572,45.76,e2,Eval-Transferred-OSD+Fuzzy+OP-CBRS-e2,proxy,-3.818295955657959,-6.850429058074951,8.843172073364258,12.931342124938965,-1.3122152090072632,-0.7614230513572693,-0.29364613707545234,-0.8428340011993982,6,3.9878265857696533,1.0,0.6018077864012992,0,0,38.0,1.0,1.0,0.9498002889745354,0.8703565895557404,1.3379457369446754,0.19446511566638947,0.25,0.0,0.045617565512657166,1.0,0.0,0.0,0.9786115884780884,1.0,0.9780229182172518,0.9780229182172518,1.0,0.9780229182172518,0.021977081782748178,0.04395416356549631,0.9340687546517555,211.31751461738577,0.0046959447692752395,1.6233360310493494,-0.07195186254872994,421.67782581844904,0.25099855512732283,0.07825827598571777,1.0,heuristic_fallback
20260514_035650,232,573,45.84,e2,Eval-Transferred-OSD+Fuzzy+OP-CBRS-e2,proxy,-3.743380546569824,-6.872983932495117,8.84037971496582,12.971122741699219,-1.3237764835357666,-0.7778969407081604,-0.2934092118565115,-0.845864827407061,6,3.90956449508667,1.0,0.5845778308265298,0,0,38.0,1.0,1.0,0.9498002889745354,0.8715927501519521,1.3394909376899402,0.19261087477207184,0.25,0.0,0.03026733547449112,1.0,0.0,0.0,0.9785862565040588,1.0,0.9781352046565306,0.9781352046565306,1.0,0.9781352046565306,0.02186479534346943,0.0437295906869389,0.9344056139695917,211.27248687615077,0.00469494415280335,1.6351577437270268,-0.09086065770998317,421.67782581844904,0.25099855512732283,0.0782620906829834,1.0,heuristic_fallback
20260514_035650,232,574,45.92,e2,Eval-Transferred-OSD+Fuzzy+OP-CBRS-e2,proxy,-3.668457508087158,-6.895541191101074,8.837767601013184,13.025468826293945,-1.4032464027404785,-0.7658089995384216,-0.29321871633119134,-0.8558252552681005,6,3.831296920776367,1.0,0.5954702003659395,0,0,38.0,1.0,1.0,0.9498002889745354,0.8729422589143118,1.3411778236428897,0.1905866116285324,0.25,0.0,0.03107072412967682,1.0,0.0,0.0,0.9785858392715454,1.0,0.9782578552262823,0.9782578552262823,1.0,0.9782578552262823,0.021742144773717713,0.0434842895474354,0.9347735656788468,211.23182708899958,0.004694040601977769,1.6348925794262275,-0.08005132309430667,421.67782581844904,0.25099855512732283,0.07826757431030273,1.0,heuristic_fallback
20260514_035650,232,575,46.0,e2,Eval-Transferred-OSD+Fuzzy+OP-CBRS-e2,proxy,-3.5935258865356445,-6.918100833892822,8.83532428741455,13.095237731933594,-1.4890944957733154,-0.7536047697067261,-0.2930655456948025,-0.8365204801365851,6,3.7530229091644287,1.0,0.5826732479175604,0,0,37.0,1.0,1.0,0.9498002889745354,0.8743989666302999,1.342998708287875,0.18840155005455017,0.25,0.0,0.010506503283977509,1.0,0.0,0.0,0.9786080121994019,1.0,0.9783903285397597,0.9783903285397597,1.0,0.9783903285397597,0.021609671460240346,0.04321934292048065,0.935170985619279,211.19520727291138,0.00469322682828692,1.650679921989499,-0.09508344929463262,421.67782581844904,0.25099855512732283,0.07827401161193848,1.0,heuristic_fallback
20260514_035650,232,576,46.08,e2,Eval-Transferred-OSD+Fuzzy+OP-CBRS-e2,proxy,-3.518584966659546,-6.9406633377075195,8.833039283752441,13.144404411315918,-1.5293210744857788,-0.7479600310325623,-0.2929423937563518,-0.8445584547773046,6,3.674741506576538,1.0,0.6136269402843926,0,0,37.0,1.0,1.0,0.9498002889745354,0.8759552240371704,1.344944030046463,0.18606716394424438,0.25,0.0,0.03812656179070473,1.0,0.0,0.0,0.9786510467529297,1.0,0.9785319466930588,0.9785319466930588,1.0,0.9785319466930588,0.02146805330694122,0.042936106613882474,0.9355958400791763,211.1623498109402,0.004692496662465338,1.6303539424611713,-0.06156112858684917,421.67782581844904,0.25099855512732283,0.07828140258789062,1.0,heuristic_fallback
20260514_035650,232,577,46.16,e2,Eval-Transferred-OSD+Fuzzy+OP-CBRS-e2,proxy,-3.443634033203125,-6.963228702545166,8.830902099609375,13.190890312194824,-1.5955979824066162,-0.7551800012588501,-0.29284337358856655,-0.8599999218977858,6,3.596451759338379,1.0,0.5908206144952908,0,0,37.0,1.0,1.0,0.9498002889745354,0.8776063819726309,1.3470079774657886,0.18359042704105377,0.25,0.0,0.03136790171265602,1.0,0.0,0.0,0.9787129759788513,1.0,0.9786823044704019,0.9786823044704019,1.0,0.9786823044704019,0.021317695529598193,0.0426353910591964,0.9360469134112055,211.13297496198004,0.004691843888044001,1.6358357270035728,-0.08525087264882851,421.67782581844904,0.25099855512732283,0.07828974723815918,1.0,heuristic_fallback
20260514_035650,232,578,46.24,e2,Eval-Transferred-OSD+Fuzzy+OP-CBRS-e2,proxy,-3.3686723709106445,-6.98579740524292,8.828903198242188,13.24240493774414,-1.67531156539917,-0.7636560797691345,-0.2927637631267426,-0.8379267862944891,6,3.5181522369384766,1.0,0.5929803409409973,0,0,36.0,1.0,1.0,0.9498002889745354,0.8793458640575409,1.3491823300719261,0.18098120391368866,0.25,0.0,0.02714814431965351,1.0,0.0,0.0,0.9787920117378235,1.0,0.9788408208937661,0.9788408208937661,1.0,0.9788408208937661,0.02115917910623395,0.04231835821246785,0.9365224626812982,211.1068225770515,0.004691262723934478,1.6394354155695523,-0.08373658221791776,421.67782581844904,0.25099855512732283,0.07829952239990234,1.0,heuristic_fallback
20260514_035650,232,579,46.32,e2,Eval-Transferred-OSD+Fuzzy+OP-CBRS-e2,proxy,-3.293699264526367,-7.008369445800781,8.827033996582031,13.297442436218262,-1.7014367580413818,-0.7389072775840759,-0.2926997523988217,-0.8384966594646753,6,3.439842462539673,1.0,0.6041523389049734,0,0,36.0,1.0,1.0,0.9498002889745354,0.8811682065327963,1.3514602581659954,0.17824769020080566,0.25,0.0,0.040393758565187454,1.0,0.0,0.0,0.9788869023323059,1.0,0.9790070157032261,0.9790070157032261,1.0,0.9790070157032261,0.02099298429677398,0.04198596859354797,0.9370210471096782,211.0836756605487,0.0046907483480121935,1.6299567905042156,-0.07147397788580596,421.67782581844904,0.25099855512732283,0.07830977439880371,1.0,heuristic_fallback
20260514_035650,232,580,46.4,e2,Eval-Transferred-OSD+Fuzzy+OP-CBRS-e2,proxy,-3.2187139987945557,-7.030945301055908,8.825284957885742,13.338664054870605,-1.731358528137207,-0.7614026665687561,-0.2926482895495527,-0.8350322304711478,6,3.3615212440490723,1.0,0.5951658691337979,0,0,36.0,1.0,1.0,0.9498002889745354,0.8830685317516327,1.3538356646895409,0.17539720237255096,0.25,0.0,0.040063634514808655,1.0,0.0,0.0,0.9789962768554688,1.0,0.9791804614779119,0.9791804614779119,1.0,0.9791804614779119,0.020819538522088062,0.041639077044176125,0.9375413844337358,211.06332022882998,0.004690296005085111,1.630679464846709,-0.08074071304288748,421.67782581844904,0.25099855512732283,0.07832121849060059,1.0,heuristic_fallback
20260514_035650,232,581,46.48,e2,Eval-Transferred-OSD+Fuzzy+OP-CBRS-e2,proxy,-3.1437160968780518,-7.053524971008301,8.823649406433105,13.429337501525879,-1.8227884769439697,-0.7930142879486084,-0.29260690668501627,-0.8246036153634863,6,3.2831881046295166,1.0,0.5897215853560541,0,0,35.0,1.0,1.0,0.9498002889745354,0.8850411673386892,1.3563014591733615,0.17243824899196625,0.25,0.0,0.03036620281636715,1.0,0.0,0.0,0.979118824005127,1.0,0.9793606575011237,0.9793606575011237,1.0,0.9793606575011237,0.02063934249887653,0.04127868499775307,0.9380819725033706,211.0455488541702,0.004689901085648227,1.638445697517304,-0.08741160819395645,421.67782581844904,0.25099855512732283,0.07833313941955566,1.0,heuristic_fallback
20260514_035650,232,582,46.56,e2,Eval-Transferred-OSD+Fuzzy+OP-CBRS-e2,proxy,-3.0687050819396973,-7.076108455657959,8.82211971282959,13.44820785522461,-1.9006670713424683,-0.7621514201164246,-0.292573627216147,-0.8446840718831062,6,3.2048425674438477,1.0,0.6097058372681649,0,0,34.0,1.0,1.0,0.9498002889745354,0.8870830337206522,1.3588537921508153,0.1693754494190216,0.25,0.0,0.051837582141160965,1.0,0.0,0.0,0.9792534708976746,1.0,0.9795473391432835,0.9795473391432835,1.0,0.9795473391432835,0.020452660856716376,0.04090532171343273,0.9386420174298508,211.03018309363244,0.004689559624302943,1.6228526296191996,-0.06554639381812895,421.67782581844904,0.25099855512732283,0.07834553718566895,1.0,heuristic_fallback
20260514_035650,232,583,46.64,e2,Eval-Transferred-OSD+Fuzzy+OP-CBRS-e2,proxy,-2.993680238723755,-7.098696231842041,8.82068920135498,13.530134201049805,-1.9175037145614624,-0.7439491152763367,-0.2925468703056291,-0.8411119227886007,6,3.126483201980591,1.0,0.5849860899146331,0,0,34.0,1.0,1.0,0.9498002889745354,0.8891894320646921,1.3614867900808652,0.16621585190296173,0.25,0.0,0.03474996238946915,1.0,0.0,0.0,0.9793992042541504,1.0,0.9797400931664066,0.9797400931664066,1.0,0.9797400931664066,0.020259906833593428,0.04051981366718681,0.9392202794992198,211.01705346356175,0.004689267854745817,1.6361949440189785,-0.09225468436917333,421.67782581844904,0.25099855512732283,0.07835936546325684,1.0,heuristic_fallback
20260514_035650,232,584,46.72,e2,Eval-Transferred-OSD+Fuzzy+OP-CBRS-e2,proxy,-2.9186410903930664,-7.121288299560547,8.819351196289062,13.559839248657227,-1.9926940202713013,-0.7949122786521912,-0.29252534982103773,-0.8338117837433374,6,3.048110008239746,1.0,0.6116933255125281,0,0,33.0,1.0,1.0,0.9498002889745354,0.8913554648558298,1.3641943310697873,0.1629668027162552,0.25,0.0,0.059073980897665024,1.0,0.0,0.0,0.9795552492141724,1.0,0.9799384871243226,0.9799384871243226,1.0,0.9799384871243226,0.020061512875677492,0.04012302575135494,0.9398154613729677,211.00601299166783,0.004689022510925951,1.618493438335616,-0.06340079158751194,421.67782581844904,0.25099855512732283,0.07837319374084473,1.0,heuristic_fallback
20260514_035650,232,585,46.8,e2,Eval-Transferred-OSD+Fuzzy+OP-CBRS-e2,proxy,-2.8435871601104736,-7.143884658813477,8.818099975585938,13.617273330688477,-2.078674793243408,-0.7604641914367676,-0.29250803995666924,-0.8320141313172573,6,2.969722032546997,1.0,0.5766687948527937,0,0,33.0,1.0,1.0,0.9498002889745354,0.8935788671175638,1.3669735838969548,0.15963169932365417,0.25,0.0,0.026751773431897163,1.0,0.0,0.0,0.9797206521034241,1.0,0.9801423288489298,0.9801423288489298,1.0,0.9801423288489298,0.01985767115107034,0.03971534230214063,0.9404269865467891,210.9969084462556,0.004688820187694569,1.6432909445003754,-0.1026199082634842,421.67782581844904,0.25099855512732283,0.07838797569274902,1.0,heuristic_fallback
20260514_035650,232,586,46.88,e2,Eval-Transferred-OSD+Fuzzy+OP-CBRS-e2,proxy,-2.7685182094573975,-7.166485786437988,8.81692886352539,13.661581039428711,-2.1310606002807617,-0.7795926928520203,-0.2924941250797164,-0.8400028696253595,6,2.8913190364837646,1.0,0.6118758737286003,0,0,33.0,1.0,1.0,0.9498002889745354,0.895855039358139,1.3698187991976738,0.15621744096279144,0.25,0.0,0.04588419944047928,1.0,0.0,0.0,0.979894757270813,1.0,0.9803512114769354,0.9803512114769354,1.0,0.9803512114769354,0.019648788523064772,0.039297577046129524,0.9410536344308058,210.9896126058161,0.004688658057907024,1.6295106680540825,-0.06752717177668485,421.67782581844904,0.25099855512732283,0.07840299606323242,1.0,heuristic_fallback
20260514_035650,232,587,46.96,e2,Eval-Transferred-OSD+Fuzzy+OP-CBRS-e2,proxy,-2.6934337615966797,-7.189091205596924,8.815834045410156,13.703591346740723,-2.2026305198669434,-0.7677441835403442,-0.292482923913042,-0.8438531207877451,6,2.8129005432128906,1.0,0.5918201228597137,0,0,32.0,1.0,1.0,0.9498002889745354,0.8981806337833405,1.3727257922291756,0.15272904932498932,0.25,0.0,0.03094991110265255,1.0,0.0,0.0,0.9800767302513123,1.0,0.9805648419176641,0.9805648419176641,1.0,0.9805648419176641,0.019435158082335854,0.03887031616467166,0.9416945257529925,210.98398778996136,0.004688533061999141,1.641292782913753,-0.09111160381204161,421.67782581844904,0.25099855512732283,0.07841849327087402,1.0,heuristic_fallback
20260514_035650,232,588,47.04,e2,Eval-Transferred-OSD+Fuzzy+OP-CBRS-e2,proxy,-2.618333339691162,-7.211701393127441,8.814809799194336,13.785151481628418,-2.2342967987060547,-0.7873769402503967,-0.2924739287775523,-0.8660441059306908,6,2.7344658374786377,1.0,0.6100909824283679,0,0,32.0,1.0,1.0,0.9498002889745354,0.900552898645401,1.3756911233067513,0.1491706520318985,0.25,0.0,0.04117505997419357,1.0,0.0,0.0,0.9802662134170532,1.0,0.9807829810267301,0.9807829810267301,1.0,0.9807829810267301,0.019217018973269863,0.03843403794653968,0.9423489430801905,210.9799389648001,0.004688443088106669,1.6342169874756123,-0.07386208168548748,421.67782581844904,0.25099855512732283,0.07843470573425293,1.0,heuristic_fallback
20260514_035650,232,589,47.12,e2,Eval-Transferred-OSD+Fuzzy+OP-CBRS-e2,proxy,-2.5432164669036865,-7.234316825866699,8.813852310180664,13.816917419433594,-2.28998064994812,-0.7895395755767822,-0.29246671070746844,-0.8306971104182747,6,2.6560144424438477,1.0,0.6046493602150651,0,0,32.0,1.0,1.0,0.9498002889745354,0.9029689033826193,1.378711129228274,0.14554664492607117,0.25,0.0,0.04031453654170036,1.0,0.0,0.0,0.9804624319076538,1.0,0.9810053724642522,0.9810053724642522,1.0,0.9810053724642522,0.018994627535747922,0.03798925507149586,0.9430161173927564,210.97734521084612,0.0046883854491299145,1.6354663812342867,-0.08144073390921219,421.67782581844904,0.25099855512732283,0.07845139503479004,1.0,heuristic_fallback
20260514_035650,232,590,47.2,e2,Eval-Transferred-OSD+Fuzzy+OP-CBRS-e2,proxy,-2.468082904815674,-7.256937026977539,8.812955856323242,13.842780113220215,-2.3357136249542236,-0.7909371256828308,-0.29246090156700877,-0.8410701545183068,6,2.5775461196899414,1.0,0.595076968143525,0,0,31.0,1.0,1.0,0.9498002889745354,0.9054263432820638,1.3817829291025798,0.1418604850769043,0.25,0.0,0.02011272683739662,1.0,0.0,0.0,0.9806650876998901,1.0,0.9812318167418757,0.9812318167418757,1.0,0.9812318167418757,0.018768183258124297,0.037536366516248566,0.9436954502256271,210.97612380470719,0.004688358306771271,1.6512320984873756,-0.09508999263729447,421.67782581844904,0.25099855512732283,0.07846832275390625,1.0,heuristic_fallback
20260514_035650,232,591,47.28,e2,Eval-Transferred-OSD+Fuzzy+OP-CBRS-e2,proxy,-2.392932415008545,-7.279562473297119,8.812117576599121,13.955894470214844,-2.44775652885437,-0.7906937599182129,-0.29245624351115274,-0.8421093125220094,6,2.4990603923797607,1.0,0.6047954164162972,0,0,31.0,1.0,1.0,0.9498002889745354,0.907921721537908,1.384902151922385,0.13811741769313812,0.25,0.0,0.01056849304586649,1.0,0.0,0.0,0.9808734655380249,1.0,0.9814620036956273,0.9814620036956273,1.0,0.9814620036956273,0.01853799630437267,0.03707599260874534,0.9443860110868819,210.97616317490292,0.004688359181664509,1.6590141183949842,-0.08838921435145555,421.67782581844904,0.25099855512732283,0.07848572731018066,1.0,heuristic_fallback
20260514_035650,232,592,47.36,e2,Eval-Transferred-OSD+Fuzzy+OP-CBRS-e2,proxy,-2.3177647590637207,-7.3021931648254395,8.811333656311035,13.994016647338867,-2.460679769515991,-0.7715232372283936,-0.2924525005370202,-0.845441723779118,6,2.4205570220947266,1.0,0.6512766751731768,0,0,30.0,1.0,1.0,0.9498002889745354,0.9104529619216919,1.3880662024021149,0.13432055711746216,0.25,0.0,0.07127293944358826,1.0,0.0,0.0,0.981087327003479,1.0,0.9816957532445301,0.9816957532445301,1.0,0.9816957532445301,0.018304246755470013,0.03660849351094,0.9450872597335901,210.97739216994933,0.00468838649266554,1.614118593692639,-0.0379059240137205,421.67782581844904,0.25099855512732283,0.07850337028503418,1.0,heuristic_fallback
20260514_035650,232,593,47.44,e2,Eval-Transferred-OSD+Fuzzy+OP-CBRS-e2,proxy,-2.242579460144043,-7.3248291015625,8.810600280761719,14.043405532836914,-2.537184000015259,-0.8038565516471863,-0.292449487453244,-0.8407555430382937,6,2.3420355319976807,1.0,0.5941618403870739,0,0,30.0,1.0,1.0,0.9498002889745354,0.9130186140537262,1.3912732675671577,0.1304720789194107,0.25,0.0,0.042646802961826324,1.0,0.0,0.0,0.9813063144683838,1.0,0.9819329425540236,0.9819329425540236,1.0,0.9819329425540236,0.018067057445976392,0.036134114891952736,0.9457988276620709,210.97973496079976,0.0046884385546844395,1.636229609086969,-0.09995800950339671,421.67782581844904,0.25099855512732283,0.0785214900970459,1.0,heuristic_fallback
20260514_035650,232,594,47.52,e2,Eval-Transferred-OSD+Fuzzy+OP-CBRS-e2,proxy,-2.1673762798309326,-7.347470283508301,8.809914588928223,14.06287956237793,-2.585188388824463,-0.7469454407691956,-0.29244706628344436,-0.8394211650648536,6,2.263495683670044,1.0,0.6158140606115424,0,0,30.0,1.0,1.0,0.9498002889745354,0.9156154294808706,1.3945192868510883,0.12657685577869415,0.25,0.0,0.0436021126806736,1.0,0.0,0.0,0.9815298914909363,1.0,0.9821732818670931,0.9821732818670931,1.0,0.9821732818670931,0.017826718132906885,0.03565343626581373,0.9465198456012793,210.9831063652374,0.004688513474783054,1.6361623306546196,-0.08028960766591982,421.67782581844904,0.25099855512732283,0.07853984832763672,1.0,heuristic_fallback
20260514_035650,232,595,47.6,e2,Eval-Transferred-OSD+Fuzzy+OP-CBRS-e2,proxy,-2.0921549797058105,-7.3701171875,8.809273719787598,14.141166687011719,-2.676344394683838,-0.7429097294807434,-0.2924451325752946,-0.8437149049084219,6,2.1849372386932373,1.0,0.6175839270242477,0,0,29.0,1.0,1.0,0.9498002889745354,0.9182422459125519,1.3978028073906898,0.12263663113117218,0.25,0.0,0.04420579597353935,1.0,0.0,0.0,0.9817578792572021,1.0,0.9824166736383024,0.9824166736383024,1.0,0.9824166736383024,0.01758332636169768,0.03516665272339533,0.9472500209149071,210.98744895949676,0.004688609976877706,1.6363662722928907,-0.08054332360243552,421.67782581844904,0.25099855512732283,0.07855844497680664,1.0,heuristic_fallback
20260514_035650,232,596,47.68,e2,Eval-Transferred-OSD+Fuzzy+OP-CBRS-e2,proxy,-2.0169153213500977,-7.3927693367004395,8.808673858642578,14.17177677154541,-2.6977322101593018,-0.7862856388092041,-0.29244356880304256,-0.8391695098811577,6,2.1063599586486816,1.0,0.6350679512490535,0,0,28.0,1.0,1.0,0.9498002889745354,0.9208972652753195,1.4011215815941493,0.11865410208702087,0.25,0.0,0.06982769817113876,1.0,0.0,0.0,0.9819899797439575,1.0,0.9826629609647379,0.9826629609647379,1.0,0.9826629609647379,0.01733703903526191,0.03467407807052386,0.9479888828942141,210.99270134162407,0.004688726696480535,1.617813600485383,-0.06258548659387196,421.67782581844904,0.25099855512732283,0.07857728004455566,1.0,heuristic_fallback
20260514_035650,232,597,47.76,e2,Eval-Transferred-OSD+Fuzzy+OP-CBRS-e2,proxy,-1.9416569471359253,-7.415427207946777,8.808113098144531,14.255690574645996,-2.74601149559021,-0.7990140914916992,-0.29244232689888167,-0.8566090067745546,6,2.0277631282806396,1.0,0.5845945879513602,0,0,27.0,1.0,1.0,0.9498002889745354,0.9235782970984777,1.4044728713730972,0.11463255435228348,0.25,0.0,0.010122132487595081,1.0,0.0,0.0,0.982225775718689,1.0,0.9829119498434531,0.9829119498434531,1.0,0.9829119498434531,0.01708805015654686,0.03417610031309372,0.9487358495303594,210.99879282461598,0.004688862062769244,1.6632630327038302,-0.12112439152776393,421.67782581844904,0.25099855512732283,0.07859683036804199,1.0,heuristic_fallback
20260514_035650,232,598,47.84,e2,Eval-Transferred-OSD+Fuzzy+OP-CBRS-e2,proxy,-1.866379737854004,-7.438090801239014,8.807588577270508,14.280984878540039,-2.8273558616638184,-0.7630943655967712,-0.29244133688955776,-0.8497983859070369,7,1.9491467475891113,1.0,18.644225595015357,0,0,26.0,1.0,1.0,0.9498002889745354,0.9262845516204834,1.4078556895256042,0.1105731725692749,0.25,0.0,0.04032612591981888,1.0,0.0,0.0,0.9824652671813965,1.0,0.9831635757546225,0.9831635757546225,1.0,0.9831635757546225,0.016836424245377513,0.033672848490755,0.9494907272638675,211.00568594103243,0.004689015243134054,1.641286601260164,-0.06057092256539342,421.67782581844904,0.25099855512732283,0.07861638069152832,1.0,heuristic_fallback
20260514_035650,232,599,47.92,e2,Eval-Transferred-OSD+Fuzzy+OP-CBRS-e2,proxy,-1.810880422592163,-7.42675256729126,8.813761711120605,14.33707046508789,-2.8456673622131348,-0.7786902189254761,-0.17644133688955776,-0.7359542881668637,7,8.625687599182129,1.0,0.31114493767169754,0,0,26.0,1.0,1.0,0.9498002889745354,1.0,1.5,0.0,0.25,0.0,0.035847317427396774,1.0,0.0,0.0,0.9827081561088562,1.0,0.9901334127352318,0.9901334127352318,1.0,0.9901334127352318,0.00986658726476831,0.019733174529536594,0.9704002382056952,212.29185300321944,0.004717596733404877,1.6630745697243596,-0.10090810982140258,421.67782581844904,0.25099855512732283,0.02312755584716797,1.0,heuristic_fallback
20260514_035650,232,600,48.0,e2,Eval-Transferred-OSD+Fuzzy+OP-CBRS-e2,proxy,-1.7686114311218262,-7.393026828765869,8.824237823486328,14.368370056152344,-2.8216054439544678,-0.7521644830703735,-0.06044133688955777,-0.622163608690489,7,8.58353042602539,1.0,0.42245047405515845,0,0,26.0,1.0,1.0,0.9498002889745354,0.9653285766641299,1.4566607208301623,0.05200713500380516,0.25,0.0,0.022950489073991776,1.0,0.0,0.0,0.7122619152069092,1.0,0.9868271240891378,0.9868271240891378,1.0,0.9868271240891378,0.01317287591086239,0.026345751821724776,0.9604813722674129,198.59130368901424,0.004413140081978095,1.664079335155446,-0.0825732004875468,421.67782581844904,0.25099855512732283,0.04215717315673828,1.0,heuristic_fallback
20260514_035650,232,601,48.08,e2,Eval-Transferred-OSD+Fuzzy+OP-CBRS-e2,proxy,-1.7351915836334229,-7.3445611000061035,8.83735466003418,14.461499214172363,-2.777614116668701,-0.7439731955528259,0.05555866311044222,-0.4914799112309732,7,8.528794288635254,1.0,0.49055986175938093,0,0,26.0,1.0,1.0,0.9498002889745354,0.9420840839544932,1.4276051049431164,0.08687387406826019,0.25,0.0,0.02477373741567135,1.0,0.0,0.0,0.6885039210319519,1.0,0.9846385418631007,0.9846385418631007,1.0,0.9846385418631007,0.015361458136899389,0.03072291627379873,0.953915625589302,198.1204930001105,0.004402677622224678,1.656900775721777,-0.07485185984518486,421.67782581844904,0.25099855512732283,0.05473613739013672,1.0,heuristic_fallback
20260514_035650,232,602,48.16,e2,Eval-Transferred-OSD+Fuzzy+OP-CBRS-e2,proxy,-1.7076901197433472,-7.2863922119140625,8.851964950561523,14.513110160827637,-2.7898833751678467,-0.7016811370849609,0.1715586631104422,-0.3776345232630665,7,8.465773582458496,1.0,0.538994894037236,0,0,33.0,1.0,1.0,0.9498002889745354,0.9261647661526998,1.4077059576908748,0.11075285077095032,0.25,0.0,0.04304271191358566,1.0,0.0,0.0,0.7539329528808594,1.0,0.9831524319068243,0.9831524319068243,1.0,0.9831524319068243,0.016847568093175662,0.033695136186351324,0.949457295720473,201.4764982094057,0.00447725551576457,1.6392192153978928,-0.06442084227046435,421.67782581844904,0.25099855512732283,0.06302070617675781,1.0,heuristic_fallback
20260514_035650,232,603,48.24,e2,Eval-Transferred-OSD+Fuzzy+OP-CBRS-e2,proxy,-1.6841473579406738,-7.221837043762207,8.867281913757324,14.550315856933594,-2.7360780239105225,-0.7312411665916443,0.2875586631104422,-0.2708071800230142,7,8.397314071655273,1.0,0.562595653911289,0,0,43.0,1.0,1.0,0.9498002889745354,0.9148684243361155,1.3935855304201443,0.12769736349582672,0.25,0.0,0.06071203947067261,1.0,0.0,0.0,0.824754536151886,1.0,0.9821041176214756,0.9821041176214756,1.0,0.9821041176214756,0.01789588237852436,0.03579176475704876,0.9463123528644269,205.21338819669575,0.004560297515482128,1.6231431342759317,-0.06511753859136875,421.67782581844904,0.25099855512732283,0.06845951080322266,1.0,heuristic_fallback
20260514_035650,232,604,48.32,e2,Eval-Transferred-OSD+Fuzzy+OP-CBRS-e2,proxy,-1.663252830505371,-7.153081893920898,8.882774353027344,14.633967399597168,-2.656424045562744,-0.7419981956481934,0.4035586631104422,-0.15732621454366186,7,8.325297355651855,1.0,0.5423556783606109,0,0,45.0,1.0,1.0,0.9498002889745354,0.906443307797114,1.3830541347463925,0.14033503830432892,0.25,0.0,0.01959853805601597,1.0,0.0,0.0,0.8800052404403687,1.0,0.9813255969091356,0.9813255969091356,1.0,0.9813255969091356,0.01867440309086443,0.037348806181728894,0.9439767907274067,208.2668467713561,0.00462815215047458,1.6518719812021738,-0.10641237863058868,421.67782581844904,0.25099855512732283,0.07201671600341797,1.0,heuristic_fallback
20260514_035650,232,605,48.4,e2,Eval-Transferred-OSD+Fuzzy+OP-CBRS-e2,proxy,-1.6441303491592407,-7.081566333770752,8.898087501525879,14.65246868133545,-2.648777961730957,-0.7091107368469238,0.5195586631104422,-0.029367582748690148,7,8.250959396362305,1.0,0.6007374478052174,0,0,45.0,1.0,1.0,0.9498002889745354,0.8997792998949686,1.3747241248687108,0.150331050157547,0.25,0.0,0.052645549178123474,1.0,0.0,0.0,0.9188897609710693,1.0,0.9807118209704948,0.9807118209704948,1.0,0.9807118209704948,0.01928817902950521,0.03857635805901042,0.9421354629114844,210.46485778133683,0.004676996839585263,1.6254207208850568,-0.055665723714220926,421.67782581844904,0.25099855512732283,0.07433795928955078,1.0,heuristic_fallback
20260514_035650,232,606,48.48,e2,Eval-Transferred-OSD+Fuzzy+OP-CBRS-e2,proxy,-1.6261943578720093,-7.00823974609375,8.91299057006836,14.684957504272461,-2.59698224067688,-0.6851685643196106,0.6355586631104422,0.0758262710009051,7,8.17512035369873,1.0,0.5699360507257718,0,0,42.0,1.0,1.0,0.9498002889745354,0.8941929241021475,1.3677411551276843,0.15871061384677887,0.25,0.0,0.027949685230851173,1.0,0.0,0.0,0.9449396133422852,1.0,0.9801986601633905,0.9801986601633905,1.0,0.9801986601633905,0.019801339836609446,0.03960267967321885,0.9405959804901717,211.92629651122843,0.004709473255805076,1.6425460248973056,-0.09588348647922892,421.67782581844904,0.25099855512732283,0.07583904266357422,1.0,heuristic_fallback
20260514_035650,232,607,48.56,e2,Eval-Transferred-OSD+Fuzzy+OP-CBRS-e2,proxy,-1.609053373336792,-6.933728218078613,8.927339553833008,14.752726554870605,-2.506484270095825,-0.6640477180480957,0.7515586631104422,0.19625371994316673,7,8.098313331604004,1.0,0.5921219211957328,0,0,45.0,1.0,1.0,0.9498002889745354,0.889280100663503,1.3616001258293788,0.16607984900474548,0.25,0.0,0.030305899679660797,1.0,0.0,0.0,0.9618156552314758,1.0,0.9797483940771194,0.9797483940771194,1.0,0.9797483940771194,0.02025160592288071,0.04050321184576143,0.939245182231358,212.83128440448957,0.004729584097877546,1.6395506582010373,-0.07781060937628424,421.67782581844904,0.25099855512732283,0.07680702209472656,1.0,heuristic_fallback
20260514_035650,232,608,48.64,e2,Eval-Transferred-OSD+Fuzzy+OP-CBRS-e2,proxy,-1.5924456119537354,-6.8584442138671875,8.941048622131348,14.82369613647461,-2.4795749187469482,-0.6718140244483948,0.8675586631104422,0.32303510762542215,7,8.020891189575195,1.0,0.5822281893943009,0,0,54.0,1.0,1.0,0.9498002889745354,0.8848118384679159,1.356014798084895,0.17278224229812622,0.25,0.0,0.0123154791072011,1.0,0.0,0.0,0.972406804561615,1.0,0.9793397009268693,0.9793397009268693,1.0,0.9793397009268693,0.02066029907313073,0.041320598146261475,0.9380191027806078,213.3430361840566,0.004740956359645702,1.6519264080814853,-0.09213215668581351,421.67782581844904,0.25099855512732283,0.0774221420288086,1.0,heuristic_fallback
20260514_035650,232,609,48.72,e2,Eval-Transferred-OSD+Fuzzy+OP-CBRS-e2,proxy,-1.5761960744857788,-6.782659530639648,8.95407485961914,14.886115074157715,-2.427549123764038,-0.6232626438140869,0.9662061795456003,0.43851013980014086,7,7.9430832862854,1.0,0.606601517022091,0,0,67.0,1.0,1.0,0.9498002889745354,0.8806672294934591,1.350834036866824,0.1789991557598114,0.25,0.0,0.029956450685858727,1.0,0.0,0.0,0.9787972569465637,1.0,0.9789613143678998,0.9789613143678998,1.0,0.9789613143678998,0.021038685632100255,0.042077371264200525,0.9368839431036993,213.58841640995445,0.004746409253554544,1.6376595271538779,-0.0674743799101697,421.67782581844904,0.25099855512732283,0.07780790328979492,1.0,heuristic_fallback
20260514_035650,232,610,48.8,e2,Eval-Transferred-OSD+Fuzzy+OP-CBRS-e2,proxy,-1.560187816619873,-6.706552982330322,8.966403007507324,14.925150871276855,-2.31717848777771,-0.6272956132888794,1.045540371823044,0.5002461734235214,7,7.865039825439453,1.0,0.6032648218798234,0,0,69.0,1.0,1.0,0.9498002889745354,0.8767874638239542,1.3459843297799428,0.1848188042640686,0.25,0.0,0.04282665625214577,1.0,0.0,0.0,0.9824310541152954,1.0,0.9786077187704654,0.9786077187704654,1.0,0.9786077187704654,0.02139228122953467,0.042784562459069385,0.935823156311396,213.65927075119225,0.0047479837944709394,1.6270369315617865,-0.07029177661586629,421.67782581844904,0.25099855512732283,0.07804346084594727,1.0,heuristic_fallback
20260514_035650,232,611,48.88,e2,Eval-Transferred-OSD+Fuzzy+OP-CBRS-e2,proxy,-1.5443423986434937,-6.630242824554443,8.978034973144531,14.980358123779297,-2.253200054168701,-0.6109951734542847,1.1093395904809584,0.5536017514890887,7,7.786859035491943,1.0,0.5889672834704357,0,0,72.0,1.0,1.0,0.9498002889745354,0.8731469511985779,1.3414336889982224,0.19027957320213318,0.25,0.0,0.03321581333875656,1.0,0.0,0.0,0.984286367893219,1.0,0.9782764649740078,0.9782764649740078,1.0,0.9782764649740078,0.021723535025992294,0.04344707005198463,0.9348293949220231,213.61946894034566,0.00474709930978546,1.6333349355904843,-0.08586237885887175,421.67782581844904,0.25099855512732283,0.07818078994750977,1.0,heuristic_fallback
20260514_035650,232,612,48.96,e2,Eval-Transferred-OSD+Fuzzy+OP-CBRS-e2,proxy,-1.5286074876785278,-6.553805828094482,8.988986015319824,15.044193267822266,-2.241786241531372,-0.6083916425704956,1.160643945497116,0.6053817849931936,7,7.708601951599121,1.0,0.6005097421930381,0,0,80.0,1.0,1.0,0.9498002889745354,0.8697391251722971,1.3371739064653714,0.19539131224155426,0.25,0.0,0.04144054651260376,1.0,0.0,0.0,0.9850165843963623,1.0,0.9779668532887072,0.9779668532887072,1.0,0.9779668532887072,0.02203314671129269,0.044066293422585355,0.9339005598661219,213.51232036903275,0.00474471823042295,1.6263144292035288,-0.07353466887321486,421.67782581844904,0.25099855512732283,0.07825708389282227,1.0,heuristic_fallback
20260514_035650,232,613,49.04,e2,Eval-Transferred-OSD+Fuzzy+OP-CBRS-e2,proxy,-1.5129480361938477,-6.477293014526367,8.999279975891113,15.110490798950195,-2.1799404621124268,-0.591552734375,1.2018992337126997,0.6467616137591746,7,7.630310535430908,1.0,0.5858466191668447,0,0,80.0,1.0,1.0,0.9498002889745354,0.8665639360745748,1.3332049200932186,0.20015409588813782,0.25,0.0,0.02672722563147545,1.0,0.0,0.0,0.9850534796714783,1.0,0.9776787852705631,0.9776787852705631,1.0,0.9776787852705631,0.02232121472943685,0.04464242945887366,0.9330363558116894,213.36664310933895,0.00474148095798531,1.6365556225899442,-0.0895241265620267,421.67782581844904,0.25099855512732283,0.07829141616821289,1.0,heuristic_fallback
20260514_035650,232,614,49.12,e2,Eval-Transferred-OSD+Fuzzy+OP-CBRS-e2,proxy,-1.4973403215408325,-6.4007368087768555,9.008943557739258,15.174327850341797,-2.116323947906494,-0.5568894743919373,1.23507292048992,0.6860113162955626,7,7.552008152008057,1.0,0.6032877740021128,0,0,80.0,1.0,1.0,0.9498002889745354,0.8636232415835062,1.3295290519793828,0.2045651376247406,0.25,0.0,0.039442505687475204,1.0,0.0,0.0,0.9846794009208679,1.0,0.9774123419283437,0.9774123419283437,1.0,0.9774123419283437,0.022587658071656257,0.04517531614331249,0.9322370257850312,213.20128308215237,0.0047378062907144965,1.6262839889251774,-0.07057556558489889,421.67782581844904,0.25099855512732283,0.07830238342285156,1.0,heuristic_fallback
20260514_035650,232,615,49.2,e2,Eval-Transferred-OSD+Fuzzy+OP-CBRS-e2,proxy,-1.4817684888839722,-6.324158668518066,9.018007278442383,15.20090389251709,-2.0540683269500732,-0.5506183505058289,1.261747551789907,0.7066417148040501,7,7.473711013793945,1.0,0.6067714918832052,0,0,80.0,1.0,1.0,0.9498002889745354,0.8609193166097006,1.3261491457621257,0.20862102508544922,0.25,0.0,0.059569813311100006,1.0,0.0,0.0,0.9840774536132812,1.0,0.9771676478790415,0.9771676478790415,1.0,0.9771676478790415,0.0228323521209586,0.045664704241917216,0.9315029436371243,213.0283858794719,0.004733964130654931,1.6105125269640073,-0.06478717957933762,421.67782581844904,0.25099855512732283,0.07829713821411133,1.0,heuristic_fallback
20260514_035650,232,616,49.28,e2,Eval-Transferred-OSD+Fuzzy+OP-CBRS-e2,proxy,-1.466221809387207,-6.24757194519043,9.02650260925293,15.247649192810059,-2.0281119346618652,-0.5530903339385986,1.2831959683965528,0.7311240343746683,7,7.39542818069458,1.0,0.5803410806579221,0,0,80.0,1.0,1.0,0.9498002889745354,0.8584528168042501,1.3230660210053127,0.21232077479362488,0.25,0.0,0.039141979068517685,1.0,0.0,0.0,0.9833646416664124,1.0,0.9769446872675701,0.9769446872675701,1.0,0.9769446872675701,0.0230553127324297,0.046110625464859376,0.9308340618027108,212.85559642617056,0.0047301243650260125,1.6252167776945814,-0.09294747031303383,421.67782581844904,0.25099855512732283,0.07828283309936523,1.0,heuristic_fallback
20260514_035650,232,617,49.36,e2,Eval-Transferred-OSD+Fuzzy+OP-CBRS-e2,proxy,-1.4506930112838745,-6.170984745025635,9.03446102142334,15.322495460510254,-1.990417718887329,-0.5644046664237976,1.3004418523413028,0.743904645700366,7,7.317163467407227,1.0,0.5908663382641777,0,0,80.0,1.0,1.0,0.9498002889745354,0.8562215467294058,1.3202769334117572,0.21566767990589142,0.25,0.0,0.0345323421061039,1.0,0.0,0.0,0.9826145172119141,1.0,0.9767431934341047,0.9767431934341047,1.0,0.9767431934341047,0.023256806565895263,0.046513613131790525,0.9302295803023142,212.68758901499677,0.004726390866999928,1.6281161878976806,-0.08257485796355575,421.67782581844904,0.25099855512732283,0.07826471328735352,1.0,heuristic_fallback
20260514_035650,232,618,49.44,e2,Eval-Transferred-OSD+Fuzzy+OP-CBRS-e2,proxy,-1.4351770877838135,-6.094402313232422,9.041913032531738,15.409383773803711,-1.9371405839920044,-0.5452110767364502,1.3143084569569676,0.7678641474954274,7,7.238919734954834,1.0,0.6072324390961679,0,0,80.0,1.0,1.0,0.9498002889745354,0.8542221784591675,1.3177777230739594,0.21866673231124878,0.25,0.0,0.05649957433342934,1.0,0.0,0.0,0.9818722605705261,1.0,0.9765628050126519,0.9765628050126519,1.0,0.9765628050126519,0.023437194987348104,0.04687438997469625,0.9296884150379556,212.52709569339925,0.004722824348742206,1.611140921659627,-0.06371246528621786,421.67782581844904,0.25099855512732283,0.07824373245239258,1.0,heuristic_fallback
20260514_035650,232,619,49.52,e2,Eval-Transferred-OSD+Fuzzy+OP-CBRS-e2,proxy,-1.419670581817627,-6.017827033996582,9.04888916015625,15.397866249084473,-1.8470646142959595,-0.5553314685821533,1.325457824620452,0.7878364939485969,7,7.1606974601745605,1.0,0.609994857118418,0,0,80.0,1.0,1.0,0.9498002889745354,0.8524498144785563,1.3155622680981953,0.22132527828216553,0.25,0.0,0.0855923742055893,1.0,0.0,0.0,0.9811646342277527,1.0,0.9764030266803534,0.9764030266803534,1.0,0.9764030266803534,0.02359697331964651,0.047193946639293036,0.9292090800410604,212.37559080018684,0.004719457573337485,1.5888782307603544,-0.05776122866383381,421.67782581844904,0.25099855512732283,0.07822227478027344,1.0,heuristic_fallback
20260514_035650,232,620,49.6,e2,Eval-Transferred-OSD+Fuzzy+OP-CBRS-e2,proxy,-1.404171109199524,-5.94126033782959,9.055418968200684,15.500288009643555,-1.7955178022384644,-0.596555769443512,1.3344223333947705,0.7825358028510199,7,7.082495212554932,1.0,0.5487458765592795,0,0,80.0,1.0,1.0,0.9498002889745354,0.8508978684743246,1.3136223355929058,0.22365319728851318,0.25,0.0,0.015469715930521488,1.0,0.0,0.0,0.9805062413215637,1.0,0.9762632185512813,0.9762632185512813,1.0,0.9762632185512813,0.023736781448718672,0.047473562897437385,0.9287896556538439,212.23371993032845,0.0047163048873406326,1.6410822379655972,-0.12577176603861837,421.67782581844904,0.25099855512732283,0.0782022476196289,1.0,heuristic_fallback
20260514_035650,232,621,49.68,e2,Eval-Transferred-OSD+Fuzzy+OP-CBRS-e2,proxy,-1.3886770009994507,-5.864702224731445,9.061529159545898,15.524221420288086,-1.7337298393249512,-0.5149186253547668,1.3416300811345452,0.7956707365185963,7,7.004312515258789,1.0,0.6334257320895975,0,0,80.0,1.0,1.0,0.9498002889745354,0.8495584030946096,1.311948003868262,0.22566239535808563,0.25,0.0,0.07814888656139374,1.0,0.0,0.0,0.979904294013977,1.0,0.9761426265489306,0.9761426265489306,1.0,0.9761426265489306,0.023857373451069263,0.04771474690213856,0.9284278796467921,212.10162701027048,0.004713369489117121,1.5937379936475142,-0.03459652412129723,421.67782581844904,0.25099855512732283,0.07818269729614258,1.0,heuristic_fallback
20260514_035650,232,622,49.76,e2,Eval-Transferred-OSD+Fuzzy+OP-CBRS-e2,proxy,-1.3731869459152222,-5.788152694702148,9.067246437072754,15.562406539916992,-1.6689907312393188,-0.5398169755935669,1.347425299791212,0.8166229932801671,7,6.926146507263184,1.0,0.565699896427536,0,0,80.0,1.0,1.0,0.9498002889745354,0.84842382868131,1.3105297858516376,0.22736425697803497,0.25,0.0,0.03788179159164429,1.0,0.0,0.0,0.979360818862915,1.0,0.9760405349366715,0.9760405349366715,1.0,0.9760405349366715,0.02395946506332836,0.04791893012665676,0.9281216048100148,211.97911858649059,0.004710647079699791,1.6236546712715014,-0.10615599623828016,421.67782581844904,0.25099855512732283,0.07816600799560547,1.0,heuristic_fallback
20260514_035650,232,623,49.84,e2,Eval-Transferred-OSD+Fuzzy+OP-CBRS-e2,proxy,-1.3577001094818115,-5.711610794067383,9.072595596313477,15.616084098815918,-1.5827240943908691,-0.5240389108657837,1.352084785072958,0.7989580976014751,7,6.847996711730957,1.0,0.5781743166216166,0,0,80.0,1.0,1.0,0.9498002889745354,0.8474847575028738,1.3093559468785922,0.2287728637456894,0.25,0.0,0.014696414582431316,1.0,0.0,0.0,0.9788756370544434,1.0,0.9759560726350154,0.9759560726350154,1.0,0.9759560726350154,0.02404392736498459,0.04808785472996922,0.9278682179050461,211.8658557583767,0.004708130127963927,1.640808936233802,-0.0958285959901617,421.67782581844904,0.25099855512732283,0.07814979553222656,1.0,heuristic_fallback
20260514_035650,232,624,49.92,e2,Eval-Transferred-OSD+Fuzzy+OP-CBRS-e2,proxy,-1.3422157764434814,-5.63507604598999,9.07759952545166,15.662946701049805,-1.5417075157165527,-0.5107579231262207,1.3558310966744755,0.805191263131168,7,6.769861221313477,1.0,0.5997506915559178,0,0,80.0,1.0,1.0,0.9498002889745354,0.8467332720756531,1.3084165900945663,0.22990009188652039,0.25,0.0,0.024931788444519043,1.0,0.0,0.0,0.9784460067749023,1.0,0.9758885066808654,0.9758885066808654,1.0,0.9758885066808654,0.024111493319134536,0.048222986638269086,0.9276655200425963,211.7613430233032,0.004705807622740071,1.6329445344804312,-0.07308510209930034,421.67782581844904,0.25099855512732283,0.07813549041748047,1.0,heuristic_fallback
20260514_035650,232,625,50.0,e2,Eval-Transferred-OSD+Fuzzy+OP-CBRS-e2,proxy,-1.3267333507537842,-5.558547496795654,9.082281112670898,15.722274780273438,-1.5173213481903076,-0.4947425425052643,1.35884318862622,0.8236449249773096,7,6.691737651824951,1.0,0.5859788766852465,0,0,80.0,1.0,1.0,0.9498002889745354,0.8461601734161377,1.3077002167701721,0.23075973987579346,0.25,0.0,0.01392208132892847,1.0,0.0,0.0,0.9780691862106323,1.0,0.9758369940522197,0.9758369940522197,1.0,0.9758369940522197,0.024163005947780297,0.04832601189556061,0.9275109821566591,211.6650959180265,0.0047036687981783665,1.6410585401522453,-0.08784373629997992,421.67782581844904,0.25099855512732283,0.07812356948852539,1.0,heuristic_fallback
20260514_035650,232,626,50.08,e2,Eval-Transferred-OSD+Fuzzy+OP-CBRS-e2,proxy,-1.3112523555755615,-5.4820237159729,9.086660385131836,15.763737678527832,-1.4137496948242188,-0.5173844695091248,1.3612649505615633,0.8072079626249743,7,6.613624572753906,1.0,0.6075352065800897,0,0,80.0,1.0,1.0,0.9498002889745354,0.845755934715271,1.3071949183940887,0.2313660979270935,0.25,0.0,0.037046514451503754,1.0,0.0,0.0,0.9777413606643677,1.0,0.9758006668926085,0.9758006668926085,1.0,0.9758006668926085,0.02419933310739155,0.04839866621478314,0.9274020006778253,211.576570501697,0.004701701566704379,1.6236141556350971,-0.0638845503160493,421.67782581844904,0.25099855512732283,0.07811307907104492,1.0,heuristic_fallback
20260514_035650,232,627,50.16,e2,Eval-Transferred-OSD+Fuzzy+OP-CBRS-e2,proxy,-1.2957724332809448,-5.405503749847412,9.0907564163208,15.856721878051758,-1.399577260017395,-0.5096704363822937,1.363212074574117,0.8121439973242902,7,6.535519599914551,1.0,0.5813221018118783,0,0,80.0,1.0,1.0,0.9498002889745354,0.8455122411251068,1.3068903014063835,0.23173163831233978,0.25,0.0,0.019958043470978737,1.0,0.0,0.0,0.9774587154388428,1.0,0.9757787702520428,0.9757787702520428,1.0,0.9757787702520428,0.0242212297479571,0.0484424594959142,0.9273363107561287,211.4952402020008,0.0046998942267111295,1.6363695854729499,-0.09174379489841801,421.67782581844904,0.25099855512732283,0.07810497283935547,1.0,heuristic_fallback
20260514_035650,232,628,50.24,e2,Eval-Transferred-OSD+Fuzzy+OP-CBRS-e2,proxy,-1.280293345451355,-5.328986644744873,9.094588279724121,15.900533676147461,-1.3378002643585205,-0.44600212574005127,1.36477758149761,0.8133270307438076,7,6.457421779632568,1.0,0.6085288990503724,0,0,80.0,1.0,1.0,0.9498002889745354,0.8454205393791199,1.3067756742238998,0.2318691909313202,0.25,0.0,0.045562174171209335,1.0,0.0,0.0,0.9772174954414368,1.0,0.9757705311507227,0.9757705311507227,1.0,0.9757705311507227,0.024229468849277326,0.048458937698554604,0.9273115934521681,211.42059808688384,0.004698235513041863,1.6171435620112802,-0.06193360235185694,421.67782581844904,0.25099855512732283,0.07809782028198242,1.0,heuristic_fallback
20260514_035650,232,629,50.32,e2,Eval-Transferred-OSD+Fuzzy+OP-CBRS-e2,proxy,-1.2648147344589233,-5.252470970153809,9.098172187805176,15.939339637756348,-1.2553373575210571,-0.4879913330078125,1.3660362611385921,0.7984575218668296,7,6.379328727722168,1.0,0.6055071303186207,0,0,80.0,1.0,1.0,0.9498002889745354,0.8454732696215311,1.3068415870269139,0.23179009556770325,0.25,0.0,0.06902594119310379,1.0,0.0,0.0,0.9770141839981079,1.0,0.9757752687507013,0.9757752687507013,1.0,0.9757752687507013,0.024224731249298758,0.04844946249859756,0.9273258062521037,211.35216270575302,0.004696714726794512,1.5995589193054622,-0.06259215973519708,421.67782581844904,0.25099855512732283,0.07809305191040039,1.0,heuristic_fallback
20260514_035650,232,630,50.4,e2,Eval-Transferred-OSD+Fuzzy+OP-CBRS-e2,proxy,-1.2493363618850708,-5.1759562492370605,9.101524353027344,16.00299835205078,-1.2108343839645386,-0.5073862671852112,1.3670482462946096,0.8157703894472198,7,6.301239967346191,1.0,0.5612943890723148,0,0,80.0,1.0,1.0,0.9498002889745354,0.8456610838572184,1.307076354821523,0.23150837421417236,0.25,0.0,0.021636053919792175,1.0,0.0,0.0,0.9768455028533936,1.0,0.9757921439714963,0.9757921439714963,1.0,0.9757921439714963,0.02420785602850371,0.04841571205700739,0.9273764319144888,211.28948663165102,0.004695321925147801,1.6351482883193678,-0.111542753715368,421.67782581844904,0.25099855512732283,0.07808876037597656,1.0,heuristic_fallback
20260514_035650,232,631,50.48,e2,Eval-Transferred-OSD+Fuzzy+OP-CBRS-e2,proxy,-1.2338579893112183,-5.099441051483154,9.104660034179688,16.05453872680664,-1.2256247997283936,-0.5000612735748291,1.3678618878641398,0.8275244621614152,7,6.223153591156006,1.0,0.5963487866404467,0,0,80.0,1.0,1.0,0.9498002889745354,0.845977246761322,1.3074715584516525,0.23103412985801697,0.25,0.0,0.027949267998337746,1.0,0.0,0.0,0.9767083525657654,1.0,0.9758205544578704,0.9758205544578704,1.0,0.9758205544578704,0.024179445542129634,0.048358891084259226,0.9274616633736111,211.23214667563673,0.004694047703903039,1.6304924184864844,-0.0758780996062819,421.67782581844904,0.25099855512732283,0.07808637619018555,1.0,heuristic_fallback
20260514_035650,232,632,50.56,e2,Eval-Transferred-OSD+Fuzzy+OP-CBRS-e2,proxy,-1.2183793783187866,-5.022924423217773,9.107592582702637,16.095672607421875,-1.0679054260253906,-0.484364777803421,1.3685160583504417,0.8010028443726279,7,6.145068168640137,1.0,0.6258468596702561,0,0,80.0,1.0,1.0,0.9498002889745354,0.8464141587416331,1.3080176984270413,0.23037876188755035,0.25,0.0,0.08183255791664124,1.0,0.0,0.0,0.9765998125076294,1.0,0.9758598218126407,0.9758598218126407,1.0,0.9758598218126407,0.024140178187359286,0.04828035637471853,0.9275794654379222,211.17974334194923,0.00469288318537665,1.5901891790428346,-0.04103183860896902,421.67782581844904,0.25099855512732283,0.07808542251586914,1.0,heuristic_fallback
20260514_035650,232,633,50.64,e2,Eval-Transferred-OSD+Fuzzy+OP-CBRS-e2,proxy,-1.2029004096984863,-4.94640588760376,9.110335350036621,16.159618377685547,-1.0488824844360352,-0.48776453733444214,1.3690420125603608,0.8076914602673878,7,6.066982746124268,1.0,0.5561029499192309,0,0,80.0,1.0,1.0,0.9498002889745354,0.8469651341438293,1.3087064176797867,0.22955229878425598,0.25,0.0,0.026790037751197815,1.0,0.0,0.0,0.9765172600746155,1.0,0.9759093510515575,0.9759093510515575,1.0,0.9759093510515575,0.02409064894844237,0.04818129789688475,0.9277280531546728,211.13191237144395,0.004691820274920977,1.6316088130174662,-0.11633618210303781,421.67782581844904,0.25099855512732283,0.07808542251586914,1.0,heuristic_fallback
20260514_035650,232,634,50.72,e2,Eval-Transferred-OSD+Fuzzy+OP-CBRS-e2,proxy,-1.1874208450317383,-4.869884490966797,9.112900733947754,16.203216552734375,-1.004939317703247,-0.47385743260383606,1.3694648800200915,0.818078964443385,7,5.988897323608398,1.0,0.5927762523299629,0,0,80.0,1.0,1.0,0.9498002889745354,0.8476228415966034,1.3095285519957542,0.2285657376050949,0.25,0.0,0.027707813307642937,1.0,0.0,0.0,0.9764583706855774,1.0,0.9759684901198183,0.9759684901198183,1.0,0.9759684901198183,0.024031509880181656,0.04806301976036331,0.927905470359455,211.08831885136635,0.004690851530030364,1.6310849082133259,-0.07963783620560466,421.67782581844904,0.25099855512732283,0.07808542251586914,1.0,heuristic_fallback
20260514_035650,232,635,50.8,e2,Eval-Transferred-OSD+Fuzzy+OP-CBRS-e2,proxy,-1.1719404458999634,-4.793359279632568,9.115300178527832,16.27029800415039,-0.9426146149635315,-0.49726149439811707,1.3698048662944429,0.8267490795422384,7,5.910808563232422,1.0,0.5962859272639749,0,0,80.0,1.0,1.0,0.9498002889745354,0.8483812113602957,1.3104765142003696,0.22742818295955658,0.25,0.0,0.03434562310576439,1.0,0.0,0.0,0.9764211773872375,1.0,0.9760367010980194,0.9760367010980194,1.0,0.9760367010980194,0.02396329890198054,0.04792659780396112,0.9281101032940583,211.04866169973786,0.004689970259994175,1.6262961433056577,-0.0755577639161245,421.67782581844904,0.25099855512732283,0.07808876037597656,1.0,heuristic_fallback
20260514_035650,232,636,50.88,e2,Eval-Transferred-OSD+Fuzzy+OP-CBRS-e2,proxy,-1.1564592123031616,-4.716829299926758,9.117544174194336,16.329076766967773,-0.8552361726760864,-0.4800409972667694,1.3700782181586002,0.8159075315055434,7,5.832716941833496,1.0,0.5941510045028742,0,0,80.0,1.0,1.0,0.9498002889745354,0.8492343425750732,1.3115429282188416,0.22614848613739014,0.25,0.0,0.038090191781520844,1.0,0.0,0.0,0.9764036536216736,1.0,0.9761134617815757,0.9761134617815757,1.0,0.9761134617815757,0.023886538218424395,0.04777307643684874,0.9283403853447268,211.01264775821085,0.004689169950182464,1.623700999602535,-0.07741861207643042,421.67782581844904,0.25099855512732283,0.07809162139892578,1.0,heuristic_fallback
20260514_035650,232,637,50.96,e2,Eval-Transferred-OSD+Fuzzy+OP-CBRS-e2,proxy,-1.140976905822754,-4.640294075012207,9.119643211364746,16.34889793395996,-0.8249741196632385,-0.5019568204879761,1.3702979917484988,0.8219599678622235,7,5.754621505737305,1.0,0.5888677289379208,0,0,80.0,1.0,1.0,0.9498002889745354,0.8501766522725424,1.312720815340678,0.22473502159118652,0.25,0.0,0.033439990133047104,1.0,0.0,0.0,0.9764040112495422,1.0,0.9761982789003365,0.9761982789003365,1.0,0.9761982789003365,0.023801721099663508,0.04760344219932706,0.9285948367010094,210.98001038941686,0.004688444675320375,1.6274242282632574,-0.08328089354048829,421.67782581844904,0.25099855512732283,0.0780954360961914,1.0,heuristic_fallback
20260514_035650,232,638,51.04,e2,Eval-Transferred-OSD+Fuzzy+OP-CBRS-e2,proxy,-1.1254934072494507,-4.563753128051758,9.121606826782227,16.40117073059082,-0.7355534434318542,-0.4328043460845947,1.3704746887652597,0.8196227381698251,7,5.676520824432373,1.0,0.589784527074269,0,0,80.0,1.0,1.0,0.9498002889745354,0.8512024084726969,1.314003010590871,0.2231963872909546,0.25,0.0,0.02964167296886444,1.0,0.0,0.0,0.9764207005500793,1.0,0.9762906459216377,0.9762906459216377,1.0,0.9762906459216377,0.023709354078362374,0.04741870815672475,0.928871937764913,210.9505055648034,0.004687789012551187,1.6305294051864332,-0.08287333654987072,421.67782581844904,0.25099855512732283,0.07810068130493164,1.0,heuristic_fallback
20260514_035650,232,639,51.12,e2,Eval-Transferred-OSD+Fuzzy+OP-CBRS-e2,proxy,-1.1100085973739624,-4.487205505371094,9.123443603515625,16.44342803955078,-0.6923294067382812,-0.4800282120704651,1.3706167533613338,0.8286470104957404,7,5.598414897918701,1.0,0.6032489212255552,0,0,80.0,1.0,1.0,0.9498002889745354,0.8523064653078715,1.3153830816348393,0.22154030203819275,0.25,0.0,0.04716307297348976,1.0,0.0,0.0,0.9764522910118103,1.0,0.9763901090762451,0.9763901090762451,1.0,0.9763901090762451,0.023609890923754834,0.04721978184750968,0.9291703272287355,210.9239061077443,0.004687197913505429,1.6176643693917578,-0.0677939775497257,421.67782581844904,0.25099855512732283,0.07810592651367188,1.0,heuristic_fallback
20260514_035650,232,640,51.2,e2,Eval-Transferred-OSD+Fuzzy+OP-CBRS-e2,proxy,-1.09452223777771,-4.410650730133057,9.125161170959473,16.51229476928711,-0.6035305261611938,-0.44550612568855286,1.3707309721538021,0.8153460557623143,7,5.5203022956848145,1.0,0.5711217203327972,0,0,80.0,1.0,1.0,0.9498002889745354,0.8534840246041616,1.316855030755202,0.21977396309375763,0.25,0.0,0.013196789659559727,1.0,0.0,0.0,0.9764974117279053,1.0,0.9764962458196464,0.9764962458196464,1.0,0.9764962458196464,0.02350375418035354,0.04700750836070705,0.9294887374589393,210.89999852475194,0.004686666633883376,1.6434334717012777,-0.103469426295099,421.67782581844904,0.25099855512732283,0.07811260223388672,1.0,heuristic_fallback
20260514_035650,232,641,51.28,e2,Eval-Transferred-OSD+Fuzzy+OP-CBRS-e2,proxy,-1.0790343284606934,-4.334088325500488,9.126768112182617,16.564464569091797,-0.5891343951225281,-0.4983164966106415,1.3708228064663122,0.8363618513558794,7,5.442182540893555,1.0,0.6114892138381168,0,0,80.0,1.0,1.0,0.9498002889745354,0.8547314703464508,1.3184143379330635,0.2179027944803238,0.25,0.0,0.04182776063680649,1.0,0.0,0.0,0.9765550494194031,1.0,0.9766087400380831,0.9766087400380831,1.0,0.9766087400380831,0.023391259961916825,0.046782519923833664,0.9298262201142494,210.87860262571587,0.004686191169460353,1.622272104903915,-0.06039977777354682,421.67782581844904,0.25099855512732283,0.07811975479125977,1.0,heuristic_fallback
20260514_035650,232,642,51.36,e2,Eval-Transferred-OSD+Fuzzy+OP-CBRS-e2,proxy,-1.063544750213623,-4.257517337799072,9.128271102905273,16.63103485107422,-0.510961651802063,-0.4520004987716675,1.3708966439507229,0.8192145563867347,7,5.364055633544922,1.0,0.5839044735353658,0,0,80.0,1.0,1.0,0.9498002889745354,0.8560429612795512,1.320053701599439,0.21593555808067322,0.25,0.0,0.028380146250128746,1.0,0.0,0.0,0.976624071598053,1.0,0.9767270746842451,0.9767270746842451,1.0,0.9767270746842451,0.023272925315754867,0.046545850631509775,0.9301812240527354,210.85953377025191,0.004685767417116709,1.6326856884271985,-0.08949634471074047,421.67782581844904,0.25099855512732283,0.07812690734863281,1.0,heuristic_fallback
20260514_035650,232,643,51.44,e2,Eval-Transferred-OSD+Fuzzy+OP-CBRS-e2,proxy,-1.0480533838272095,-4.180937767028809,9.129676818847656,16.70035743713379,-0.4902198612689972,-0.4560208022594452,1.3709560096521056,0.811185325238367,7,5.285919666290283,1.0,0.5917521604634309,0,0,80.0,1.0,1.0,0.9498002889745354,0.8574153184890747,1.3217691481113434,0.21387702226638794,0.25,0.0,0.026213442906737328,1.0,0.0,0.0,0.9767034649848938,1.0,0.9768509724773078,0.9768509724773078,1.0,0.9768509724773078,0.02314902752269216,0.04629805504538433,0.9305529174319235,210.84262486804903,0.004685391663734422,1.634653805237123,-0.08204786336799615,421.67782581844904,0.25099855512732283,0.07813596725463867,1.0,heuristic_fallback
20260514_035650,232,644,51.52,e2,Eval-Transferred-OSD+Fuzzy+OP-CBRS-e2,proxy,-1.0325602293014526,-4.104349136352539,9.130990982055664,16.7390193939209,-0.4277593493461609,-0.5022389888763428,1.3710037419357612,0.8157380344369956,7,5.207775115966797,1.0,0.6048490103786688,0,0,80.0,1.0,1.0,0.9498002889745354,0.8588452041149139,1.3235565051436424,0.2117321938276291,0.25,0.0,0.044837869703769684,1.0,0.0,0.0,0.9767925143241882,1.0,0.976980141560287,0.976980141560287,1.0,0.976980141560287,0.023019858439713003,0.046039716879426006,0.930940424680861,210.82773423367792,0.004685060760748398,1.6210429565458084,-0.0672744746798773,421.67782581844904,0.25099855512732283,0.07814455032348633,1.0,heuristic_fallback
20260514_035650,232,645,51.6,e2,Eval-Transferred-OSD+Fuzzy+OP-CBRS-e2,proxy,-1.0170650482177734,-4.027750492095947,9.132220268249512,16.8004150390625,-0.33768898248672485,-0.5006732940673828,1.3710421193744293,0.8166576347273939,7,5.1296210289001465,1.0,0.5917971050949582,0,0,80.0,1.0,1.0,0.9498002889745354,0.8603289922078451,1.3254112402598064,0.20950651168823242,0.25,0.0,0.04395812004804611,1.0,0.0,0.0,0.9768902063369751,1.0,0.9771142637045174,0.9771142637045174,1.0,0.9771142637045174,0.02288573629548254,0.045771472590965034,0.9313427911135523,210.8147100507672,0.004684771334461493,1.6220737158108338,-0.08061041745427365,421.67782581844904,0.25099855512732283,0.07815408706665039,1.0,heuristic_fallback
20260514_035650,232,646,51.68,e2,Eval-Transferred-OSD+Fuzzy+OP-CBRS-e2,proxy,-1.0015678405761719,-3.951141834259033,9.133370399475098,16.844972610473633,-0.33636391162872314,-0.47316548228263855,1.3710729755725282,0.8096049549624316,7,5.051457405090332,1.0,0.5916227907249482,0,0,80.0,1.0,1.0,0.9498002889745354,0.8618627687295278,1.3273284609119098,0.2072058469057083,0.25,0.0,0.04241809993982315,1.0,0.0,0.0,0.9769960641860962,1.0,0.9772529941516642,0.9772529941516642,1.0,0.9772529941516642,0.02274700584833576,0.04549401169667147,0.9317589824549928,210.80343554436377,0.00468452078987475,1.6236121750224217,-0.08113979520309451,421.67782581844904,0.25099855512732283,0.07816362380981445,1.0,heuristic_fallback
20260514_035650,232,647,51.76,e2,Eval-Transferred-OSD+Fuzzy+OP-CBRS-e2,proxy,-0.9860685467720032,-3.8745229244232178,9.134446144104004,16.897720336914062,-0.24838249385356903,-0.44442442059516907,1.371097784750558,0.8137941389317565,7,4.973283767700195,1.0,0.5972165378361141,0,0,80.0,1.0,1.0,0.9498002889745354,0.8634438812732697,1.329304851591587,0.20483417809009552,0.25,0.0,0.04955509305000305,1.0,0.0,0.0,0.9771094918251038,1.0,0.9773961017655055,0.9773961017655055,1.0,0.9773961017655055,0.02260389823449451,0.04520779646898904,0.9321883052965164,210.79379168193384,0.004684306481820752,1.6186547083257223,-0.07504052793689628,421.67782581844904,0.25099855512732283,0.07817363739013672,1.0,heuristic_fallback
20260514_035650,232,648,51.84,e2,Eval-Transferred-OSD+Fuzzy+OP-CBRS-e2,proxy,-0.9705670475959778,-3.7978930473327637,9.135452270507812,16.984195709228516,-0.1880878061056137,-0.4981173276901245,1.3711177344869387,0.815745887908516,7,4.8950982093811035,1.0,0.5811485919599954,0,0,80.0,1.0,1.0,0.9498002889745354,0.8650689522425333,1.3313361903031666,0.20239657163619995,0.25,0.0,0.030639871954917908,1.0,0.0,0.0,0.9772297143936157,1.0,0.9775432893412709,0.9775432893412709,1.0,0.9775432893412709,0.02245671065872893,0.04491342131745783,0.9326298680238131,210.78565558427772,0.004684125679650616,1.6332473918893522,-0.09322210766422527,421.67782581844904,0.25099855512732283,0.0781855583190918,1.0,heuristic_fallback
20260514_035650,232,649,51.92,e2,Eval-Transferred-OSD+Fuzzy+OP-CBRS-e2,proxy,-0.9550633430480957,-3.721251964569092,9.136393547058105,17.009899139404297,-0.09842289239168167,-0.48001906275749207,1.3711337730295798,0.8339052009851446,7,4.8169026374816895,1.0,0.6126216390074292,0,0,80.0,1.0,1.0,0.9498002889745354,0.8667352994283041,1.3334191242853801,0.19989705085754395,0.25,0.0,0.0607103630900383,1.0,0.0,0.0,0.9773561954498291,1.0,0.9776943221256389,0.9776943221256389,1.0,0.9776943221256389,0.022305677874361034,0.04461135574872203,0.9330829663769169,210.77892421651813,0.004683976093700404,1.6111111103344544,-0.05895871412346776,421.67782581844904,0.25099855512732283,0.07819557189941406,1.0,heuristic_fallback
20260514_035650,232,650,52.0,e2,Eval-Transferred-OSD+Fuzzy+OP-CBRS-e2,proxy,-0.9395573139190674,-3.644599437713623,9.137273788452148,17.02773094177246,-0.09861863404512405,-0.44711142778396606,1.3711466664121896,0.8220611296917509,7,4.7386956214904785,1.0,0.575921119239959,0,0,80.0,1.0,1.0,0.9498002889745354,0.8684407373269399,1.335550921658675,0.19733889400959015,0.25,0.0,0.03356369584798813,1.0,0.0,0.0,0.9774885177612305,1.0,0.9778490099634237,0.9778490099634237,1.0,0.9778490099634237,0.022150990036576192,0.04430198007315234,0.9335470298902714,210.77350527772796,0.004683855672838399,1.631897470240651,-0.09860166486399084,421.67782581844904,0.25099855512732283,0.07820701599121094,1.0,heuristic_fallback
20260514_035650,232,651,52.08,e2,Eval-Transferred-OSD+Fuzzy+OP-CBRS-e2,proxy,-0.9240488409996033,-3.5679352283477783,9.138096809387207,17.12137794494629,0.008872048929333687,-0.46902698278427124,1.3711570314204116,0.8202588777037961,7,4.660476207733154,1.0,0.5999716682274523,0,0,80.0,1.0,1.0,0.9498002889745354,0.870182454586029,1.3377280682325363,0.19472631812095642,0.25,0.0,0.04297447204589844,1.0,0.0,0.0,0.9776263236999512,1.0,0.9780071054915082,0.9780071054915082,1.0,0.9780071054915082,0.021992894508491897,0.043985789016983794,0.9340213164745244,210.7693163581498,0.0046837625857366625,1.6252748174069906,-0.07384619881318184,421.67782581844904,0.25099855512732283,0.07821941375732422,1.0,heuristic_fallback
20260514_035650,232,652,52.16,e2,Eval-Transferred-OSD+Fuzzy+OP-CBRS-e2,proxy,-0.9085379242897034,-3.4912588596343994,9.138866424560547,17.181007385253906,0.024137549102306366,-0.43394726514816284,1.371165364904489,0.8077572486226203,7,4.582244873046875,1.0,0.5860085273992806,0,0,80.0,1.0,1.0,0.9498002889745354,0.8719582358996073,1.339947794874509,0.192062646150589,0.25,0.0,0.030115650966763496,1.0,0.0,0.0,0.9777690768241882,1.0,0.9781684149263764,0.9781684149263764,1.0,0.9781684149263764,0.0218315850736236,0.0436631701472472,0.9345052447791292,210.76626800918632,0.004683694844648585,1.6353628785447365,-0.08933240452540021,421.67782581844904,0.25099855512732283,0.0782313346862793,1.0,heuristic_fallback
20260514_035650,232,653,52.24,e2,Eval-Transferred-OSD+Fuzzy+OP-CBRS-e2,proxy,-0.8930245041847229,-3.4145700931549072,9.139586448669434,17.26201057434082,0.08635382354259491,-0.4428848326206207,1.3711720663980196,0.82252381143296,7,4.504001140594482,1.0,0.6081071009592957,0,0,80.0,1.0,1.0,0.9498002889745354,0.8737664421399435,1.3422080526749294,0.18935033679008484,0.25,0.0,0.051605891436338425,1.0,0.0,0.0,0.9779165983200073,1.0,0.9783327964282539,0.9783327964282539,1.0,0.9783327964282539,0.021667203571746108,0.04333440714349219,0.9349983892847616,210.7642958326328,0.0046836510185029505,1.6196972497526392,-0.06532761637302775,421.67782581844904,0.25099855512732283,0.07824373245239258,1.0,heuristic_fallback
20260514_035650,232,654,52.32,e2,Eval-Transferred-OSD+Fuzzy+OP-CBRS-e2,proxy,-0.8775085806846619,-3.3378686904907227,9.140259742736816,17.288545608520508,0.14022085070610046,-0.47874805331230164,1.371177455624653,0.8194514686047514,7,4.425745487213135,1.0,0.6034037355719808,0,0,80.0,1.0,1.0,0.9498002889745354,0.8756042619546255,1.3445053274432819,0.18659360706806183,0.25,0.0,0.06740110367536545,1.0,0.0,0.0,0.9780682921409607,1.0,0.9785000011464019,0.9785000011464019,1.0,0.9785000011464019,0.02149999885359811,0.04299999770719624,0.9355000034392057,210.76331112125274,0.004683629136027839,1.6083102955270394,-0.06869484716268351,421.67782581844904,0.25099855512732283,0.07825565338134766,1.0,heuristic_fallback
20260514_035650,232,655,52.4,e2,Eval-Transferred-OSD+Fuzzy+OP-CBRS-e2,proxy,-0.8619900345802307,-3.2611544132232666,9.140890121459961,17.344215393066406,0.233088418841362,-0.47751712799072266,1.3711817896344447,0.8141477999722574,7,4.347475528717041,1.0,0.5808746865234462,0,0,80.0,1.0,1.0,0.9498002889745354,0.8774705727895101,1.3468382159868877,0.18379414081573486,0.25,0.0,0.047520700842142105,1.0,0.0,0.0,0.978223979473114,1.0,0.9786699333773402,0.9786699333773402,1.0,0.9786699333773402,0.02133006662265979,0.04266013324531955,0.9360098001320206,210.76325653357446,0.004683627922968322,1.623687175360678,-0.0934700931517593,421.67782581844904,0.25099855512732283,0.07826995849609375,1.0,heuristic_fallback
20260514_035650,232,656,52.48,e2,Eval-Transferred-OSD+Fuzzy+OP-CBRS-e2,proxy,-0.8464688658714294,-3.18442702293396,9.1414794921875,17.3831729888916,0.27324390411376953,-0.4384527802467346,1.3711852718301836,0.8259135605704834,7,4.269193649291992,1.0,0.5904943871501451,0,0,80.0,1.0,1.0,0.9498002889745354,0.8793626228968302,1.3492032786210377,0.18095606565475464,0.25,0.0,0.041123226284980774,1.0,0.0,0.0,0.9783833622932434,1.0,0.9788423486795971,0.9788423486795971,1.0,0.9788423486795971,0.021157651320402992,0.042315302640805984,0.9365270460387911,210.7640666226572,0.004683645924947938,1.6289582938053793,-0.0847389496362839,421.67782581844904,0.25099855512732283,0.07828187942504883,1.0,heuristic_fallback
20260514_035650,232,657,52.56,e2,Eval-Transferred-OSD+Fuzzy+OP-CBRS-e2,proxy,-0.8309449553489685,-3.1076865196228027,9.142030715942383,17.43326759338379,0.33367568254470825,-0.4682745337486267,1.371188074240756,0.8194938250594995,7,4.190897464752197,1.0,0.5888180565231083,0,0,80.0,1.0,1.0,0.9498002889745354,0.8812792003154755,1.3515990003943443,0.1780811995267868,0.25,0.0,0.030877910554409027,1.0,0.0,0.0,0.9785463213920593,1.0,0.9790171423807463,0.9790171423807463,1.0,0.9790171423807463,0.020982857619253656,0.04196571523850731,0.937051427142239,210.76569494267562,0.004683682109837236,1.6371214249579693,-0.08770299515197294,421.67782581844904,0.25099855512732283,0.07829618453979492,1.0,heuristic_fallback
20260514_035650,232,658,52.64,e2,Eval-Transferred-OSD+Fuzzy+OP-CBRS-e2,proxy,-0.8154183626174927,-3.0309324264526367,9.142546653747559,17.487852096557617,0.403804212808609,-0.4558146595954895,1.3711903276612152,0.8195917662561455,7,4.112587928771973,1.0,0.5904724389101044,0,0,80.0,1.0,1.0,0.9498002889745354,0.883219838142395,1.3540247976779938,0.17517024278640747,0.25,0.0,0.021888192743062973,1.0,0.0,0.0,0.9787123799324036,1.0,0.9791942775655356,0.9791942775655356,1.0,0.9791942775655356,0.020805722434464508,0.04161144486892905,0.9375828326966065,210.76807365859997,0.004683734970191111,1.6443488727732087,-0.08720840553095194,421.67782581844904,0.25099855512732283,0.07830953598022461,1.0,heuristic_fallback
20260514_035650,232,659,52.72,e2,Eval-Transferred-OSD+Fuzzy+OP-CBRS-e2,proxy,-0.7998889684677124,-2.954164505004883,9.14302921295166,17.529254913330078,0.42848727107048035,-0.4602339267730713,1.371192138832848,0.8132990639120725,7,4.034264087677002,1.0,0.5960149556979496,0,0,80.0,1.0,1.0,0.9498002889745354,0.8851810693740845,1.3564763367176056,0.1722283959388733,0.25,0.0,0.020687177777290344,1.0,0.0,0.0,0.9788814187049866,1.0,0.979373443073309,0.979373443073309,1.0,0.979373443073309,0.020626556926691034,0.04125311385338207,0.9381203292199269,210.77115800930744,0.004683803511317943,1.6457399418054606,-0.08205363893658335,421.67782581844904,0.25099855512732283,0.0783238410949707,1.0,heuristic_fallback
20260514_035650,232,660,52.8,e2,Eval-Transferred-OSD+Fuzzy+OP-CBRS-e2,proxy,-0.7843567728996277,-2.877382755279541,9.14348030090332,17.5617618560791,0.49909889698028564,-0.43786272406578064,1.3711935946088472,0.8317631210779111,7,3.9559266567230225,1.0,0.6010984165564605,0,0,80.0,1.0,1.0,0.9498002889745354,0.8871629238128662,1.3589536547660828,0.16925561428070068,0.25,0.0,0.02728397585451603,1.0,0.0,0.0,0.979053258895874,1.0,0.9795546465951118,0.9795546465951118,1.0,0.9795546465951118,0.02044535340488814,0.04089070680977628,0.9386639397853356,210.77490405523167,0.004683886756782926,1.6412878068572367,-0.07657663300927205,421.67782581844904,0.25099855512732283,0.07833743095397949,1.0,heuristic_fallback
20260514_035650,232,661,52.88,e2,Eval-Transferred-OSD+Fuzzy+OP-CBRS-e2,proxy,-0.7688217759132385,-2.8005871772766113,9.143901824951172,17.615737915039062,0.5435265898704529,-0.4768258333206177,1.371194764829417,0.8367081705678008,7,3.877574920654297,1.0,0.596230719747253,0,0,80.0,1.0,1.0,0.9498002889745354,0.8891643583774567,1.3614554479718208,0.166253462433815,0.25,0.0,0.026218244805932045,1.0,0.0,0.0,0.9792277812957764,1.0,0.979737797672239,0.979737797672239,1.0,0.979737797672239,0.020262202327760957,0.040524404655521956,0.939213393016717,210.77927456992802,0.004683983879331734,1.6425874637848223,-0.08182257195352752,421.67782581844904,0.25099855512732283,0.07835173606872559,1.0,heuristic_fallback
20260514_035650,232,662,52.96,e2,Eval-Transferred-OSD+Fuzzy+OP-CBRS-e2,proxy,-0.7532838582992554,-2.7237772941589355,9.144296646118164,17.669862747192383,0.5894272923469543,-0.47102147340774536,1.3711957056571493,0.8240754153210738,7,3.799208641052246,1.0,0.6027934072605189,0,0,80.0,1.0,1.0,0.9498002889745354,0.8911835551261902,1.3639794439077377,0.16322466731071472,0.25,0.0,0.03535228595137596,1.0,0.0,0.0,0.9794046878814697,1.0,0.9799227345757989,0.9799227345757989,1.0,0.9799227345757989,0.02007726542420103,0.04015453084840206,0.9397682037273969,210.78422308439804,0.004684093846319957,1.6362417321129228,-0.07462111766721642,421.67782581844904,0.25099855512732283,0.07836627960205078,1.0,heuristic_fallback
20260514_035650,232,663,53.04,e2,Eval-Transferred-OSD+Fuzzy+OP-CBRS-e2,proxy,-0.737743079662323,-2.6469531059265137,9.144665718078613,17.77457046508789,0.6428558826446533,-0.45249056816101074,1.3711964634091085,0.8214881050142757,7,3.720828056335449,1.0,0.6008669993952166,0,0,80.0,1.0,1.0,0.9498002889745354,0.8932194312413534,1.3665242890516918,0.16017085313796997,0.25,0.0,0.04190714657306671,1.0,0.0,0.0,0.9795838594436646,1.0,0.980109362466236,0.980109362466236,1.0,0.980109362466236,0.019890637533763897,0.039781275067527745,0.9403280873987083,210.78971156175294,0.0046842158124833985,1.6318345556754454,-0.07616715265559648,421.67782581844904,0.25099855512732283,0.07838058471679688,1.0,heuristic_fallback
20260514_035650,232,664,53.12,e2,Eval-Transferred-OSD+Fuzzy+OP-CBRS-e2,proxy,-0.7221993803977966,-2.5701143741607666,9.145010948181152,17.81339454650879,0.7147424817085266,-0.4625241458415985,1.3711970723324816,0.8211789421697647,7,3.642432451248169,1.0,0.6059249132219733,0,0,80.0,1.0,1.0,0.9498002889745354,0.8952708641688029,1.3690885802110035,0.15709370374679565,0.25,0.0,0.056927748024463654,1.0,0.0,0.0,0.9797652363777161,1.0,0.9802975825530331,0.9802975825530331,1.0,0.9802975825530331,0.019702417446966925,0.03940483489393389,0.9408927476590992,210.79571201811916,0.004684349155958204,1.6210819628187603,-0.06988742382886208,421.67782581844904,0.25099855512732283,0.07839560508728027,1.0,heuristic_fallback
20260514_035650,232,665,53.2,e2,Eval-Transferred-OSD+Fuzzy+OP-CBRS-e2,proxy,-0.7066527009010315,-2.4932610988616943,9.145333290100098,17.81869125366211,0.7806815505027771,-0.44887593388557434,1.3711975604563456,0.8178069630357885,7,3.5640220642089844,1.0,0.58398340012455,0,0,80.0,1.0,1.0,0.9498002889745354,0.8973372578620911,1.3716715723276138,0.1539941132068634,0.25,0.0,0.037067022174596786,1.0,0.0,0.0,0.9799486398696899,1.0,0.9804873440932665,0.9804873440932665,1.0,0.9804873440932665,0.019512655906733532,0.03902531181346704,0.9414620322797995,210.80218910035592,0.004684493091119021,1.6364941056294824,-0.09409555864012227,421.67782581844904,0.25099855512732283,0.07841038703918457,1.0,heuristic_fallback
20260514_035650,232,666,53.28,e2,Eval-Transferred-OSD+Fuzzy+OP-CBRS-e2,proxy,-0.6911030411720276,-2.4163930416107178,9.145634651184082,17.90998077392578,0.8714208602905273,-0.47113582491874695,1.3711979534535708,0.8151824494472278,7,3.4855966567993164,1.0,0.5932654303483805,0,0,80.0,1.0,1.0,0.9498002889745354,0.8994180957476298,1.3742726196845372,0.1508728563785553,0.25,0.0,0.030090220272541046,1.0,0.0,0.0,0.9801338911056519,1.0,0.9806786034941019,0.9806786034941019,1.0,0.9806786034941019,0.019321396505898238,0.038642793011796475,0.9420358104823053,210.809111588424,0.0046846469241872,1.642246916527409,-0.08579439424746817,421.67782581844904,0.25099855512732283,0.07842540740966797,1.0,heuristic_fallback
20260514_035650,232,667,53.36,e2,Eval-Transferred-OSD+Fuzzy+OP-CBRS-e2,proxy,-0.6755503416061401,-2.339510202407837,9.145916938781738,17.953081130981445,0.9077025055885315,-0.4249567687511444,1.3711982694416804,0.8263160762502137,7,3.407156229019165,1.0,0.5962850707879515,0,0,80.0,1.0,1.0,0.9498002889745354,0.9015115797519684,1.3768894746899605,0.14773263037204742,0.25,0.0,0.026926277205348015,1.0,0.0,0.0,0.980320930480957,1.0,0.9808711990789678,0.9808711990789678,1.0,0.9808711990789678,0.019128800921032175,0.038257601842064365,0.9426135972369034,210.81645439684507,0.0046848100977076685,1.6451432448288883,-0.08337559836746748,421.67782581844904,0.25099855512732283,0.07844042778015137,1.0,heuristic_fallback
20260514_035650,232,668,53.44,e2,Eval-Transferred-OSD+Fuzzy+OP-CBRS-e2,proxy,-0.6599946618080139,-2.2626123428344727,9.146181106567383,18.019210815429688,0.9544179439544678,-0.48399490118026733,1.371198526311496,0.8177607519041656,7,3.328700304031372,1.0,0.6005429282651311,0,0,80.0,1.0,1.0,0.9498002889745354,0.9036172330379486,1.3795215412974358,0.1445741504430771,0.25,0.0,0.02998511679470539,1.0,0.0,0.0,0.9805095791816711,1.0,0.9810650903188334,0.9810650903188334,1.0,0.9810650903188334,0.01893490968116666,0.03786981936233332,0.9431952709565,210.82418406035606,0.0046849818680079125,1.6433755284583653,-0.07909990829815801,421.67782581844904,0.25099855512732283,0.07845592498779297,1.0,heuristic_fallback
20260514_035650,232,669,53.52,e2,Eval-Transferred-OSD+Fuzzy+OP-CBRS-e2,proxy,-0.6444358825683594,-2.185699224472046,9.146428108215332,18.04352378845215,1.0314680337905884,-0.4571901857852936,1.3711987324215786,0.8229968224807381,7,3.2502291202545166,1.0,0.603820479764428,0,0,80.0,1.0,1.0,0.9498002889745354,0.9057338833808899,1.3821673542261124,0.14139917492866516,0.25,0.0,0.03828266263008118,1.0,0.0,0.0,0.980699896812439,1.0,0.9812601724314824,0.9812601724314824,1.0,0.9812601724314824,0.018739827568517543,0.037479655137035044,0.9437805172944475,210.83228557352095,0.004685161901633799,1.6376815316675688,-0.07528056119493037,421.67782581844904,0.25099855512732283,0.07847118377685547,1.0,heuristic_fallback
20260514_035650,232,670,53.6,e2,Eval-Transferred-OSD+Fuzzy+OP-CBRS-e2,proxy,-0.6288740634918213,-2.1087710857391357,9.146658897399902,18.13393783569336,1.0437602996826172,-0.4239465594291687,1.3711988984537373,0.8271677334606506,7,3.1717426776885986,1.0,0.5834281689634192,0,0,80.0,1.0,1.0,0.9498002889745354,0.9078614811102549,1.3848268513878186,0.13820777833461761,0.25,0.0,0.013244976289570332,1.0,0.0,0.0,0.9808915853500366,1.0,0.9814564438660454,0.9814564438660454,1.0,0.9814564438660454,0.01854355613395471,0.037087112267909374,0.944369331598136,210.8407237885226,0.004685349417522725,1.6569916958552933,-0.09846569434823903,421.67782581844904,0.25099855512732283,0.07848644256591797,1.0,heuristic_fallback
20260514_035650,232,671,53.68,e2,Eval-Transferred-OSD+Fuzzy+OP-CBRS-e2,proxy,-0.6133091449737549,-2.031827688217163,9.146875381469727,18.15860366821289,1.1030304431915283,-0.4446731507778168,1.3711990323615846,0.8196008737327524,7,3.09324049949646,1.0,0.6275299346662964,0,0,80.0,1.0,1.0,0.9498002889745354,0.9099995692571005,1.3874994615713756,0.13500064611434937,0.25,0.0,0.056902263313531876,1.0,0.0,0.0,0.9810847043991089,1.0,0.9816538654517396,0.9816538654517396,1.0,0.9816538654517396,0.018346134548260545,0.0366922690965211,0.9449615963552185,210.84948751989623,0.004685544167108806,1.6247832526240333,-0.05029068688875382,421.67782581844904,0.25099855512732283,0.07850217819213867,1.0,heuristic_fallback
20260514_035650,232,672,53.76,e2,Eval-Transferred-OSD+Fuzzy+OP-CBRS-e2,proxy,-0.5977411270141602,-1.9548687934875488,9.147077560424805,18.220178604125977,1.179904580116272,-0.4517814517021179,1.3711991412537656,0.8034513532044868,7,3.0147225856781006,1.0,0.5883910071785687,0,0,80.0,1.0,1.0,0.9498002889745354,0.9121463298797607,1.390182912349701,0.1317805051803589,0.25,0.0,0.04135572165250778,1.0,0.0,0.0,0.9812791347503662,1.0,0.9818522720413748,0.9818522720413748,1.0,0.9818522720413748,0.01814772795862524,0.03629545591725045,0.9455568161241243,210.858551279498,0.004685745583988844,1.6369798490254666,-0.09127762273595341,421.67782581844904,0.25099855512732283,0.07851791381835938,1.0,heuristic_fallback
20260514_035650,232,673,53.84,e2,Eval-Transferred-OSD+Fuzzy+OP-CBRS-e2,proxy,-0.5821699500083923,-1.877894401550293,9.147266387939453,18.303014755249023,1.2328122854232788,-0.4456736147403717,1.371199227835734,0.8265222398853536,7,2.9361889362335205,1.0,0.588346741187805,0,0,80.0,1.0,1.0,0.9498002889745354,0.9143023490905762,1.3928779363632202,0.12854647636413574,0.25,0.0,0.02123815007507801,1.0,0.0,0.0,0.9814748764038086,1.0,0.9820517203769832,0.9820517203769832,1.0,0.9820517203769832,0.01794827962301686,0.03589655924603368,0.9461551611309494,210.8679032055952,0.004685953404568783,1.6526070325112427,-0.0950317693395079,421.67782581844904,0.25099855512732283,0.07853364944458008,1.0,heuristic_fallback
20260514_035650,232,674,53.92,e2,Eval-Transferred-OSD+Fuzzy+OP-CBRS-e2,proxy,-0.5665956735610962,-1.8009045124053955,9.147442817687988,18.332691192626953,1.2804286479949951,-0.44697073101997375,1.3711992980061658,0.8204468419730164,7,2.8576395511627197,1.0,0.6167918513310633,0,0,80.0,1.0,1.0,0.9498002889745354,0.9164665440718333,1.3955831800897915,0.12530018389225006,0.25,0.0,0.04238233342766762,1.0,0.0,0.0,0.9816717505455017,1.0,0.9822521128141192,0.9822521128141192,1.0,0.9822521128141192,0.017747887185880815,0.03549577437176165,0.9467563384423575,210.87752015634226,0.0046861671145853835,1.637289943742115,-0.0664954249617774,421.67782581844904,0.25099855512732283,0.07854938507080078,1.0,heuristic_fallback
20260514_035650,232,675,54.0,e2,Eval-Transferred-OSD+Fuzzy+OP-CBRS-e2,proxy,-0.5510181784629822,-1.723899006843567,9.147607803344727,18.377647399902344,1.336438775062561,-0.46943575143814087,1.3711993526264032,0.8202761097375405,7,2.77907395362854,1.0,0.601091437269892,0,0,80.0,1.0,1.0,0.9498002889745354,0.9186388850212097,1.3982986062765121,0.12204167246818542,0.25,0.0,0.0369466133415699,1.0,0.0,0.0,0.9818697571754456,1.0,0.982453448988352,0.982453448988352,1.0,0.982453448988352,0.017546551011648065,0.03509310202329609,0.9473603469650559,210.88739020938021,0.004686386449097338,1.6419098190440322,-0.08476615058914246,421.67782581844904,0.25099855512732283,0.07856559753417969,1.0,heuristic_fallback
20260514_035650,232,676,54.08,e2,Eval-Transferred-OSD+Fuzzy+OP-CBRS-e2,proxy,-0.5354375243186951,-1.6468777656555176,9.147762298583984,18.447654724121094,1.39734947681427,-0.46139127016067505,1.3711993970958136,0.8386080216412487,7,2.7004926204681396,1.0,0.6089589019542515,0,0,80.0,1.0,1.0,0.9498002889745354,0.9208187510569891,1.4010234388212364,0.11877187341451645,0.25,0.0,0.040570519864559174,1.0,0.0,0.0,0.9820687770843506,1.0,0.9826556736793675,0.9826556736793675,1.0,0.9826556736793675,0.017344326320632396,0.03468865264126479,0.9479670210381027,210.89749392066915,0.0046866109760148695,1.639736855660735,-0.07856174931669425,421.67782581844904,0.25099855512732283,0.07858133316040039,1.0,heuristic_fallback
20260514_035650,232,677,54.16,e2,Eval-Transferred-OSD+Fuzzy+OP-CBRS-e2,proxy,-0.5198537111282349,-1.5698407888412476,9.147907257080078,18.504276275634766,1.4825338125228882,-0.4725528657436371,1.3711994351515453,0.8198369248150759,7,2.6218950748443604,1.0,0.6073656608687045,0,0,80.0,1.0,1.0,0.9498002889745354,0.9230050394932429,1.4037562993665536,0.11549244076013565,0.25,0.0,0.03868762031197548,1.0,0.0,0.0,0.9822688102722168,1.0,0.9828586867017864,0.9828586867017864,1.0,0.9828586867017864,0.01714131329821337,0.03428262659642671,0.9485760601053598,210.90781933442486,0.004686840429653886,1.6416956024342364,-0.08237211752174287,421.67782581844904,0.25099855512732283,0.0785975456237793,1.0,heuristic_fallback
20260514_035650,232,678,54.24,e2,Eval-Transferred-OSD+Fuzzy+OP-CBRS-e2,proxy,-0.5042666792869568,-1.4927879571914673,9.148042678833008,18.52857780456543,1.4915432929992676,-0.4586215019226074,1.3711994664215987,0.8164188820482128,7,2.543281316757202,1.0,0.6049916393483761,0,0,80.0,1.0,1.0,0.9498002889745354,0.9251977602640787,1.4064972003300984,0.11220335960388184,0.25,0.0,0.029377879574894905,1.0,0.0,0.0,0.9824698567390442,1.0,0.983062490954887,0.983062490954887,1.0,0.983062490954887,0.016937509045113073,0.03387501809022619,0.9491874728646608,210.91835448877384,0.004687074544194974,1.6492260881797558,-0.08770695018767492,421.67782581844904,0.25099855512732283,0.0786137580871582,1.0,heuristic_fallback
20260514_035650,232,679,54.32,e2,Eval-Transferred-OSD+Fuzzy+OP-CBRS-e2,proxy,-0.48867642879486084,-1.4157191514968872,9.14816951751709,18.598369598388672,1.546018362045288,-0.41001471877098083,1.3711994876720033,0.8217568093328272,7,2.464651346206665,1.0,0.6293428762270861,0,0,80.0,1.0,1.0,0.9498002889745354,0.927396888534228,1.409246110667785,0.10890466719865799,0.25,0.0,0.055436208844184875,1.0,0.0,0.0,0.9826717376708984,1.0,0.9832670861155715,0.9832670861155715,1.0,0.9832670861155715,0.016732913884428692,0.033465827768857384,0.949801258346714,210.92908025195356,0.004687312894487858,1.6302321232953256,-0.0627807148780571,421.67782581844904,0.25099855512732283,0.07862997055053711,1.0,heuristic_fallback
20260514_035650,232,680,54.4,e2,Eval-Transferred-OSD+Fuzzy+OP-CBRS-e2,proxy,-0.47308292984962463,-1.3386343717575073,9.148287773132324,18.65644073486328,1.6386808156967163,-0.4160670340061188,1.3711995033844424,0.8166334149094507,7,2.386005401611328,1.0,0.623368121161175,0,0,79.0,1.0,1.0,0.9498002889745354,0.9296012918154398,1.4120016147692998,0.10559806227684021,0.25,0.0,0.07136473059654236,1.0,0.0,0.0,0.9828744530677795,1.0,0.9834723686638724,0.9834723686638724,1.0,0.9834723686638724,0.016527631336127623,0.033055262672255246,0.9504171059916172,210.93998734191894,0.004687555274264865,1.6188368328013605,-0.06919313910195,421.67782581844904,0.25099855512732283,0.07864594459533691,1.0,heuristic_fallback
20260514_035650,232,681,54.48,e2,Eval-Transferred-OSD+Fuzzy+OP-CBRS-e2,proxy,-0.45748618245124817,-1.2615336179733276,9.148398399353027,18.72692108154297,1.7124581336975098,-0.4641166627407074,1.3711995198106133,0.8367468145909441,7,2.307342767715454,1.0,0.5978963978884724,0,0,78.0,1.0,1.0,0.9498002889745354,0.9318115413188934,1.4147644266486168,0.10228268802165985,0.25,0.0,0.04363926872611046,1.0,0.0,0.0,0.9830780625343323,1.0,0.9836783935678318,0.9836783935678318,1.0,0.9836783935678318,0.016321606432168338,0.03264321286433665,0.9510351807034951,210.95107339316758,0.004687801630959279,1.6401834915800477,-0.09947245796043604,421.67782581844904,0.25099855512732283,0.07866263389587402,1.0,heuristic_fallback
20260514_035650,232,682,54.56,e2,Eval-Transferred-OSD+Fuzzy+OP-CBRS-e2,proxy,-0.44188618659973145,-1.1844167709350586,9.148502349853516,18.780664443969727,1.7231632471084595,-0.43533259630203247,1.371199534474044,0.837637606805163,7,2.228663682937622,1.0,0.6111766769447519,0,0,77.0,1.0,1.0,0.9498002889745354,0.9340270459651947,1.4175338074564934,0.09895943105220795,0.25,0.0,0.03181054815649986,1.0,0.0,0.0,0.9832824468612671,1.0,0.9838851075113947,0.9838851075113947,1.0,0.9838851075113947,0.016114892488605422,0.032229784977210824,0.9516553225341838,210.96232279787773,0.004688051617730616,1.649608908168831,-0.08940979570065015,421.67782581844904,0.25099855512732283,0.07867908477783203,1.0,heuristic_fallback
20260514_035650,232,683,54.64,e2,Eval-Transferred-OSD+Fuzzy+OP-CBRS-e2,proxy,-0.4262829124927521,-1.1072837114334106,9.148599624633789,18.826231002807617,1.8089405298233032,-0.4563892185688019,1.3711995451362693,0.8323687745017893,7,2.149968147277832,1.0,0.6400481176766056,0,0,76.0,1.0,1.0,0.9498002889745354,0.9362466782331467,1.4203083477914333,0.09562998265028,0.25,0.0,0.06239159032702446,1.0,0.0,0.0,0.983487606048584,1.0,0.9840924068495129,0.9840924068495129,1.0,0.9840924068495129,0.015907593150487148,0.031815186300974296,0.9522772205485386,210.9737261253831,0.004688305025008513,1.6272280346079255,-0.05951577017284445,421.67782581844904,0.25099855512732283,0.07869553565979004,1.0,heuristic_fallback
20260514_035650,232,684,54.72,e2,Eval-Transferred-OSD+Fuzzy+OP-CBRS-e2,proxy,-0.41067636013031006,-1.0301344394683838,9.148690223693848,18.86202049255371,1.899394154548645,-0.44342517852783203,1.371199552376817,0.8183164717222201,7,2.071256160736084,1.0,0.6033396227934129,0,0,74.0,1.0,1.0,0.9498002889745354,0.9384710441033045,1.4230888051291306,0.09229343384504318,0.25,0.0,0.03267340362071991,1.0,0.0,0.0,0.9836934208869934,1.0,0.9843003496695387,0.9843003496695387,1.0,0.9843003496695387,0.015699650330461265,0.03139930066092257,0.9529010490086162,210.98526965879785,0.004688561547973286,1.6500727661051935,-0.10123243842739182,421.67782581844904,0.25099855512732283,0.07871198654174805,1.0,heuristic_fallback
20260514_035650,232,685,54.8,e2,Eval-Transferred-OSD+Fuzzy+OP-CBRS-e2,proxy,-0.3950665295124054,-0.952968955039978,9.148775100708008,18.90411949157715,1.9457402229309082,-0.49389949440956116,1.3711995611115668,0.8282688996919414,8,1.992527723312378,1.0,18.61241226518173,0,0,73.0,1.0,1.0,0.9498002889745354,0.9407000690698624,1.425875086337328,0.08894989639520645,0.25,0.0,0.011622539721429348,1.0,0.0,0.0,0.9839000105857849,1.0,0.9845089305778786,0.9845089305778786,1.0,0.9845089305778786,0.015491069422121324,0.030982138844242665,0.953526791733636,210.9969568066955,0.0046888212623710105,1.6664181702713008,-0.09630206495877029,421.67782581844904,0.25099855512732283,0.07872843742370605,1.0,heuristic_fallback
20260514_035650,232,686,54.88,e2,Eval-Transferred-OSD+Fuzzy+OP-CBRS-e2,proxy,-0.38379326462745667,-0.8751255869865417,9.142189979553223,18.98188018798828,1.9772181510925293,-0.473657488822937,1.4032539967563042,0.8537849887300765,8,10.887274742126465,1.0,0.6144329350070449,0,0,72.0,1.0,1.0,0.9498002889745354,1.0,1.5,0.0,0.25,0.0,0.043670471757650375,1.0,0.0,0.0,0.984107255935669,1.0,0.9901334127352318,0.9901334127352318,1.0,0.9901334127352318,0.00986658726476831,0.019733174529536594,0.9704002382056952,212.47251817504184,0.00472161151500093,1.6572072039766694,-0.07302187908427996,421.67782581844904,0.25099855512732283,0.07836437225341797,1.0,heuristic_fallback
20260514_035650,232,687,54.96,e2,Eval-Transferred-OSD+Fuzzy+OP-CBRS-e2,proxy,-0.37540364265441895,-0.7968504428863525,9.131328582763672,19.03900146484375,2.046860456466675,-0.44350379705429077,1.4291781413721192,0.8842761900547673,8,10.808454513549805,1.0,0.6072846055253239,0,0,74.0,1.0,1.0,0.9498002889745354,0.9937342175592979,1.4921677719491224,0.00939867366105318,0.25,0.0,0.0405193567276001,1.0,0.0,0.0,0.9866320490837097,1.0,0.9895321560869903,0.9895321560869903,1.0,0.9895321560869903,0.010467843913009683,0.02093568782601932,0.968596468260971,213.59394767675906,0.004746532170594646,1.6580040946390315,-0.08209969689258059,421.67782581844904,0.25099855512732283,0.07882022857666016,1.0,heuristic_fallback
20260514_035650,232,688,55.04,e2,Eval-Transferred-OSD+Fuzzy+OP-CBRS-e2,proxy,-0.36893177032470703,-0.7183060646057129,9.117851257324219,19.059255599975586,2.1097874641418457,-0.48650792241096497,1.4501231815049507,0.9116053938310676,8,10.729362487792969,1.0,0.6129171845210588,0,0,76.0,1.0,1.0,0.9498002889745354,0.9874974638223648,1.484371829777956,0.01875380426645279,0.25,0.0,0.045044947415590286,1.0,0.0,0.0,0.9933648109436035,1.0,0.9889353349082245,0.9889353349082245,1.0,0.9889353349082245,0.011064665091775453,0.022129330183550927,0.9668060047246736,214.6090610704341,0.004769090246009647,1.6530507131888057,-0.0766832271913418,421.67782581844904,0.25099855512732283,0.07909202575683594,1.0,heuristic_fallback
20260514_035650,232,689,55.12,e2,Eval-Transferred-OSD+Fuzzy+OP-CBRS-e2,proxy,-0.3637356460094452,-0.6396019458770752,9.102904319763184,19.117507934570312,2.208707571029663,-0.49357283115386963,1.4670313198001965,0.9081216978537723,8,10.650125503540039,1.0,0.5985776241876866,0,0,75.0,1.0,1.0,0.9498002889745354,0.9804457326730093,1.4755571658412616,0.029331400990486145,0.25,0.0,0.02599211595952511,1.0,0.0,0.0,0.9994322061538696,1.0,0.988262499361951,0.988262499361951,1.0,0.988262499361951,0.011737500638048947,0.023475001276097935,0.9647874980858531,215.32666647921405,0.004785037032871424,1.6655774039935156,-0.09290038999078543,421.67782581844904,0.25099855512732283,0.07923698425292969,1.0,heuristic_fallback
20260514_035650,232,690,55.2,e2,Eval-Transferred-OSD+Fuzzy+OP-CBRS-e2,proxy,-0.35938844084739685,-0.5608124136924744,9.087272644042969,19.15717315673828,2.2159409523010254,-0.5233774781227112,1.480671225489867,0.9118204988720743,8,10.570829391479492,1.0,0.6056981905843606,0,0,75.0,1.0,1.0,0.9498002889745354,0.972626638909181,1.4657832986364763,0.04106004163622856,0.25,0.0,0.017149802297353745,1.0,0.0,0.0,1.003489375114441,1.0,0.9875188848820552,0.9875188848820552,1.0,0.9875188848820552,0.012481115117944684,0.02496223023588932,0.9625566546461659,215.74092786311712,0.004794242841402603,1.670254365799187,-0.08614988381849537,421.67782581844904,0.25099855512732283,0.07929611206054688,1.0,heuristic_fallback
20260514_035650,232,691,55.28,e2,Eval-Transferred-OSD+Fuzzy+OP-CBRS-e2,proxy,-0.35560646653175354,-0.4819876551628113,9.07148551940918,19.212629318237305,2.3212759494781494,-0.5114408731460571,1.4916683639123884,0.9440246672329744,8,10.491531372070312,1.0,0.6318354084985842,0,0,74.0,1.0,1.0,0.9498002889745354,0.9643430386980375,1.455428798372547,0.0534854419529438,0.25,0.0,0.05065661668777466,1.0,0.0,0.0,1.0055358409881592,1.0,0.9867338777525592,0.9867338777525592,1.0,0.9867338777525592,0.013266122247440745,0.02653224449488147,0.9602016332576777,215.90731395462535,0.004797940310102785,1.6430533549535855,-0.05583079546809633,421.67782581844904,0.25099855512732283,0.07929801940917969,1.0,heuristic_fallback
20260514_035650,232,692,55.36,e2,Eval-Transferred-OSD+Fuzzy+OP-CBRS-e2,proxy,-0.35220110416412354,-0.40316128730773926,9.055896759033203,19.23526382446289,2.386096239089966,-0.5131304264068604,1.5005305999256129,0.9636313685061816,8,10.412266731262207,1.0,0.594099078424877,0,0,74.0,1.0,1.0,0.9498002889745354,0.9558914452791214,1.4448643065989017,0.0661628320813179,0.25,0.0,0.027665436267852783,1.0,0.0,0.0,1.0059874057769775,1.0,0.9859358856353097,0.9859358856353097,1.0,0.9859358856353097,0.014064114364690471,0.028128228729380922,0.9578076569059287,215.89173041584036,0.004797594009240897,1.658183841913798,-0.09485295140859187,421.67782581844904,0.25099855512732283,0.07926464080810547,1.0,heuristic_fallback
20260514_035650,232,693,55.44,e2,Eval-Transferred-OSD+Fuzzy+OP-CBRS-e2,proxy,-0.34904688596725464,-0.32435524463653564,9.040736198425293,19.293354034423828,2.47243595123291,-0.5335426330566406,1.5076695965255225,0.9762253069167394,8,10.33305835723877,1.0,0.6112990125811916,0,0,74.0,1.0,1.0,0.9498002889745354,0.9475029607613882,1.4343787009517353,0.07874555885791779,0.25,0.0,0.03234256058931351,1.0,0.0,0.0,1.0053133964538574,1.0,0.9851467675756841,0.9851467675756841,1.0,0.9851467675756841,0.014853232424316054,0.029706464848632128,0.9554403027270519,215.75209874136635,0.004794491083141474,1.652578877543269,-0.07607123239547929,421.67782581844904,0.25099855512732283,0.0792083740234375,1.0,heuristic_fallback
20260514_035650,232,694,55.52,e2,Eval-Transferred-OSD+Fuzzy+OP-CBRS-e2,proxy,-0.3460603952407837,-0.24558335542678833,9.02614688873291,19.312915802001953,2.511608123779297,-0.5579313635826111,1.5134185699032063,0.9607026531810006,8,10.253920555114746,1.0,0.6061753601436259,0,0,73.0,1.0,1.0,0.9498002889745354,0.9393384804328283,1.4241731005410354,0.0909922793507576,0.25,0.0,0.03096330538392067,1.0,0.0,0.0,1.0039132833480835,1.0,0.984381495869716,0.984381495869716,1.0,0.984381495869716,0.015618504130283933,0.03123700826056784,0.9531444876091482,215.53360432544696,0.0047896356516765985,1.6515721988651737,-0.08017407839906363,421.67782581844904,0.25099855512732283,0.07913780212402344,1.0,heuristic_fallback
20260514_035650,232,695,55.6,e2,Eval-Transferred-OSD+Fuzzy+OP-CBRS-e2,proxy,-0.3431861400604248,-0.1668538898229599,9.012211799621582,19.373449325561523,2.553284168243408,-0.5863116979598999,1.5180469236208851,0.9555763460345655,8,10.174858093261719,1.0,0.49486932843109843,0,0,72.0,1.0,1.0,0.9498002889745354,0.9315045277277628,1.4143806596597035,0.10274320840835571,0.3333333333333333,0.08333333333333331,0.024560589343309402,1.0,0.0,0.0,1.0020904541015625,1.0,0.9836497639189277,0.9836497639189277,1.0,0.9836497639189277,0.016350236081072344,0.03270047216214472,0.950949291756783,215.26929981261492,0.004783762218058109,1.8210824143860325,-0.21597326792057478,421.67782581844904,0.25099855512732283,0.07906246185302734,1.0,heuristic_fallback
20260514_035650,232,696,55.68,e2,Eval-Transferred-OSD+Fuzzy+OP-CBRS-e2,proxy,-0.34038713574409485,-0.08817122131586075,8.998973846435547,19.391769409179688,2.6372172832489014,-0.6131823658943176,1.5217722609100983,0.9711200763671929,8,10.09587287902832,1.0,0.6063061319353431,0,0,71.0,1.0,1.0,0.9498002889745354,0.9240664740403494,1.4050830925504367,0.11390028893947601,0.3333333333333333,0.0,0.039170779287815094,1.0,0.0,0.0,1.0000604391098022,1.0,0.9829573183465717,0.9829573183465717,1.0,0.9829573183465717,0.01704268165342826,0.03408536330685647,0.9488719550397152,214.98232775694896,0.004777385061265533,1.8082652585057997,-0.0769593909809826,421.67782581844904,0.25099855512732283,0.07898521423339844,1.0,heuristic_fallback
20260514_035650,232,697,55.76,e2,Eval-Transferred-OSD+Fuzzy+OP-CBRS-e2,proxy,-0.337638795375824,-0.009537100791931152,8.986448287963867,19.475561141967773,2.7095532417297363,-0.6228137612342834,1.5247702078580456,0.9717919067744067,8,10.01696491241455,1.0,0.5903895984561263,0,0,71.0,1.0,1.0,0.9498002889745354,0.9170605341593424,1.396325667699178,0.12440919876098633,0.3333333333333333,0.0,0.030862927436828613,1.0,0.0,0.0,0.9979690909385681,1.0,0.9823071459369225,0.9823071459369225,1.0,0.9823071459369225,0.01769285406307753,0.035385708126155095,0.9469214378107674,214.68834035833254,0.004770852007962945,1.812744662423788,-0.09263396149112234,421.67782581844904,0.25099855512732283,0.07890796661376953,1.0,heuristic_fallback
20260514_035650,232,698,55.84,e2,Eval-Transferred-OSD+Fuzzy+OP-CBRS-e2,proxy,-0.33492469787597656,0.06904849410057068,8.974631309509277,19.511795043945312,2.7730274200439453,-0.6458417773246765,1.527182417758489,0.9699607951586683,8,9.938131332397461,1.0,0.5922381544130572,0,0,70.0,1.0,1.0,0.9498002889745354,0.9105039834976196,1.3881299793720245,0.13424402475357056,0.3333333333333333,0.0,0.026471268385648727,1.0,0.0,0.0,0.9959105253219604,1.0,0.981700467513439,0.981700467513439,1.0,0.981700467513439,0.018299532486560997,0.036599064973122014,0.9451014025403169,214.39755571028263,0.004764390126895169,1.814399269046742,-0.09021059925130161,421.67782581844904,0.25099855512732283,0.07883358001708984,1.0,heuristic_fallback
20260514_035650,232,699,55.92,e2,Eval-Transferred-OSD+Fuzzy+OP-CBRS-e2,proxy,-0.33223387598991394,0.14758676290512085,8.963507652282715,19.543685913085938,2.841571092605591,-0.6280574798583984,1.5291230818129573,0.9625393491752663,8,9.859369277954102,1.0,0.5958195498037083,0,0,70.0,1.0,1.0,0.9498002889745354,0.9043993254502615,1.3804991568128269,0.14340101182460785,0.3333333333333333,0.0,0.029181504622101784,1.0,0.0,0.0,0.9939422607421875,1.0,0.9811371514176082,0.9811371514176082,1.0,0.9811371514176082,0.018862848582391765,0.03772569716478349,0.9434114542528247,214.11637157946825,0.004758141590654849,1.8108404273575627,-0.0854029058085883,421.67782581844904,0.25099855512732283,0.07876205444335938,1.0,heuristic_fallback
20260514_035650,232,700,56.0,e2,Eval-Transferred-OSD+Fuzzy+OP-CBRS-e2,proxy,-0.32955899834632874,0.22607962787151337,8.953052520751953,19.598438262939453,2.8867335319519043,-0.6377198696136475,1.5306842123449338,0.9748190242479576,8,9.780672073364258,1.0,0.5848970627163393,0,0,70.0,1.0,1.0,0.9498002889745354,0.8987396657466888,1.373424582183361,0.15189050137996674,0.3333333333333333,0.0,0.01547476090490818,1.0,0.0,0.0,0.992097020149231,1.0,0.9806162269525457,0.9806162269525457,1.0,0.9806162269525457,0.01938377304745416,0.03876754609490833,0.9418486808576374,213.8485830065697,0.004752190733479327,1.8197055702195648,-0.0968177064027969,421.67782581844904,0.25099855512732283,0.07869720458984375,1.0,heuristic_fallback
20260514_035650,232,701,56.08,e2,Eval-Transferred-OSD+Fuzzy+OP-CBRS-e2,proxy,-0.32689517736434937,0.30452948808670044,8.943238258361816,19.64522933959961,2.961026191711426,-0.6501258015632629,1.5319399222696555,0.9824588903940986,8,9.70203685760498,1.0,0.6062570054957478,0,0,69.0,1.0,1.0,0.9498002889745354,0.8935127456982931,1.3668909321228664,0.15973088145256042,0.3333333333333333,0.0,0.03698054701089859,1.0,0.0,0.0,0.9903906583786011,1.0,0.9801362640060004,0.9801362640060004,1.0,0.9801362640060004,0.019863735993999525,0.03972747198799905,0.9404087920180013,213.59620077090267,0.004746582239353393,1.802269500627973,-0.0724853745832801,421.67782581844904,0.25099855512732283,0.07863521575927734,1.0,heuristic_fallback
20260514_035650,232,702,56.16,e2,Eval-Transferred-OSD+Fuzzy+OP-CBRS-e2,proxy,-0.3242391049861908,0.3829389810562134,8.934033393859863,19.694265365600586,3.0377566814422607,-0.6696781516075134,1.5329498897120493,0.9932409785469117,8,9.623458862304688,1.0,0.5870130640355911,0,0,68.0,1.0,1.0,0.9498002889745354,0.8887012104193369,1.3608765130241711,0.16694818437099457,0.3333333333333333,0.0,0.03045000694692135,1.0,0.0,0.0,0.9888281226158142,1.0,0.9796954009791449,0.9796954009791449,1.0,0.9796954009791449,0.02030459902085511,0.04060919804171023,0.9390862029374346,213.36006658147573,0.004741334812921683,1.805964521856217,-0.09162491236383083,421.67782581844904,0.25099855512732283,0.07857799530029297,1.0,heuristic_fallback
20260514_035650,232,703,56.24,e2,Eval-Transferred-OSD+Fuzzy+OP-CBRS-e2,proxy,-0.32158854603767395,0.46131086349487305,8.925406455993652,19.720455169677734,3.0730392932891846,-0.6763929724693298,1.5337621554391758,0.9902579477580291,8,9.544931411743164,1.0,0.5882972129867721,0,0,68.0,1.0,1.0,0.9498002889745354,0.8842865725358328,1.355358215669791,0.17357014119625092,0.3333333333333333,0.0,0.026557276025414467,1.0,0.0,0.0,0.9874074459075928,1.0,0.9792917087851888,0.9792917087851888,1.0,0.9792917087851888,0.020708291214811325,0.041416582429622664,0.9378751263555661,213.14025720471,0.004736450160104666,1.807780410576471,-0.09004465928579787,421.67782581844904,0.25099855512732283,0.07852745056152344,1.0,heuristic_fallback
20260514_035650,232,704,56.32,e2,Eval-Transferred-OSD+Fuzzy+OP-CBRS-e2,proxy,-0.31894198060035706,0.5396478772163391,8.917325019836426,19.785634994506836,3.1843302249908447,-0.6863401532173157,1.5344153863640373,0.9816631317899095,8,9.466453552246094,1.0,0.6006303344692359,0,0,68.0,1.0,1.0,0.9498002889745354,0.8802493015925089,1.3503116269906361,0.17962604761123657,0.3333333333333333,0.0,0.043655719608068466,1.0,0.0,0.0,0.986122727394104,1.0,0.9789231966879054,0.9789231966879054,1.0,0.9789231966879054,0.021076803312094685,0.04215360662418941,0.936769590063716,212.9363876819375,0.004731919726265278,1.7939472601536497,-0.07535789636114167,421.67782581844904,0.25099855512732283,0.07847785949707031,1.0,heuristic_fallback
20260514_035650,232,705,56.4,e2,Eval-Transferred-OSD+Fuzzy+OP-CBRS-e2,proxy,-0.31629839539527893,0.617952823638916,8.909757614135742,19.79047393798828,3.2190165519714355,-0.6980489492416382,1.5349406980870943,0.9807386952929857,8,9.388019561767578,1.0,0.5792010573678285,0,0,67.0,1.0,1.0,0.9498002889745354,0.8765688935915629,1.3457111169894536,0.18514665961265564,0.3333333333333333,0.0,0.028120409697294235,1.0,0.0,0.0,0.9849656820297241,1.0,0.9785878162034584,0.9785878162034584,1.0,0.9785878162034584,0.021412183796541667,0.042824367593083286,0.9357634486103751,212.74778083366664,0.00472772846297037,1.8046786405864939,-0.0977603508652659,421.67782581844904,0.25099855512732283,0.07843399047851562,1.0,heuristic_fallback
20260514_035650,232,706,56.48,e2,Eval-Transferred-OSD+Fuzzy+OP-CBRS-e2,proxy,-0.3136570453643799,0.6962282657623291,8.90267276763916,19.836753845214844,3.307809829711914,-0.6838269233703613,1.535363125298206,0.9916847604993149,8,9.309623718261719,1.0,0.590658483712653,0,0,66.0,1.0,1.0,0.9498002889745354,0.8732259571552277,1.3415324464440346,0.1901610642671585,0.3333333333333333,0.0,0.030966103076934814,1.0,0.0,0.0,0.9839270710945129,1.0,0.9782836482962473,0.9782836482962473,1.0,0.9782836482962473,0.02171635170375281,0.04343270340750558,0.9348509448887417,212.57361140656133,0.004723858031256918,1.8017086364426795,-0.08549958391712192,421.67782581844904,0.25099855512732283,0.07839584350585938,1.0,heuristic_fallback
20260514_035650,232,707,56.56,e2,Eval-Transferred-OSD+Fuzzy+OP-CBRS-e2,proxy,-0.3110174536705017,0.7744768261909485,8.896041870117188,19.86612319946289,3.3648500442504883,-0.686477541923523,1.5357028079129436,0.9943938542790318,8,9.231264114379883,1.0,0.5793608794392858,0,0,66.0,1.0,1.0,0.9498002889745354,0.8701995809872946,1.3377494762341182,0.19470062851905823,0.3333333333333333,0.0,0.016101058572530746,1.0,0.0,0.0,0.9829971790313721,1.0,0.9780086606412122,0.9780086606412122,1.0,0.9780086606412122,0.02199133935878776,0.04398267871757552,0.9340259819236366,212.41296775285628,0.004720288172285696,1.8121008257789992,-0.0978054135307644,421.67782581844904,0.25099855512732283,0.07835960388183594,1.0,heuristic_fallback
20260514_035650,232,708,56.64,e2,Eval-Transferred-OSD+Fuzzy+OP-CBRS-e2,proxy,-0.30837923288345337,0.8527008891105652,8.889837265014648,19.938827514648438,3.4548544883728027,-0.6888753771781921,1.5359759465297025,0.9966343193459906,8,9.152935981750488,1.0,0.5974287107077867,0,0,65.0,1.0,1.0,0.9498002889745354,0.8674719532330831,1.334339941541354,0.19879207015037537,0.3333333333333333,0.0,0.030386604368686676,1.0,0.0,0.0,0.9821665287017822,1.0,0.9777611247160187,0.9777611247160187,1.0,0.9777611247160187,0.02223887528398129,0.0444777505679626,0.9332833741480562,212.26492963760575,0.004716998436391239,1.8007047594933294,-0.07788383856683492,421.67782581844904,0.25099855512732283,0.07832813262939453,1.0,heuristic_fallback
20260514_035650,232,709,56.72,e2,Eval-Transferred-OSD+Fuzzy+OP-CBRS-e2,proxy,-0.3057421147823334,0.9309027194976807,8.884031295776367,19.991727828979492,3.483546495437622,-0.7092624306678772,1.5361955729000787,1.0067638428821226,8,9.074638366699219,1.0,0.5845904616039103,0,0,65.0,1.0,1.0,0.9498002889745354,0.8650244871775309,1.3312806089719136,0.2024632692337036,0.3333333333333333,0.0,0.0257267989218235,1.0,0.0,0.0,0.9814260005950928,1.0,0.9775392606395673,0.9775392606395673,1.0,0.9775392606395673,0.022460739360432733,0.04492147872086551,0.9326177819187018,212.1285884350673,0.0047139686318903844,1.803587747064589,-0.09079510258379342,421.67782581844904,0.25099855512732283,0.07829761505126953,1.0,heuristic_fallback
20260514_035650,232,710,56.8,e2,Eval-Transferred-OSD+Fuzzy+OP-CBRS-e2,proxy,-0.3031059205532074,1.0090845823287964,8.878599166870117,20.001785278320312,3.5924789905548096,-0.7073173522949219,1.5363721686729137,0.9848457300451741,8,8.996366500854492,1.0,0.590754725797433,0,0,65.0,1.0,1.0,0.9498002889745354,0.8628403743108114,1.3285504678885143,0.20573943853378296,0.3333333333333333,0.0,0.031406719237565994,1.0,0.0,0.0,0.9807672500610352,1.0,0.977341466463677,0.977341466463677,1.0,0.977341466463677,0.022658533536323015,0.045317067072646045,0.932024399391031,212.0030778996006,0.004711179508880014,1.798781778611102,-0.08371955950529612,421.67782581844904,0.25099855512732283,0.07827186584472656,1.0,heuristic_fallback
20260514_035650,232,711,56.88,e2,Eval-Transferred-OSD+Fuzzy+OP-CBRS-e2,proxy,-0.3004705011844635,1.08724844455719,8.873517990112305,20.075809478759766,3.6104953289031982,-0.7210884094238281,1.5365141620109317,0.986771570672913,8,8.91811752319336,1.0,0.5845049513015936,0,0,64.0,1.0,1.0,0.9498002889745354,0.8609022001425425,1.326127750178178,0.20864669978618622,0.3333333333333333,0.0,0.027903178706765175,1.0,0.0,0.0,0.980182409286499,1.0,0.9771660998135636,0.9771660998135636,1.0,0.9771660998135636,0.022833900186436412,0.04566780037287284,0.9314982994406907,211.88757038227232,0.004708612675161607,1.8009248904671356,-0.09001485688864268,421.67782581844904,0.25099855512732283,0.07824897766113281,1.0,heuristic_fallback
20260514_035650,232,712,56.96,e2,Eval-Transferred-OSD+Fuzzy+OP-CBRS-e2,proxy,-0.29783573746681213,1.1653962135314941,8.868764877319336,20.08892250061035,3.687528610229492,-0.7387810945510864,1.5366283315703264,0.9929892280696158,8,8.839890480041504,1.0,0.5896087651493715,0,0,64.0,1.0,1.0,0.9498002889745354,0.8591962158679962,1.3239952698349953,0.21120567619800568,0.3333333333333333,0.0,0.03299140930175781,1.0,0.0,0.0,0.9796643257141113,1.0,0.9770118624059515,0.9770118624059515,1.0,0.9770118624059515,0.02298813759404853,0.045976275188097014,0.9310355872178545,211.7812973206237,0.004706251051569416,1.7966822214522544,-0.08412498486621338,421.67782581844904,0.25099855512732283,0.07822704315185547,1.0,heuristic_fallback
20260514_035650,232,713,57.04,e2,Eval-Transferred-OSD+Fuzzy+OP-CBRS-e2,proxy,-0.29520153999328613,1.2435296773910522,8.864317893981934,20.15833854675293,3.793334484100342,-0.7000415325164795,1.5367201292290777,0.9911012015789679,8,8.76168155670166,1.0,0.5799398149450343,0,0,63.0,1.0,1.0,0.9498002889745354,0.8577061394850413,1.3221326743563016,0.21344079077243805,0.3333333333333333,0.0,0.022987905889749527,1.0,0.0,0.0,0.9792065024375916,1.0,0.97687723745122,0.97687723745122,1.0,0.97687723745122,0.02312276254877985,0.04624552509755967,0.9306317123536604,211.68354102252317,0.004704078689389404,1.803812329915522,-0.09455736769830127,421.67782581844904,0.25099855512732283,0.07820892333984375,1.0,heuristic_fallback
20260514_035650,232,714,57.12,e2,Eval-Transferred-OSD+Fuzzy+OP-CBRS-e2,proxy,-0.29256778955459595,1.3216506242752075,8.860158920288086,20.209569931030273,3.810633659362793,-0.7394535541534424,1.5367939373783417,0.9893764114292483,8,8.683487892150879,1.0,0.5995993457158181,0,0,62.0,1.0,1.0,0.9498002889745354,0.8564188083012899,1.3205235103766124,0.21537178754806519,0.3333333333333333,0.0,0.044692512601614,1.0,0.0,0.0,0.9788029789924622,1.0,0.9767609992858609,0.9767609992858609,1.0,0.9767609992858609,0.023239000714139077,0.046478001428278126,0.9302829978575827,211.59362850074024,0.004702080633349783,1.7872120420856856,-0.07252472971107529,421.67782581844904,0.25099855512732283,0.07819366455078125,1.0,heuristic_fallback
20260514_035650,232,715,57.2,e2,Eval-Transferred-OSD+Fuzzy+OP-CBRS-e2,proxy,-0.2899344563484192,1.3997606039047241,8.856267929077148,20.221492767333984,3.8764536380767822,-0.7413609027862549,1.5368532813570155,0.998984160079066,8,8.60530948638916,1.0,0.5768294264796154,0,0,61.0,1.0,1.0,0.9498002889745354,0.8553216556708018,1.3191520695885022,0.2170175164937973,0.3333333333333333,0.0,0.03148944303393364,1.0,0.0,0.0,0.9784486889839172,1.0,0.976661983698613,0.976661983698613,1.0,0.976661983698613,0.02333801630138691,0.0466760326027738,0.9299859510958391,211.51096624317245,0.004700243694292721,1.796840056103824,-0.09643105776947974,421.67782581844904,0.25099855512732283,0.07817840576171875,1.0,heuristic_fallback
20260514_035650,232,716,57.28,e2,Eval-Transferred-OSD+Fuzzy+OP-CBRS-e2,proxy,-0.2873014509677887,1.4778610467910767,8.852628707885742,20.261707305908203,3.955728054046631,-0.7188308835029602,1.5369009954676203,0.9802830657982876,8,8.527142524719238,1.0,0.5819719587373257,0,0,61.0,1.0,1.0,0.9498002889745354,0.8544015089670817,1.318001886208852,0.21839773654937744,0.3333333333333333,0.0,0.025767454877495766,1.0,0.0,0.0,0.9781385660171509,1.0,0.9765789783886385,0.9765789783886385,1.0,0.9765789783886385,0.02342102161136142,0.04684204322272281,0.9297369351659157,211.4349684687736,0.004698554854861636,1.8009015105452224,-0.09171335923536554,421.67782581844904,0.25099855512732283,0.07816696166992188,1.0,heuristic_fallback
20260514_035650,232,717,57.36,e2,Eval-Transferred-OSD+Fuzzy+OP-CBRS-e2,proxy,-0.2846687436103821,1.5559533834457397,8.849225044250488,20.33499526977539,4.020435333251953,-0.765194833278656,1.5369393583089774,0.9896509997982204,8,8.44898796081543,1.0,0.5899455542614335,0,0,60.0,1.0,1.0,0.9498002889745354,0.8536482850710551,1.3170603563388188,0.21952757239341736,0.3333333333333333,0.0,0.0329192690551281,1.0,0.0,0.0,0.9778685569763184,1.0,0.9765110553341793,0.9765110553341793,1.0,0.9765110553341793,0.023488944665820712,0.046977889331641424,0.9295331660025379,211.36513433821528,0.004697002985293673,1.7953493439379915,-0.08288893072904183,421.67782581844904,0.25099855512732283,0.0781545639038086,1.0,heuristic_fallback
20260514_035650,232,718,57.44,e2,Eval-Transferred-OSD+Fuzzy+OP-CBRS-e2,proxy,-0.28203627467155457,1.6340388059616089,8.846041679382324,20.368267059326172,4.078752517700195,-0.7582410573959351,1.5369702032872006,0.9883135249292284,8,8.370840072631836,1.0,0.5797532005323415,0,0,60.0,1.0,1.0,0.9498002889745354,0.8530506591002146,1.3163133238752682,0.22042401134967804,0.3333333333333333,0.0,0.024111982434988022,1.0,0.0,0.0,0.9776346683502197,1.0,0.9764571791382481,0.9764571791382481,1.0,0.9764571791382481,0.023542820861751853,0.04708564172350374,0.9293715374147444,211.30098096473557,0.004695577354771901,1.8018054024103864,-0.09387034422074479,421.67782581844904,0.25099855512732283,0.07814788818359375,1.0,heuristic_fallback
20260514_035650,232,719,57.52,e2,Eval-Transferred-OSD+Fuzzy+OP-CBRS-e2,proxy,-0.27940401434898376,1.7121186256408691,8.843063354492188,20.429885864257812,4.154443264007568,-0.7511861324310303,1.5369950028617443,0.988754440677326,8,8.292701721191406,1.0,0.5821181692546367,0,0,59.0,1.0,1.0,0.9498002889745354,0.8525991638501486,1.3157489548126857,0.22110125422477722,0.3333333333333333,0.0,0.01850293017923832,1.0,0.0,0.0,0.9774335622787476,1.0,0.9764164858232702,0.9764164858232702,1.0,0.9764164858232702,0.023583514176729777,0.04716702835345951,0.9292494574698107,211.24208019527987,0.004694268448783997,1.805899317789682,-0.09197475656777111,421.67782581844904,0.25099855512732283,0.07813835144042969,1.0,heuristic_fallback
20260514_035650,232,720,57.6,e2,Eval-Transferred-OSD+Fuzzy+OP-CBRS-e2,proxy,-0.2767719030380249,1.790194034576416,8.840277671813965,20.465744018554688,4.186446666717529,-0.7399916052818298,1.5370149423240262,0.9729744642394312,8,8.214569091796875,1.0,0.5907941043699814,0,0,59.0,1.0,1.0,0.9498002889745354,0.8522830804189047,1.3153538505236309,0.22157537937164307,0.3333333333333333,0.0,0.026811467483639717,1.0,0.0,0.0,0.9772619605064392,1.0,0.9763880018721935,0.9763880018721935,1.0,0.9763880018721935,0.02361199812780638,0.0472239962556128,0.9291640056165807,211.18801671483573,0.00469306703810746,1.79958889395357,-0.08240891151063412,421.67782581844904,0.25099855512732283,0.07813262939453125,1.0,heuristic_fallback
20260514_035650,232,721,57.68,e2,Eval-Transferred-OSD+Fuzzy+OP-CBRS-e2,proxy,-0.2741399109363556,1.868265986442566,8.837672233581543,20.52330207824707,4.271363735198975,-0.7767245173454285,1.5370309737808516,0.9963346741464797,8,8.13644027709961,1.0,0.5978589788335944,0,0,58.0,1.0,1.0,0.9498002889745354,0.8520948588848114,1.3151185736060143,0.2218577116727829,0.3333333333333333,0.0,0.04762352257966995,1.0,0.0,0.0,0.9771172404289246,1.0,0.9763710420649508,0.9763710420649508,1.0,0.9763710420649508,0.023628957935049103,0.04725791587009822,0.9291131261948526,211.13843437075695,0.004691965208239043,1.7839327972480241,-0.07322596971738615,421.67782581844904,0.25099855512732283,0.07812881469726562,1.0,heuristic_fallback
20260514_035650,232,722,57.76,e2,Eval-Transferred-OSD+Fuzzy+OP-CBRS-e2,proxy,-0.27150800824165344,1.9463355541229248,8.835235595703125,20.54792022705078,4.339321136474609,-0.7568926215171814,1.5370438626558667,0.9825542586462526,8,8.058316230773926,1.0,0.5796565911119382,0,0,57.0,1.0,1.0,0.9498002889745354,0.8520262837409973,1.3150328546762466,0.22196057438850403,0.3333333333333333,0.0,0.04079827666282654,1.0,0.0,0.0,0.976996898651123,1.0,0.9763648634027676,0.9763648634027676,1.0,0.9763648634027676,0.02363513659723237,0.04727027319446474,0.9290945902083029,211.09299671254848,0.004690955482501078,1.7890345878997032,-0.09208110315635916,421.67782581844904,0.25099855512732283,0.0781240463256836,1.0,heuristic_fallback
20260514_035650,232,723,57.84,e2,Eval-Transferred-OSD+Fuzzy+OP-CBRS-e2,proxy,-0.2688761353492737,2.0244035720825195,8.832956314086914,20.605817794799805,4.385179042816162,-0.7777803540229797,1.5370542250582901,0.9822036765030145,8,7.98019552230835,1.0,0.5738170595284341,0,0,56.0,1.0,1.0,0.9498002889745354,0.8520697752634684,1.3150872190793355,0.22189533710479736,0.3333333333333333,0.0,0.023448016494512558,1.0,0.0,0.0,0.9768986701965332,1.0,0.9763687819943596,0.9763687819943596,1.0,0.9763687819943596,0.023631218005640293,0.04726243601128056,0.9291063459830791,211.0513941971658,0.004690030982159241,1.8020581559065565,-0.09964414061516726,421.67782581844904,0.25099855512732283,0.07812070846557617,1.0,heuristic_fallback
20260514_035650,232,724,57.92,e2,Eval-Transferred-OSD+Fuzzy+OP-CBRS-e2,proxy,-0.2662442922592163,2.102471113204956,8.830824851989746,20.661378860473633,4.453116416931152,-0.7824771404266357,1.537062557018642,0.9682695389360034,8,7.902075290679932,1.0,0.6000721946983854,0,0,55.0,1.0,1.0,0.9498002889745354,0.8522170980771383,1.315271372596423,0.2216743528842926,0.3333333333333333,0.0,0.04766310006380081,1.0,0.0,0.0,0.9768205881118774,1.0,0.976382056340548,0.976382056340548,1.0,0.976382056340548,0.023617943659452016,0.04723588731890399,0.9291461690216439,211.01334401656322,0.004689185422590294,1.7839336739330076,-0.07098057516586555,421.67782581844904,0.25099855512732283,0.07812023162841797,1.0,heuristic_fallback
20260514_035650,232,725,58.0,e2,Eval-Transferred-OSD+Fuzzy+OP-CBRS-e2,proxy,-0.26361244916915894,2.1805386543273926,8.82883071899414,20.683761596679688,4.525497913360596,-0.7678788900375366,1.5370692557764178,0.9879855033733964,8,7.823956489562988,1.0,0.5881657610397744,0,0,54.0,1.0,1.0,0.9498002889745354,0.8524626096089681,1.3155782620112102,0.22130608558654785,0.3333333333333333,0.0,0.05503459647297859,1.0,0.0,0.0,0.9767608642578125,1.0,0.976404179724732,0.976404179724732,1.0,0.976404179724732,0.023595820275268083,0.04719164055053618,0.9292125391741959,210.9785879738629,0.004688413066085842,1.7784664295090817,-0.08216790995479245,421.67782581844904,0.25099855512732283,0.07811880111694336,1.0,heuristic_fallback
20260514_035650,232,726,58.08,e2,Eval-Transferred-OSD+Fuzzy+OP-CBRS-e2,proxy,-0.2609805762767792,2.2586071491241455,8.826966285705566,20.723485946655273,4.59948205947876,-0.8036159873008728,1.537074641839041,0.9956114344782716,8,7.745838165283203,1.0,0.5705481434607614,0,0,53.0,1.0,1.0,0.9498002889745354,0.8527993063131968,1.315999132891496,0.22080104053020477,0.3333333333333333,0.0,0.033727772533893585,1.0,0.0,0.0,0.9767177700996399,1.0,0.9764345237138237,0.9764345237138237,1.0,0.9764345237138237,0.023565476286176383,0.04713095257235272,0.929303571141471,210.9468764219174,0.004687708364931499,1.7945307216394528,-0.10194807899406688,421.67782581844904,0.25099855512732283,0.07811832427978516,1.0,heuristic_fallback
20260514_035650,232,727,58.16,e2,Eval-Transferred-OSD+Fuzzy+OP-CBRS-e2,proxy,-0.25834864377975464,2.336677312850952,8.82522201538086,20.767250061035156,4.632904529571533,-0.7651695609092712,1.5370789724406455,0.9765608472439761,8,7.667717456817627,1.0,0.5880538383614318,0,0,52.0,1.0,1.0,0.9498002889745354,0.8532221714655558,1.3165277143319447,0.22016674280166626,0.3333333333333333,0.0,0.039371319115161896,1.0,0.0,0.0,0.9766897559165955,1.0,0.9764726396285611,0.9764726396285611,1.0,0.9764726396285611,0.02352736037143887,0.04705472074287778,0.9294179188856834,210.9179863896444,0.0046870663642143194,1.7904037779915913,-0.0839327593016162,421.67782581844904,0.25099855512732283,0.07812070846557617,1.0,heuristic_fallback
20260514_035650,232,728,58.24,e2,Eval-Transferred-OSD+Fuzzy+OP-CBRS-e2,proxy,-0.25571662187576294,2.41474986076355,8.823590278625488,20.838871002197266,4.713630199432373,-0.7616747617721558,1.5370824539251478,0.984472794267105,8,7.589595794677734,1.0,0.5927908502670555,0,0,51.0,1.0,1.0,0.9498002889745354,0.8537242313226064,1.317155289153258,0.2194136530160904,0.3333333333333333,0.0,0.05332646891474724,1.0,0.0,0.0,0.9766756296157837,1.0,0.9765179029037966,0.9765179029037966,1.0,0.9765179029037966,0.023482097096203344,0.04696419419240667,0.9295537087113899,210.89171926281097,0.004686482650284689,1.7800629306061648,-0.07785567192304889,421.67782581844904,0.25099855512732283,0.07812166213989258,1.0,heuristic_fallback
20260514_035650,232,729,58.32,e2,Eval-Transferred-OSD+Fuzzy+OP-CBRS-e2,proxy,-0.2530845105648041,2.4928252696990967,8.822064399719238,20.865337371826172,4.779343128204346,-0.7631481289863586,1.5370852533609163,0.9917630560035818,8,7.511471748352051,1.0,0.5872495045474733,0,0,49.0,1.0,1.0,0.9498002889745354,0.8543016811211904,1.317877101401488,0.21854747831821442,0.3333333333333333,0.0,0.059602413326501846,1.0,0.0,0.0,0.9766743779182434,1.0,0.9765699750082261,0.9765699750082261,1.0,0.9765699750082261,0.02343002499177388,0.04686004998354776,0.9297099250246783,210.86789713620158,0.004685953269693369,1.7755003347469949,-0.08283950731132438,421.67782581844904,0.25099855512732283,0.0781240463256836,1.0,heuristic_fallback
20260514_035650,232,730,58.4,e2,Eval-Transferred-OSD+Fuzzy+OP-CBRS-e2,proxy,-0.25045228004455566,2.57090425491333,8.820636749267578,20.87801742553711,4.829728126525879,-0.7502498626708984,1.5370875042524845,0.9834290946345617,8,7.433344841003418,1.0,0.5757161470020223,0,0,48.0,1.0,1.0,0.9498002889745354,0.8549494544665018,1.3186868180831273,0.2175758183002472,0.3333333333333333,0.0,0.04727603867650032,1.0,0.0,0.0,0.9766846299171448,1.0,0.976628403941108,0.976628403941108,1.0,0.976628403941108,0.023371596058892195,0.04674319211778439,0.9298852118233235,210.84633014397707,0.004685474003199491,1.784907059070824,-0.09568495984807839,421.67782581844904,0.25099855512732283,0.07812690734863281,1.0,heuristic_fallback
20260514_035650,232,731,58.48,e2,Eval-Transferred-OSD+Fuzzy+OP-CBRS-e2,proxy,-0.2478199154138565,2.648987293243408,8.81930160522461,20.9337215423584,4.932799816131592,-0.8044900894165039,1.537089314293662,0.9830539405118617,8,7.3552141189575195,1.0,0.5892571361459606,0,0,47.0,1.0,1.0,0.9498002889745354,0.8556618789831797,1.3195773487289746,0.2165071815252304,0.3333333333333333,0.0,0.05600503087043762,1.0,0.0,0.0,0.9767055511474609,1.0,0.9766926831166383,0.9766926831166383,1.0,0.9766926831166383,0.023307316883361844,0.04661463376672369,0.9300780493499146,210.82686465897132,0.0046850414368660295,1.7785384210545405,-0.08136172384662338,421.67782581844904,0.25099855512732283,0.07813072204589844,1.0,heuristic_fallback
20260514_035650,232,732,58.56,e2,Eval-Transferred-OSD+Fuzzy+OP-CBRS-e2,proxy,-0.2451874017715454,2.7270750999450684,8.818053245544434,21.00544548034668,4.99329948425293,-0.7774205803871155,1.5370907696165805,0.996893909868158,8,7.277078628540039,1.0,0.567323411127035,0,0,44.0,1.0,1.0,0.9498002889745354,0.8564364115397135,1.3205455144246419,0.2153453826904297,0.3333333333333333,0.0,0.028742317110300064,1.0,0.0,0.0,0.9767361879348755,1.0,0.9767625883185557,0.9767625883185557,1.0,0.9767625883185557,0.023237411681444328,0.04647482336288863,0.930287764955667,210.80934967896656,0.004684652215088146,1.7991790895137771,-0.10612331803625775,421.67782581844904,0.25099855512732283,0.07813549041748047,1.0,heuristic_fallback
20260514_035650,232,733,58.64,e2,Eval-Transferred-OSD+Fuzzy+OP-CBRS-e2,proxy,-0.2425547093153,2.8051679134368896,8.816885948181152,21.03314208984375,5.062321186065674,-0.7827014327049255,1.5370919394310258,0.990115461264245,8,7.198939323425293,1.0,0.5946626752748725,0,0,43.0,1.0,1.0,0.9498002889745354,0.8572686115900675,1.3215857644875844,0.21409708261489868,0.3333333333333333,0.0,0.04410072788596153,1.0,0.0,0.0,0.9767758250236511,1.0,0.9768377241508304,0.9768377241508304,1.0,0.9768377241508304,0.023162275849169713,0.046324551698339385,0.930513172452491,210.79365565593173,0.004684303459020705,1.7878683314446195,-0.0773506386692686,421.67782581844904,0.25099855512732283,0.0781393051147461,1.0,heuristic_fallback
20260514_035650,232,734,58.72,e2,Eval-Transferred-OSD+Fuzzy+OP-CBRS-e2,proxy,-0.23992183804512024,2.8832662105560303,8.815793991088867,21.05975341796875,5.136754512786865,-0.7561065554618835,1.5370928797449324,1.0033064199962551,8,7.12079381942749,1.0,0.574910827577995,0,0,42.0,1.0,1.0,0.9498002889745354,0.858154704173406,1.3226933802167575,0.21276794373989105,0.3333333333333333,0.0,0.028153041377663612,1.0,0.0,0.0,0.9768236875534058,1.0,0.9769177551840588,0.9769177551840588,1.0,0.9769177551840588,0.02308224481594129,0.04616448963188259,0.9307532655521762,210.7796536832907,0.004683992304073127,1.8000506194716774,-0.09881685869059292,421.67782581844904,0.25099855512732283,0.07814550399780273,1.0,heuristic_fallback
20260514_035650,232,735,58.8,e2,Eval-Transferred-OSD+Fuzzy+OP-CBRS-e2,proxy,-0.23728875815868378,2.9613704681396484,8.814772605895996,21.091297149658203,5.1859917640686035,-0.749047040939331,1.537093635590268,0.9919047070189438,8,7.0426435470581055,1.0,0.5864972150232192,0,0,41.0,1.0,1.0,0.9498002889745354,0.8590908646583557,1.3238635808229446,0.21136370301246643,0.3333333333333333,0.0,0.029714003205299377,1.0,0.0,0.0,0.9768790602684021,1.0,0.9770023413415627,0.9770023413415627,1.0,0.9770023413415627,0.022997658658437215,0.04599531731687438,0.9310070240246884,210.76722143516247,0.0046837160318925,1.7991139382221881,-0.08719183296901034,421.67782581844904,0.25099855512732283,0.07815027236938477,1.0,heuristic_fallback
20260514_035650,232,736,58.88,e2,Eval-Transferred-OSD+Fuzzy+OP-CBRS-e2,proxy,-0.2346554696559906,3.0394811630249023,8.813817024230957,21.149700164794922,5.270509719848633,-0.7808312773704529,1.537094243556208,0.9918565862679452,8,6.964486598968506,1.0,0.5919674822392769,0,0,40.0,1.0,1.0,0.9498002889745354,0.8600739240646362,1.3250924050807953,0.20988911390304565,0.3333333333333333,0.0,0.04027591273188591,1.0,0.0,0.0,0.9769414663314819,1.0,0.9770912015826051,0.9770912015826051,1.0,0.9770912015826051,0.02290879841739488,0.04581759683478974,0.9312736047478154,210.75625751222515,0.004683472389160558,1.7914382709288184,-0.08079705934199619,421.67782581844904,0.25099855512732283,0.07815694808959961,1.0,heuristic_fallback
20260514_035650,232,737,58.96,e2,Eval-Transferred-OSD+Fuzzy+OP-CBRS-e2,proxy,-0.23202195763587952,3.117598533630371,8.812923431396484,21.178985595703125,5.323021411895752,-0.8010146021842957,1.5370947321707416,0.9817632470726704,8,6.88632345199585,1.0,0.5697033834326563,0,0,39.0,1.0,1.0,0.9498002889745354,0.8611007233460745,1.326375904182593,0.20834891498088837,0.3333333333333333,0.0,0.014467574656009674,1.0,0.0,0.0,0.9770103096961975,1.0,0.9771840555561352,0.9771840555561352,1.0,0.9771840555561352,0.02281594444386469,0.04563188888772933,0.9315521666684059,210.74665696944987,0.004683259043765553,1.811051224306085,-0.10577566629963142,421.67782581844904,0.25099855512732283,0.07816314697265625,1.0,heuristic_fallback
20260514_035650,232,738,59.04,e2,Eval-Transferred-OSD+Fuzzy+OP-CBRS-e2,proxy,-0.22938820719718933,3.195722818374634,8.812087059020996,21.248733520507812,5.382426738739014,-0.7949477434158325,1.5370951247787132,0.9998543694147105,8,6.8081536293029785,1.0,0.5887657276573366,0,0,38.0,1.0,1.0,0.9498002889745354,0.8621693750222524,1.3277117187778156,0.2067459374666214,0.3333333333333333,0.0,0.017753586173057556,1.0,0.0,0.0,0.9770851731300354,1.0,0.9772807377145979,0.9772807377145979,1.0,0.9772807377145979,0.022719262285402227,0.04543852457080447,0.9318422131437935,210.738332763911,0.0046830740614202445,1.8088538785873436,-0.08652496469193834,421.67782581844904,0.25099855512732283,0.0781698226928711,1.0,heuristic_fallback
20260514_035650,232,739,59.12,e2,Eval-Transferred-OSD+Fuzzy+OP-CBRS-e2,proxy,-0.22675420343875885,3.2738544940948486,8.811305046081543,21.289934158325195,5.4710164070129395,-0.7861530780792236,1.5370954405764694,0.9824078091663666,8,6.729976654052734,1.0,0.5952955923090255,0,0,37.0,1.0,1.0,0.9498002889745354,0.863275428613027,1.3290942857662837,0.2050868570804596,0.3333333333333333,0.0,0.031920187175273895,1.0,0.0,0.0,0.9771654009819031,1.0,0.9773808503734348,0.9773808503734348,1.0,0.9773808503734348,0.02261914962656513,0.045238299253130235,0.9321425511203045,210.7311832433635,0.0046829151831858555,1.798505441233375,-0.07872480808597049,421.67782581844904,0.25099855512732283,0.07817697525024414,1.0,heuristic_fallback
20260514_035650,232,740,59.2,e2,Eval-Transferred-OSD+Fuzzy+OP-CBRS-e2,proxy,-0.22411993145942688,3.351994037628174,8.81057357788086,21.328763961791992,5.5103559494018555,-0.8115577101707458,1.537095694509003,0.986829891101946,8,6.651791095733643,1.0,0.5819543530305609,0,0,36.0,1.0,1.0,0.9498002889745354,0.8644182483355204,1.3305228104194005,0.20337262749671936,0.3333333333333333,0.0,0.025320490822196007,1.0,0.0,0.0,0.9772507548332214,1.0,0.9774843407990875,0.9774843407990875,1.0,0.9774843407990875,0.02251565920091256,0.04503131840182512,0.9324530223972624,210.72514124217116,0.004682780916492693,1.803740918428807,-0.09288321431623052,421.67782581844904,0.25099855512732283,0.0781855583190918,1.0,heuristic_fallback
20260514_035650,232,741,59.28,e2,Eval-Transferred-OSD+Fuzzy+OP-CBRS-e2,proxy,-0.22148539125919342,3.4301414489746094,8.809889793395996,21.34208106994629,5.6011810302734375,-0.7749916911125183,1.5370958985536398,0.9912353858121203,8,6.573598384857178,1.0,0.5926968297488463,0,0,36.0,1.0,1.0,0.9498002889745354,0.8655946850776672,1.331993356347084,0.20160797238349915,0.3333333333333333,0.0,0.035593464970588684,1.0,0.0,0.0,0.9773406982421875,1.0,0.9775909285407208,0.9775909285407208,1.0,0.9775909285407208,0.022409071459279187,0.044818142918558374,0.9327727856221625,210.72012242861092,0.004682669387302465,1.796330297003049,-0.08126684664418585,421.67782581844904,0.25099855512732283,0.07819271087646484,1.0,heuristic_fallback
20260514_035650,232,742,59.36,e2,Eval-Transferred-OSD+Fuzzy+OP-CBRS-e2,proxy,-0.21885058283805847,3.5082972049713135,8.809249877929688,21.37921714782715,5.656361103057861,-0.7810083627700806,1.5370960628138925,0.9947751726971178,8,6.495397567749023,1.0,0.5760689553700886,0,0,34.0,1.0,1.0,0.9498002889745354,0.866802821556727,1.3335035269459088,0.19979576766490936,0.3333333333333333,0.0,0.019016824662685394,1.0,0.0,0.0,0.9774349927902222,1.0,0.9777004444110008,0.9777004444110008,1.0,0.9777004444110008,0.02229955558899924,0.04459911117799843,0.9331013332330024,210.7160661184539,0.004682579247076753,1.8090648113537415,-0.09971372986008699,421.67782581844904,0.25099855512732283,0.0782008171081543,1.0,heuristic_fallback
20260514_035650,232,743,59.44,e2,Eval-Transferred-OSD+Fuzzy+OP-CBRS-e2,proxy,-0.21621549129486084,3.586461305618286,8.8086519241333,21.451032638549805,5.722850322723389,-0.7967133522033691,1.53709619493994,0.9848411360158251,8,6.4171881675720215,1.0,0.5870664793281389,0,0,34.0,1.0,1.0,0.9498002889745354,0.868040124575297,1.3350501557191212,0.19793981313705444,0.3333333333333333,0.0,0.018848074600100517,1.0,0.0,0.0,0.9775332808494568,1.0,0.9778126631150084,0.9778126631150084,1.0,0.9778126631150084,0.022187336884991676,0.04437467376998335,0.933437989345025,210.71290341312863,0.004682508964736192,1.8095006996553227,-0.08889972655439052,421.67782581844904,0.25099855512732283,0.07820940017700195,1.0,heuristic_fallback
20260514_035650,232,744,59.52,e2,Eval-Transferred-OSD+Fuzzy+OP-CBRS-e2,proxy,-0.21358010172843933,3.6646342277526855,8.80809211730957,21.51740264892578,5.777719497680664,-0.7773378491401672,1.5370963010412904,0.9977291713005926,8,6.338970184326172,1.0,0.5846243620265563,0,0,33.0,1.0,1.0,0.9498002889745354,0.8693059682846069,1.3366324603557587,0.1960410475730896,0.3333333333333333,0.0,0.014342967420816422,1.0,0.0,0.0,0.9776352643966675,1.0,0.9779275321108726,0.9779275321108726,1.0,0.9779275321108726,0.022072467889127475,0.04414493577825495,0.9337825963326176,210.71057683228764,0.004682457262939726,1.8131959909671131,-0.09196185428907072,421.67782581844904,0.25099855512732283,0.07821798324584961,1.0,heuristic_fallback
20260514_035650,232,745,59.6,e2,Eval-Transferred-OSD+Fuzzy+OP-CBRS-e2,proxy,-0.21094441413879395,3.7428159713745117,8.807568550109863,21.533382415771484,5.823209762573242,-0.7893812656402588,1.5370963859867162,0.9797424761905588,8,6.260743141174316,1.0,0.6042042119956526,0,0,32.0,1.0,1.0,0.9498002889745354,0.8705971638361613,1.3382464547952015,0.19410425424575806,0.3333333333333333,0.0,0.041228003799915314,1.0,0.0,0.0,0.9777408838272095,1.0,0.9780447660646624,0.9780447660646624,1.0,0.9780447660646624,0.021955233935337666,0.04391046787067533,0.9341342981939871,210.70904067487982,0.00468242312610844,1.7933550125706776,-0.06986791976724938,421.67782581844904,0.25099855512732283,0.07822704315185547,1.0,heuristic_fallback
20260514_035650,232,746,59.68,e2,Eval-Transferred-OSD+Fuzzy+OP-CBRS-e2,proxy,-0.2083084136247635,3.821007013320923,8.807079315185547,21.59654426574707,5.902623176574707,-0.8189212679862976,1.5370964541849819,0.9773571118482827,8,6.182507514953613,1.0,0.5819616775689327,0,0,31.0,1.0,1.0,0.9498002889745354,0.8719124794006348,1.3398905992507935,0.19213128089904785,0.3333333333333333,0.0,0.0341913141310215,1.0,0.0,0.0,0.9778496026992798,1.0,0.9781642569252531,0.9781642569252531,1.0,0.9781642569252531,0.021835743074746897,0.043671486149493795,0.9344927707757593,210.70822553475273,0.004682405011883394,1.7989613587134663,-0.09298857006154423,421.67782581844904,0.25099855512732283,0.07823562622070312,1.0,heuristic_fallback
20260514_035650,232,747,59.76,e2,Eval-Transferred-OSD+Fuzzy+OP-CBRS-e2,proxy,-0.20567210018634796,3.899207353591919,8.806621551513672,21.611961364746094,5.972113609313965,-0.8107581734657288,1.5370965091534845,0.987920763851614,8,6.104262351989746,1.0,0.5923390347954123,0,0,30.0,1.0,1.0,0.9498002889745354,0.8732512295246124,1.3415640369057655,0.19012315571308136,0.3333333333333333,0.0,0.04333792254328728,1.0,0.0,0.0,0.9779613018035889,1.0,0.978285946143808,0.978285946143808,1.0,0.978285946143808,0.021714053856191955,0.04342810771238392,0.9348578384314241,210.70809214735527,0.004682402047719006,1.7924360899352614,-0.08187811072205621,421.67782581844904,0.25099855512732283,0.07824516296386719,1.0,heuristic_fallback
20260514_035650,232,748,59.84,e2,Eval-Transferred-OSD+Fuzzy+OP-CBRS-e2,proxy,-0.20303545892238617,3.977417230606079,8.806193351745605,21.671302795410156,6.069060325622559,-0.8272535800933838,1.5370965532133818,0.9862134396847896,8,6.026007652282715,1.0,0.5740798056641371,0,0,29.0,1.0,1.0,0.9498002889745354,0.8746102849642435,1.3432628562053044,0.18808457255363464,0.3333333333333333,0.0,0.022661106660962105,1.0,0.0,0.0,0.9780758619308472,1.0,0.9784095527712008,0.9784095527712008,1.0,0.9784095527712008,0.0215904472287993,0.043180894457598554,0.9352286583136022,210.7085998047919,0.004682413328995376,1.8082834657069131,-0.10238861070134729,421.67782581844904,0.25099855512732283,0.07825469970703125,1.0,heuristic_fallback
20260514_035650,232,749,59.92,e2,Eval-Transferred-OSD+Fuzzy+OP-CBRS-e2,proxy,-0.2003984898328781,4.055636882781982,8.805792808532715,21.712331771850586,6.126996040344238,-0.7644991278648376,1.5370965887046881,0.9783531323890955,8,5.947742938995361,1.0,0.5993897438082183,0,0,28.0,1.0,1.0,0.9498002889745354,0.8759896357854208,1.344987044731776,0.1860155463218689,0.3333333333333333,0.0,0.041574202477931976,1.0,0.0,0.0,0.978192925453186,1.0,0.9785350792060497,0.9785350792060497,1.0,0.9785350792060497,0.021464920793950223,0.04292984158790049,0.9356052376181492,210.7096960396052,0.004682437689769004,1.7944434815494799,-0.07537536595929806,421.67782581844904,0.25099855512732283,0.07826471328735352,1.0,heuristic_fallback
20260514_035650,232,750,60.0,e2,Eval-Transferred-OSD+Fuzzy+OP-CBRS-e2,proxy,-0.1977611929178238,4.133866310119629,8.805418014526367,21.74197006225586,6.187101364135742,-0.8022359609603882,1.5370966169873064,0.9841540119832098,8,5.869468688964844,1.0,0.5828581533185022,0,0,27.0,1.0,1.0,0.9498002889745354,0.8773880004882812,1.3467350006103516,0.18391799926757812,0.3333333333333333,0.0,0.03497341275215149,1.0,0.0,0.0,0.9783124327659607,1.0,0.9786624120774159,0.9786624120774159,1.0,0.9786624120774159,0.02133758792258418,0.04267517584516831,0.9359872362322476,210.7113491218662,0.00468247442493036,1.7997436650195304,-0.0927545556076988,421.67782581844904,0.25099855512732283,0.07827425003051758,1.0,heuristic_fallback
20260514_035650,232,751,60.08,e2,Eval-Transferred-OSD+Fuzzy+OP-CBRS-e2,proxy,-0.195123553276062,4.212105751037598,8.805068016052246,21.771757125854492,6.26077127456665,-0.7747771739959717,1.537096639678315,0.9913754426397245,8,5.791184902191162,1.0,0.5721522783470804,0,0,26.0,1.0,1.0,0.9498002889745354,0.878802885611852,1.348503607014815,0.18179567158222198,0.3333333333333333,0.0,0.009183192625641823,1.0,0.0,0.0,0.9784342050552368,1.0,0.9787913273238243,0.9787913273238243,1.0,0.9787913273238243,0.0212086726761756,0.04241734535235117,0.9363739819714731,210.71352121399514,0.004682522693644336,1.8194400513953053,-0.10622862481994891,421.67782581844904,0.25099855512732283,0.07828378677368164,1.0,heuristic_fallback
20260514_035650,232,752,60.16,e2,Eval-Transferred-OSD+Fuzzy+OP-CBRS-e2,proxy,-0.19248557090759277,4.290355205535889,8.804739952087402,21.82476043701172,6.323461055755615,-0.7704538702964783,1.537096658046408,0.9722260073547888,8,5.712890625,1.0,0.5997609585422481,0,0,25.0,1.0,1.0,0.9498002889745354,0.8802348772684733,1.3502935965855916,0.17964768409729004,0.3333333333333333,0.0,0.026460565626621246,1.0,0.0,0.0,0.9785580635070801,1.0,0.9789218812204293,0.9789218812204293,1.0,0.9789218812204293,0.021078118779570772,0.042156237559141496,0.9367656436612878,210.71617946110928,0.004682581765802429,1.8068400195587262,-0.07708785857774773,421.67782581844904,0.25099855512732283,0.07829427719116211,1.0,heuristic_fallback
20260514_035650,232,753,60.24,e2,Eval-Transferred-OSD+Fuzzy+OP-CBRS-e2,proxy,-0.18984724581241608,4.36861515045166,8.804433822631836,21.9035701751709,6.384490013122559,-0.7914015054702759,1.5370966731187172,0.9844947050083158,8,5.634585857391357,1.0,0.58858443582486,0,0,24.0,1.0,1.0,0.9498002889745354,0.8816814521948496,1.352101815243562,0.17747782170772552,0.3333333333333333,0.0,0.0269002802670002,1.0,0.0,0.0,0.9786838293075562,1.0,0.9790538464687037,0.9790538464687037,1.0,0.9790538464687037,0.02094615353129632,0.041892307062592685,0.937161539406111,210.7192861252738,0.004682650802783862,1.806871877310036,-0.08841751941113793,421.67782581844904,0.25099855512732283,0.07830476760864258,1.0,heuristic_fallback
20260514_035650,232,754,60.32,e2,Eval-Transferred-OSD+Fuzzy+OP-CBRS-e2,proxy,-0.18720856308937073,4.446885585784912,8.804146766662598,21.913423538208008,6.436012268066406,-0.7664244174957275,1.5370966851696901,0.9819993070581063,8,5.556270599365234,1.0,0.5933992649086777,0,0,22.0,1.0,1.0,0.9498002889745354,0.8831432660420736,1.353929082552592,0.17528510093688965,0.3333333333333333,0.0,0.03505098074674606,1.0,0.0,0.0,0.9788114428520203,1.0,0.9791872855020542,0.9791872855020542,1.0,0.9791872855020542,0.020812714497945767,0.041625428995891486,0.9375618565061627,210.72281999211657,0.004682729333158147,1.8011243054120325,-0.08298625375147027,421.67782581844904,0.25099855512732283,0.07831525802612305,1.0,heuristic_fallback
20260514_035650,232,755,60.4,e2,Eval-Transferred-OSD+Fuzzy+OP-CBRS-e2,proxy,-0.18456953763961792,4.5251665115356445,8.803878784179688,21.946762084960938,6.489473819732666,-0.8098341226577759,1.5370966949296214,0.9784842341112936,8,5.477945327758789,1.0,0.5853657721633937,0,0,22.0,1.0,1.0,0.9498002889745354,0.8846177558104197,1.3557721947630246,0.17307336628437042,0.3333333333333333,0.0,0.030466753989458084,1.0,0.0,0.0,0.9789409041404724,1.0,0.979321966847899,0.979321966847899,1.0,0.979321966847899,0.0206780331521012,0.04135606630420236,0.9379659005436966,210.72675726039608,0.004682816828008802,1.8049310979220852,-0.09167568605092906,421.67782581844904,0.25099855512732283,0.07832527160644531,1.0,heuristic_fallback
20260514_035650,232,756,60.48,e2,Eval-Transferred-OSD+Fuzzy+OP-CBRS-e2,proxy,-0.18193015456199646,4.603457927703857,8.803627967834473,21.996068954467773,6.5693230628967285,-0.7936402559280396,1.5370967024587334,0.9754823966916782,8,5.399609088897705,1.0,0.5856765815194319,0,0,21.0,1.0,1.0,0.9498002889745354,0.8861049214998881,1.35763115187486,0.17084261775016785,0.3333333333333333,0.0,0.025596750900149345,1.0,0.0,0.0,0.9790719151496887,1.0,0.9794578927961384,0.9794578927961384,1.0,0.9794578927961384,0.020542107203861487,0.041084214407722947,0.9383736783884155,210.7310635647001,0.004682912523660002,1.8089553916614338,-0.09205542984596196,421.67782581844904,0.25099855512732283,0.07833623886108398,1.0,heuristic_fallback
20260514_035650,232,757,60.56,e2,Eval-Transferred-OSD+Fuzzy+OP-CBRS-e2,proxy,-0.17929039895534515,4.681760311126709,8.803393363952637,22.094449996948242,6.640717506408691,-0.782539427280426,1.5370967083291118,1.0004883717763111,8,5.321261882781982,1.0,0.5777551127939868,0,0,20.0,1.0,1.0,0.9498002889745354,0.887604147195816,1.35950518399477,0.16859377920627594,0.3333333333333333,0.0,0.006501514930278063,1.0,0.0,0.0,0.9792044162750244,1.0,0.9795950093113363,0.9795950093113363,1.0,0.9795950093113363,0.020404990688663836,0.04080998137732767,0.9387850279340085,210.73571666368116,0.004683015925859582,1.8236516250628192,-0.10209118101118031,421.67782581844904,0.25099855512732283,0.07834720611572266,1.0,heuristic_fallback
20260514_035650,232,758,60.64,e2,Eval-Transferred-OSD+Fuzzy+OP-CBRS-e2,proxy,-0.1766502857208252,4.760073184967041,8.803174018859863,22.0909481048584,6.703582286834717,-0.8001521825790405,1.5370967129634443,0.9923931497648442,8,5.2429046630859375,1.0,0.6200480092225108,0,0,18.0,1.0,1.0,0.9498002889745354,0.8891135255495707,1.3613919069369633,0.16632971167564392,0.3333333333333333,0.0,0.054340917617082596,1.0,0.0,0.0,0.9793382883071899,1.0,0.9797331440069351,0.9797331440069351,1.0,0.9797331440069351,0.02026685599306482,0.04053371198612966,0.9391994320208055,210.74069278716024,0.004683126506381339,1.7881494176361545,-0.0552153500509627,421.67782581844904,0.25099855512732283,0.07835721969604492,1.0,heuristic_fallback
20260514_035650,232,759,60.72,e2,Eval-Transferred-OSD+Fuzzy+OP-CBRS-e2,proxy,-0.1740097999572754,4.838397026062012,8.802968978881836,22.17123794555664,6.766222953796387,-0.7907769680023193,1.5370967167498153,0.9815849279987531,8,5.164535999298096,1.0,0.5599508185547791,0,0,17.0,1.0,1.0,0.9498002889745354,0.8906343181927999,1.363292897741,0.16404852271080017,0.3333333333333333,0.0,0.006904034875333309,1.0,0.0,0.0,0.9794735312461853,1.0,0.9798724143615857,0.9798724143615857,1.0,0.9798724143615857,0.020127585638414346,0.0402551712768287,0.939617243084757,210.74597710926002,0.004683243935761334,1.8241072778532736,-0.12026552871617655,421.67782581844904,0.25099855512732283,0.0783686637878418,1.0,heuristic_fallback
20260514_035650,232,760,60.8,e2,Eval-Transferred-OSD+Fuzzy+OP-CBRS-e2,proxy,-0.17136894166469574,4.916732311248779,8.802777290344238,22.1735897064209,6.846279621124268,-0.8159273862838745,1.5370967199623469,0.9883797803287084,8,5.086156368255615,1.0,0.6133831912302679,0,0,17.0,1.0,1.0,0.9498002889745354,0.892164001862208,1.36520500232776,0.16175399720668793,0.3333333333333333,0.0,0.04358143359422684,1.0,0.0,0.0,0.9796099066734314,1.0,0.9800125912213818,0.9800125912213818,1.0,0.9800125912213818,0.019987408778618227,0.03997481755723641,0.9400377736641454,210.7515408249111,0.004683367573886914,1.7969816497314557,-0.06337322080893265,421.67782581844904,0.25099855512732283,0.07837963104248047,1.0,heuristic_fallback
20260514_035650,232,761,60.88,e2,Eval-Transferred-OSD+Fuzzy+OP-CBRS-e2,proxy,-0.16872771084308624,4.9950785636901855,8.802597999572754,22.243011474609375,6.863146781921387,-0.8077009916305542,1.537096722207297,0.9985957972983938,8,5.007765293121338,1.0,0.5755106307145933,0,0,16.0,1.0,1.0,0.9498002889745354,0.8937031726042429,1.3671289657553036,0.15944524109363556,0.3333333333333333,0.0,0.021387910470366478,1.0,0.0,0.0,0.9797476530075073,1.0,0.980153730967561,0.980153730967561,1.0,0.980153730967561,0.01984626903243895,0.03969253806487787,0.940461192902683,210.75738565335678,0.004683497458963484,1.8140115847598597,-0.1036762711701811,421.67782581844904,0.25099855512732283,0.07839107513427734,1.0,heuristic_fallback
20260514_035650,232,762,60.96,e2,Eval-Transferred-OSD+Fuzzy+OP-CBRS-e2,proxy,-0.1660860925912857,5.0734357833862305,8.802430152893066,22.273893356323242,6.963642597198486,-0.7947651147842407,1.5370967237731437,0.9853449433044649,8,4.929363250732422,1.0,0.6070448759977372,0,0,16.0,1.0,1.0,0.9498002889745354,0.8952506184577942,1.3690632730722427,0.15712407231330872,0.3333333333333333,0.0,0.048765506595373154,1.0,0.0,0.0,0.9798863530158997,1.0,0.9802957241826467,0.9802957241826467,1.0,0.9802957241826467,0.019704275817353404,0.039408551634706766,0.9408871725479399,210.763472628175,0.004683632725070557,1.7938652491294924,-0.06961384713308508,421.67782581844904,0.25099855512732283,0.07840204238891602,1.0,heuristic_fallback
20260514_035650,232,763,61.04,e2,Eval-Transferred-OSD+Fuzzy+OP-CBRS-e2,proxy,-0.16344410181045532,5.151804447174072,8.80227279663086,22.29776382446289,7.03471565246582,-0.7944276332855225,1.537096725488696,0.9895211728090674,8,4.850950717926025,1.0,0.5697208600016052,0,0,15.0,1.0,1.0,0.9498002889745354,0.8968062897523245,1.3710078621904056,0.15479056537151337,0.3333333333333333,0.0,0.01652360148727894,1.0,0.0,0.0,0.9800261855125427,1.0,0.9804385679228742,0.9804385679228742,1.0,0.9804385679228742,0.019561432077125677,0.039122864154251306,0.941315703768623,210.76980043837113,0.0046837733430749135,1.8184355957841956,-0.1103700728568818,421.67782581844904,0.25099855512732283,0.07841253280639648,1.0,heuristic_fallback
20260514_035650,232,764,61.12,e2,Eval-Transferred-OSD+Fuzzy+OP-CBRS-e2,proxy,-0.1608017235994339,5.230184555053711,8.802125930786133,22.362144470214844,7.08725118637085,-0.7971009016036987,1.5370967268031752,0.9906545330041471,8,4.772525787353516,1.0,0.5843064690844169,0,0,15.0,1.0,1.0,0.9498002889745354,0.8983689645926157,1.3729612057407696,0.15244655311107635,0.3333333333333333,0.0,0.005284500773996115,1.0,0.0,0.0,0.9801669716835022,1.0,0.9805821514992985,0.9805821514992985,1.0,0.9805821514992985,0.019417848500701582,0.0388356970014032,0.9417464544978953,210.77634552134816,0.004683918789363293,1.8272555900292307,-0.09712663015999407,421.67782581844904,0.25099855512732283,0.07842493057250977,1.0,heuristic_fallback
20260514_035650,232,765,61.2,e2,Eval-Transferred-OSD+Fuzzy+OP-CBRS-e2,proxy,-0.15815895795822144,5.3085761070251465,8.80198860168457,22.3990478515625,7.142662048339844,-0.790165901184082,1.5370967278596723,0.9806978078890692,8,4.694089412689209,1.0,0.6012739953665481,0,0,14.0,1.0,1.0,0.9498002889745354,0.8999386032422384,1.374923254052798,0.15009209513664246,0.3333333333333333,0.0,0.020679324865341187,1.0,0.0,0.0,0.9803085923194885,1.0,0.9807264726600187,0.9807264726600187,1.0,0.9807264726600187,0.019273527339981448,0.03854705467996291,0.9421794179800558,210.78309225974965,0.004684068716883326,1.8161018816231274,-0.07883380579267481,421.67782581844904,0.25099855512732283,0.07843637466430664,1.0,heuristic_fallback
20260514_035650,232,766,61.28,e2,Eval-Transferred-OSD+Fuzzy+OP-CBRS-e2,proxy,-0.15551580488681793,5.386979103088379,8.801859855651855,22.44462776184082,7.234266757965088,-0.7952656149864197,1.5370967287764647,0.9873541699099959,8,4.615642070770264,1.0,0.5936359342718147,0,0,14.0,1.0,1.0,0.9498002889745354,0.9015152355035146,1.3768940443793933,0.1477271467447281,0.3333333333333333,0.0,0.02483510598540306,1.0,0.0,0.0,0.9804511070251465,1.0,0.9808715355521085,0.9808715355521085,1.0,0.9808715355521085,0.019128464447891454,0.03825692889578288,0.9426146066563256,210.79003493645723,0.004684222998587938,1.8133792038484,-0.08626878827472309,421.67782581844904,0.25099855512732283,0.07844734191894531,1.0,heuristic_fallback
20260514_035650,232,767,61.36,e2,Eval-Transferred-OSD+Fuzzy+OP-CBRS-e2,proxy,-0.1528722643852234,5.465393543243408,8.801739692687988,22.528961181640625,7.27940034866333,-0.8278639912605286,1.5370967296520996,0.9956986985614531,8,4.5371832847595215,1.0,0.5852582879436791,0,0,14.0,1.0,1.0,0.9498002889745354,0.9030975699424744,1.378871962428093,0.14535364508628845,0.3333333333333333,0.0,0.015133526176214218,1.0,0.0,0.0,0.9805943965911865,1.0,0.9810172226495265,0.9810172226495265,1.0,0.9810172226495265,0.018982777350473497,0.037965554700946945,0.9430516679485795,210.79715575970658,0.004684381239104591,1.8210509723150317,-0.09583204648665786,421.67782581844904,0.25099855512732283,0.07845878601074219,1.0,heuristic_fallback
20260514_035650,232,768,61.44,e2,Eval-Transferred-OSD+Fuzzy+OP-CBRS-e2,proxy,-0.1502283364534378,5.543819427490234,8.801627159118652,22.53725242614746,7.367331504821777,-0.7825102210044861,1.5370967305695016,0.9769956885743667,8,4.458712100982666,1.0,0.6221199987505611,0,0,14.0,1.0,1.0,0.9498002889745354,0.9046862423419952,1.380857802927494,0.14297063648700714,0.3333333333333333,0.0,0.0640820786356926,1.0,0.0,0.0,0.9807384610176086,1.0,0.9811635937311245,0.9811635937311245,1.0,0.9811635937311245,0.018836406268875523,0.037672812537751045,0.9434907811933735,210.80444792794617,0.004684543287287693,1.784736726070303,-0.05429633650434646,421.67782581844904,0.25099855512732283,0.07847118377685547,1.0,heuristic_fallback
20260514_035650,232,769,61.52,e2,Eval-Transferred-OSD+Fuzzy+OP-CBRS-e2,proxy,-0.14758402109146118,5.622257232666016,8.801522254943848,22.585372924804688,7.431998252868652,-0.7887492775917053,1.5370967315992952,0.9835678815820517,8,4.380229949951172,1.0,0.5668783380055111,0,0,14.0,1.0,1.0,0.9498002889745354,0.9062799712022146,1.3828499640027683,0.14058004319667816,0.3333333333333333,0.0,0.026594020426273346,1.0,0.0,0.0,0.9808832406997681,1.0,0.9813105319137634,0.9813105319137634,1.0,0.9813105319137634,0.0186894680862365,0.037378936172473044,0.9439315957412904,210.81189912728996,0.004684708869495333,1.8132512019424223,-0.11350101222955365,421.67782581844904,0.25099855512732283,0.07848215103149414,1.0,heuristic_fallback
20260514_035650,232,770,61.6,e2,Eval-Transferred-OSD+Fuzzy+OP-CBRS-e2,proxy,-0.14493930339813232,5.700706481933594,8.801424026489258,22.627662658691406,7.448699951171875,-0.7953404784202576,1.537096732083595,0.9969552276572811,8,4.301736354827881,1.0,0.5920771021524037,0,0,14.0,1.0,1.0,0.9498002889745354,0.9078787962595621,1.3848484953244526,0.13818180561065674,0.3333333333333333,0.0,0.027495216578245163,1.0,0.0,0.0,0.9810287952423096,1.0,0.9814580419354414,0.9814580419354414,1.0,0.9814580419354414,0.01854195806455855,0.03708391612911707,0.9443741258063243,210.81950745378163,0.004684877943417369,1.8129750110927805,-0.08842923143218305,421.67782581844904,0.25099855512732283,0.07849359512329102,1.0,heuristic_fallback
20260514_035650,232,771,61.68,e2,Eval-Transferred-OSD+Fuzzy+OP-CBRS-e2,proxy,-0.14229419827461243,5.779167652130127,8.801331520080566,22.675758361816406,7.554887294769287,-0.8177961707115173,1.5370967328692362,0.9840741536108122,8,4.223230361938477,1.0,0.6043824742310889,0,0,14.0,1.0,1.0,0.9498002889745354,0.9094827075799307,1.3868533844749134,0.13577593863010406,0.3333333333333333,0.0,0.04835376515984535,1.0,0.0,0.0,0.9811749458312988,1.0,0.9816061239621223,0.9816061239621223,1.0,0.9816061239621223,0.018393876037877677,0.036787752075755305,0.944818371886367,210.82725387172104,0.004685050086038245,1.7977320774866723,-0.074260384457941,421.67782581844904,0.25099855512732283,0.0785059928894043,1.0,heuristic_fallback
20260514_035650,232,772,61.76,e2,Eval-Transferred-OSD+Fuzzy+OP-CBRS-e2,proxy,-0.1396486908197403,5.857640743255615,8.80124568939209,22.699758529663086,7.605746746063232,-0.8047652244567871,1.537096733241533,0.9773179946714485,8,4.144712924957275,1.0,0.5822387478445472,0,0,14.0,1.0,1.0,0.9498002889745354,0.9110904137293497,1.3888630171616871,0.13336437940597534,0.3333333333333333,0.0,0.034471962600946426,1.0,0.0,0.0,0.9813217520713806,1.0,0.981754659723597,0.981754659723597,1.0,0.981754659723597,0.018245340276403104,0.03649068055280616,0.9452639791707909,210.83513289184896,0.004685225175374421,1.8085453559432014,-0.09801028217429897,421.67782581844904,0.25099855512732283,0.07851743698120117,1.0,heuristic_fallback
20260514_035650,232,773,61.84,e2,Eval-Transferred-OSD+Fuzzy+OP-CBRS-e2,proxy,-0.13700278103351593,5.9361252784729,8.801165580749512,22.767656326293945,7.680819034576416,-0.7991085052490234,1.5370967332928847,0.9777002573147208,8,4.066183567047119,1.0,0.5826704038280603,0,0,14.0,1.0,1.0,0.9498002889745354,0.9127025703589121,1.3908782129486401,0.13094614446163177,0.3333333333333333,0.0,0.01944076083600521,1.0,0.0,0.0,0.9814691543579102,1.0,0.9819037107004392,0.9819037107004392,1.0,0.9819037107004392,0.018096289299560843,0.03619257859912164,0.9457111321013176,210.84313876650413,0.004685403083700092,1.820221796424298,-0.09930256667501153,421.67782581844904,0.25099855512732283,0.07852935791015625,1.0,heuristic_fallback
20260514_035650,232,774,61.92,e2,Eval-Transferred-OSD+Fuzzy+OP-CBRS-e2,proxy,-0.13435646891593933,6.014621734619141,8.801090240478516,22.782543182373047,7.745437145233154,-0.7667176127433777,1.5370967338726667,0.9742788273020232,8,3.987642526626587,1.0,0.601994850727113,0,0,13.0,1.0,1.0,0.9498002889745354,0.9143191576004028,1.3928989470005035,0.12852126359939575,0.3333333333333333,0.0,0.034594349563121796,1.0,0.0,0.0,0.9816170930862427,1.0,0.9820532760263959,0.9820532760263959,1.0,0.9820532760263959,0.01794672397360402,0.035893447947208085,0.9461598280791879,210.85126235117832,0.004685583607803963,1.809260751689333,-0.07868283217927619,421.67782581844904,0.25099855512732283,0.07854104042053223,1.0,heuristic_fallback
20260514_035650,232,775,62.0,e2,Eval-Transferred-OSD+Fuzzy+OP-CBRS-e2,proxy,-0.1317097544670105,6.093130111694336,8.801019668579102,22.837907791137695,7.800360202789307,-0.7901564240455627,1.5370967349205633,0.9730894948345226,8,3.9090895652770996,1.0,0.5913508564755191,0,0,13.0,1.0,1.0,0.9498002889745354,0.9159389138221741,1.3949236422777176,0.1260916292667389,0.3333333333333333,0.0,0.03348247706890106,1.0,0.0,0.0,0.9817655682563782,1.0,0.9822032398262888,0.9822032398262888,1.0,0.9822032398262888,0.017796760173711186,0.035593520347422414,0.9466097194788664,210.85949599690605,0.004685766577709023,1.8104995951154415,-0.08965959394724472,421.67782581844904,0.25099855512732283,0.0785529613494873,1.0,heuristic_fallback
20260514_035650,232,776,62.08,e2,Eval-Transferred-OSD+Fuzzy+OP-CBRS-e2,proxy,-0.12906263768672943,6.171650409698486,8.80095386505127,22.89462661743164,7.880548000335693,-0.8213468194007874,1.5370967363906938,0.9912075100460197,8,3.830524444580078,1.0,0.5882187461178668,0,0,13.0,1.0,1.0,0.9498002889745354,0.9175624897082647,1.396953112135331,0.123656265437603,0.3333333333333333,0.0,0.026676883921027184,1.0,0.0,0.0,0.9819145202636719,1.0,0.9823536631369195,0.9823536631369195,1.0,0.9823536631369195,0.01764633686308046,0.03529267372616088,0.9470609894107587,210.86783091793768,0.004685951798176394,1.8160096839478694,-0.09369541794596438,421.67782581844904,0.25099855512732283,0.07856512069702148,1.0,heuristic_fallback
20260514_035650,232,777,62.16,e2,Eval-Transferred-OSD+Fuzzy+OP-CBRS-e2,proxy,-0.12641511857509613,6.25018310546875,8.800891876220703,22.933855056762695,7.93477201461792,-0.8006806373596191,1.5370967382489975,0.9855496174952306,8,3.7519471645355225,1.0,0.600043271927822,0,0,13.0,1.0,1.0,0.9498002889745354,0.919188603758812,1.398985754698515,0.12121709436178207,0.3333333333333333,0.0,0.03840414807200432,1.0,0.0,0.0,0.982063889503479,1.0,0.9825044279629377,0.9825044279629377,1.0,0.9825044279629377,0.017495572037062233,0.034991144074124486,0.9475132838888132,210.87626004249296,0.0046861391120553994,1.8076207643472735,-0.08092157386363708,421.67782581844904,0.25099855512732283,0.07857728004455566,1.0,heuristic_fallback
20260514_035650,232,778,62.24,e2,Eval-Transferred-OSD+Fuzzy+OP-CBRS-e2,proxy,-0.1237671971321106,6.328727722167969,8.800834655761719,22.97439193725586,7.9985432624816895,-0.8043891787528992,1.5370967396318662,0.9891136824064588,8,3.6733579635620117,1.0,0.587810108605268,0,0,13.0,1.0,1.0,0.9498002889745354,0.9208185325066248,1.401023165633281,0.11877220124006271,0.3333333333333333,0.0,0.03076871857047081,1.0,0.0,0.0,0.9822138547897339,1.0,0.9826556533949955,0.9826556533949955,1.0,0.9826556533949955,0.01734434660500454,0.034688693210009114,0.9479669601849864,210.88478833560703,0.004686328629680156,1.813754818660377,-0.09414087765590115,421.67782581844904,0.25099855512732283,0.07858920097351074,1.0,heuristic_fallback
20260514_035650,232,779,62.32,e2,Eval-Transferred-OSD+Fuzzy+OP-CBRS-e2,proxy,-0.12111887335777283,6.407284259796143,8.800780296325684,23.045814514160156,8.065948486328125,-0.7824393510818481,1.537096740651665,0.9898530725423765,8,3.594756841659546,1.0,0.5924722030570924,0,0,13.0,1.0,1.0,0.9498002889745354,0.9224516302347183,1.403064537793398,0.11632255464792252,0.3333333333333333,0.0,0.029756328091025352,1.0,0.0,0.0,0.9823641180992126,1.0,0.9828072803252603,0.9828072803252603,1.0,0.9828072803252603,0.017192719674739582,0.034385439349479165,0.9484218409757812,210.89339701237088,0.004686519933608242,1.8149223859519843,-0.08980293666960601,421.67782581844904,0.25099855512732283,0.07860112190246582,1.0,heuristic_fallback
20260514_035650,232,780,62.4,e2,Eval-Transferred-OSD+Fuzzy+OP-CBRS-e2,proxy,-0.11847013980150223,6.4858527183532715,8.800729751586914,23.06052017211914,8.136873245239258,-0.7993934154510498,1.537096741399992,0.9811074367809768,8,3.516143798828125,1.0,0.6099260596619771,0,0,12.0,1.0,1.0,0.9498002889745354,0.9240866154432297,1.405108269304037,0.11387007683515549,0.3333333333333333,0.0,0.05688267946243286,1.0,0.0,0.0,0.9825149178504944,1.0,0.9829591903856462,0.9829591903856462,1.0,0.9829591903856462,0.01704080961435381,0.034081619228707644,0.9488775711569385,210.90209285910362,0.004686713174646747,1.7949863687255565,-0.06985954809320714,421.67782581844904,0.25099855512732283,0.0786130428314209,1.0,heuristic_fallback
20260514_035650,232,781,62.48,e2,Eval-Transferred-OSD+Fuzzy+OP-CBRS-e2,proxy,-0.1158209964632988,6.564433574676514,8.80068302154541,23.109352111816406,8.218993186950684,-0.8246804475784302,1.537096742366944,0.9915244918844478,8,3.4375181198120117,1.0,0.5732835257232332,0,0,12.0,1.0,1.0,0.9498002889745354,0.9257241388161978,1.4071551735202472,0.11141379177570343,0.3333333333333333,0.0,0.02548455260694027,1.0,0.0,0.0,0.9826660752296448,1.0,0.9831114445864516,0.9831114445864516,1.0,0.9831114445864516,0.016888555413548337,0.033777110827096675,0.9493343337593549,210.910863311845,0.004686908073596556,1.8189443447104179,-0.1098688279782589,421.67782581844904,0.25099855512732283,0.07862567901611328,1.0,heuristic_fallback
20260514_035650,232,782,62.56,e2,Eval-Transferred-OSD+Fuzzy+OP-CBRS-e2,proxy,-0.11317144334316254,6.643026351928711,8.800639152526855,23.14788818359375,8.25870418548584,-0.7874130606651306,1.5370967430604763,0.9963004495042729,8,3.3588807582855225,1.0,0.6024515369247969,0,0,12.0,1.0,1.0,0.9498002889745354,0.9273648460706075,1.4092060575882595,0.10895273089408875,0.3333333333333333,0.0,0.03936297819018364,1.0,0.0,0.0,0.9828175902366638,1.0,0.9832641036498496,0.9832641036498496,1.0,0.9832641036498496,0.016735896350150388,0.03347179270030073,0.9497923109495489,210.9197074977311,0.004687104611060691,1.8089457023365878,-0.07953545749569181,421.67782581844904,0.25099855512732283,0.07863736152648926,1.0,heuristic_fallback
20260514_035650,232,783,62.64,e2,Eval-Transferred-OSD+Fuzzy+OP-CBRS-e2,proxy,-0.11052148044109344,6.7216315269470215,8.80059814453125,23.20840072631836,8.339081764221191,-0.7798476815223694,1.5370967439909462,0.9648265626795135,8,3.280230760574341,1.0,0.5895297881217695,0,0,12.0,1.0,1.0,0.9498002889745354,0.9290080964565277,1.4112601205706596,0.10648785531520844,0.3333333333333333,0.0,0.03299758583307266,1.0,0.0,0.0,0.9829694628715515,1.0,0.9834171086447613,0.9834171086447613,1.0,0.9834171086447613,0.0165828913552386,0.033165782710477223,0.9502513259342841,210.9286207605411,0.00468730268356758,1.8141305592009012,-0.09332125149648426,421.67782581844904,0.25099855512732283,0.07864999771118164,1.0,heuristic_fallback
20260514_035650,232,784,62.72,e2,Eval-Transferred-OSD+Fuzzy+OP-CBRS-e2,proxy,-0.10787110775709152,6.800248622894287,8.800559043884277,23.21181297302246,8.3938627243042,-0.778331458568573,1.537096744641551,0.9796614103528541,8,3.201569080352783,1.0,0.6019210116895389,0,0,12.0,1.0,1.0,0.9498002889745354,0.9306526084740957,1.4133157605926197,0.1040210872888565,0.3333333333333333,0.0,0.04612836614251137,1.0,0.0,0.0,0.9831216931343079,1.0,0.9835703407465843,0.9835703407465843,1.0,0.9835703407465843,0.016429659253415586,0.03285931850683121,0.9507110222397531,210.93760002930605,0.004687502222873468,1.804693601973214,-0.0798398136514076,421.67782581844904,0.25099855512732283,0.07866168022155762,1.0,heuristic_fallback
20260514_035650,232,785,62.8,e2,Eval-Transferred-OSD+Fuzzy+OP-CBRS-e2,proxy,-0.10522032529115677,6.878878116607666,8.800522804260254,23.2845401763916,8.46585750579834,-0.7939453721046448,1.5370967455456863,1.0023123333446464,8,3.1228950023651123,1.0,0.5812657941673179,0,0,12.0,1.0,1.0,0.9498002889745354,0.9322996536890665,1.4153745671113331,0.10155051946640015,0.3333333333333333,0.0,0.025836221873760223,1.0,0.0,0.0,0.9832742810249329,1.0,0.9837239189349994,0.9837239189349994,1.0,0.9837239189349994,0.01627608106500054,0.032552162130001124,0.9511717568049983,210.94663919673724,0.004687703093260828,1.8203244714785203,-0.10275093895256726,421.67782581844904,0.25099855512732283,0.0786740779876709,1.0,heuristic_fallback
20260514_035650,232,786,62.88,e2,Eval-Transferred-OSD+Fuzzy+OP-CBRS-e2,proxy,-0.10256912559270859,6.957520008087158,8.80048942565918,23.311851501464844,8.511348724365234,-0.7726507186889648,1.5370967461600187,0.9990632937820884,8,3.044208288192749,1.0,0.5989390194139039,0,0,12.0,1.0,1.0,0.9498002889745354,0.9339479953050613,1.4174349941313267,0.09907800704240799,0.3333333333333333,0.0,0.03262549266219139,1.0,0.0,0.0,0.9834272861480713,1.0,0.9838777283880571,0.9838777283880571,1.0,0.9838777283880571,0.016122271611942882,0.03224454322388574,0.9516331851641714,210.95574207088976,0.004687905379353106,1.8156446037911955,-0.08462680171219952,421.67782581844904,0.25099855512732283,0.07868671417236328,1.0,heuristic_fallback
20260514_035650,232,787,62.96,e2,Eval-Transferred-OSD+Fuzzy+OP-CBRS-e2,proxy,-0.09991751611232758,7.0361738204956055,8.800457954406738,23.366615295410156,8.59394359588623,-0.8217945694923401,1.5370967464888636,0.9890473168071932,8,2.9655098915100098,1.0,0.6010379226066057,0,0,11.0,1.0,1.0,0.9498002889745354,0.9355988552172979,1.4194985690216224,0.09660171717405319,0.3333333333333333,0.0,0.04200942441821098,1.0,0.0,0.0,0.9835805296897888,1.0,0.9840318836255736,0.9840318836255736,1.0,0.9840318836255736,0.015968116374426407,0.031936232748852766,0.9520956508767208,210.96489744031362,0.00468810883200697,1.8090193699522399,-0.08257178627377908,421.67782581844904,0.25099855512732283,0.07869839668273926,1.0,heuristic_fallback
20260514_035650,232,788,63.04,e2,Eval-Transferred-OSD+Fuzzy+OP-CBRS-e2,proxy,-0.09726548939943314,7.114840030670166,8.80042839050293,23.41770362854004,8.689403533935547,-0.7902414798736572,1.5370967471012227,0.9948839732185798,8,2.8867990970611572,1.0,0.5933440063047624,0,0,11.0,1.0,1.0,0.9498002889745354,0.9372516324122747,1.4215645405153434,0.09412255138158798,0.3333333333333333,0.0,0.0364241860806942,1.0,0.0,0.0,0.9837340116500854,1.0,0.9841863290924476,0.9841863290924476,1.0,0.9841863290924476,0.01581367090755248,0.03162734181510498,0.9525589872773427,210.97410124680073,0.004688313361040016,1.8136214930041217,-0.09278313043731297,421.67782581844904,0.25099855512732283,0.07871079444885254,1.0,heuristic_fallback
20260514_035650,232,789,63.12,e2,Eval-Transferred-OSD+Fuzzy+OP-CBRS-e2,proxy,-0.09461304545402527,7.19351863861084,8.800400733947754,23.476247787475586,8.710601806640625,-0.8055036067962646,1.5370967479112914,0.9805232341865293,8,2.8080756664276123,1.0,0.6009602476973247,0,0,11.0,1.0,1.0,0.9498002889745354,0.9389050106207529,1.4236312632759411,0.09164248406887054,0.3333333333333333,0.0,0.03968386724591255,1.0,0.0,0.0,0.9838878512382507,1.0,0.9843409421631537,0.9843409421631537,1.0,0.9843409421631537,0.015659057836846367,0.031318115673692755,0.9530228264894609,210.98335832111218,0.004688519073802492,1.8115900766823276,-0.08680135514647644,421.67782581844904,0.25099855512732283,0.07872343063354492,1.0,heuristic_fallback
20260514_035650,232,790,63.2,e2,Eval-Transferred-OSD+Fuzzy+OP-CBRS-e2,proxy,-0.09196019172668457,7.272209644317627,8.800374984741211,23.476057052612305,8.710305213928223,-0.805141270160675,1.5370967488475449,0.9928643688163518,8,2.729340076446533,1.0,0.5957414944298852,0,0,10.0,1.0,1.0,0.9498002889745354,0.9405609716971716,1.4257012146214645,0.0891585424542427,0.3333333333333333,0.0,0.056173600256443024,1.0,0.0,0.0,0.9840419888496399,1.0,0.984495908610783,0.984495908610783,1.0,0.984495908610783,0.015504091389216896,0.031008182778433764,0.9534877258323492,210.99266314878798,0.004688725847750845,1.7996367671935343,-0.07732971093775944,421.67782581844904,0.25099855512732283,0.0787355899810791,1.0,heuristic_fallback
20260514_035650,232,791,63.28,e2,Eval-Transferred-OSD+Fuzzy+OP-CBRS-e2,proxy,-0.08930692076683044,7.350913047790527,8.8003511428833,23.527162551879883,8.85522747039795,-0.7877892255783081,1.537096749314906,0.9753850544598079,8,2.6505918502807617,1.0,0.6240747365751703,0,0,10.0,1.0,1.0,0.9498002889745354,0.9422175486882528,1.427771935860316,0.08667367696762085,0.3333333333333333,0.0,0.09273883700370789,1.0,0.0,0.0,0.9841963648796082,1.0,0.9846510448115523,0.9846510448115523,1.0,0.9846510448115523,0.015348955188447538,0.030697910376895114,0.9539531344346572,211.00201081600892,0.004688933573689088,1.772626983880856,-0.06230124471596478,421.67782581844904,0.25099855512732283,0.07874822616577148,0.23705675647403662,heuristic_fallback
20260514_035650,232,792,63.36,e2,Eval-Transferred-OSD+Fuzzy+OP-CBRS-e2,proxy,-0.08665323257446289,7.429628849029541,8.800328254699707,23.57248306274414,8.912842750549316,-0.7824267148971558,1.5370967493347283,0.9935605330259524,8,2.571831226348877,1.0,0.5607437250849493,0,0,10.0,1.0,1.0,0.9498002889745354,0.9438760528961817,1.429845066120227,0.08418592065572739,0.3333333333333333,0.0,0.02220086380839348,1.0,0.0,0.0,0.9843510389328003,1.0,0.9848064739473916,0.9848064739473916,1.0,0.9848064739473916,0.01519352605260833,0.030387052105216632,0.954419421842175,211.0114043131839,0.004689142318070754,1.8259450898293241,-0.1346466265035782,421.67782581844904,0.25099855512732283,0.07876062393188477,0.2970567564740366,heuristic_fallback
20260514_035650,232,793,63.44,e2,Eval-Transferred-OSD+Fuzzy+OP-CBRS-e2,proxy,-0.08399911969900131,7.508357048034668,8.800307273864746,23.631959915161133,8.991717338562012,-0.7934904098510742,1.5370967489176945,0.98367340774366,8,2.493058443069458,1.0,0.6132191199299889,0,0,10.0,1.0,1.0,0.9498002889745354,0.9455357988675436,1.4319197485844295,0.08169630169868469,0.3333333333333333,0.0,0.03136669099330902,1.0,0.0,0.0,0.9845059514045715,1.0,0.9849621322249219,0.9849621322249219,1.0,0.9849621322249219,0.015037867775078085,0.030075735550156146,0.9548863966747657,211.0208352992405,0.004689351895538678,1.8194856559334778,-0.0832144215070013,421.67782581844904,0.25099855512732283,0.07877278327941895,0.3570567564740366,heuristic_fallback
20260514_035650,232,794,63.52,e2,Eval-Transferred-OSD+Fuzzy+OP-CBRS-e2,proxy,-0.0813445895910263,7.587097644805908,8.800287246704102,23.670061111450195,9.049121856689453,-0.7870073914527893,1.5370967486505054,0.9823821339250938,8,2.414273262023926,1.0,0.609986008387726,0,0,10.0,1.0,1.0,0.9498002889745354,0.9471968164046606,1.4339960205058258,0.07920477539300919,0.3333333333333333,0.0,0.03296011686325073,1.0,0.0,0.0,0.9846611022949219,1.0,0.9851180228182888,0.9851180228182888,1.0,0.9851180228182888,0.014881977181711352,0.02976395436342272,0.955354068454866,211.03030483424664,0.004689562329649926,1.8187058409153007,-0.08824955502954976,421.67782581844904,0.25099855512732283,0.07878518104553223,0.4170567564740366,heuristic_fallback
20260514_035650,232,795,63.6,e2,Eval-Transferred-OSD+Fuzzy+OP-CBRS-e2,proxy,-0.07868964225053787,7.665850639343262,8.80026912689209,23.715717315673828,9.090616226196289,-0.8523160815238953,1.5370967484493934,0.9863169787818931,8,2.335475444793701,1.0,0.611079730481927,0,0,10.0,1.0,1.0,0.9498002889745354,0.9488584697246552,1.436073087155819,0.07671229541301727,0.3333333333333333,0.0,0.033313777297735214,1.0,0.0,0.0,0.9848165512084961,1.0,0.9852740863757804,0.9852740863757804,1.0,0.9852740863757804,0.01472591362421963,0.029451827248439234,0.9558222591273412,211.03981329133967,0.004689773628696437,1.818856008919436,-0.08908336512642669,421.67782581844904,0.25099855512732283,0.07879781723022461,0.4770567564740366,heuristic_fallback
20260514_035650,232,796,63.68,e2,Eval-Transferred-OSD+Fuzzy+OP-CBRS-e2,proxy,-0.07610272616147995,7.7425856590271,8.800251960754395,23.754314422607422,9.16318416595459,-0.7938418388366699,1.5370967482415043,0.9904854905845786,8,2.2586967945098877,1.0,0.7305569174389249,0,0,9.0,0.8,1.0,0.9498002889745354,0.9505220403273901,1.4381525504092376,0.07421693950891495,0.31333333333333335,0.0,0.07226826995611191,1.0,0.0,0.0,0.9849721193313599,1.0,0.9107400778801968,0.9107400778801968,1.0,0.9107400778801968,0.08925992211980319,0.17851984423960637,0.7322202336405904,211.04935125551174,0.0046899855834558165,1.6600560320763373,0.0670195507567614,421.67782581844904,0.25099855512732283,0.07677865028381348,0.5370567564740366,heuristic_fallback
20260514_035650,232,797,63.76,e2,Eval-Transferred-OSD+Fuzzy+OP-CBRS-e2,proxy,-0.07356061041355133,7.817991733551025,8.800235748291016,23.79738998413086,9.240840911865234,-0.7794102430343628,1.5370967479736086,0.9888548943184664,8,2.1832478046417236,1.0,0.5583102452555415,0,0,9.0,0.8,1.0,0.9498002889745354,0.9521428495645523,1.4401785619556904,0.07178572565317154,0.31333333333333335,0.0,0.0409371592104435,1.0,0.0,0.0,0.9597333073616028,1.0,0.9108502371508566,0.9108502371508566,1.0,0.9108502371508566,0.08914976284914344,0.1782995256982869,0.7325507114525697,209.47847508975894,0.004655077224216866,1.6839595674448793,-0.10370119290400233,421.67782581844904,0.25099855512732283,0.07544898986816406,0.5970567564740366,heuristic_fallback
20260514_035650,232,798,63.84,e2,Eval-Transferred-OSD+Fuzzy+OP-CBRS-e2,proxy,-0.07104796171188354,7.892523765563965,8.800220489501953,23.83519172668457,9.325971603393555,-0.8116192817687988,1.5370967477862565,0.9857584419261879,8,2.108673334121704,1.0,0.5744188493038425,0,0,9.0,0.8,1.0,0.9498002889745354,0.9537362605333328,1.442170325666666,0.06939560920000076,0.31333333333333335,0.0,0.03740270808339119,1.0,0.0,0.0,0.9431130886077881,1.0,0.9109586009103092,0.9109586009103092,1.0,0.9109586009103092,0.08904139908969086,0.17808279817938175,0.7328758027309275,208.4662172116241,0.004632582604702758,1.6870087585323637,-0.08548382536490484,421.67782581844904,0.25099855512732283,0.07457447052001953,0.6570567564740366,heuristic_fallback
20260514_035650,232,799,63.92,e2,Eval-Transferred-OSD+Fuzzy+OP-CBRS-e2,proxy,-0.06855466216802597,7.966481685638428,8.800206184387207,23.910757064819336,9.369507789611816,-0.7803077697753906,1.5370967475703803,0.9992592312761794,8,2.0346734523773193,1.0,0.5689844868990658,0,0,9.0,0.8,1.0,0.9498002889745354,0.9553118000427882,1.4441397500534852,0.06703229993581772,0.31333333333333335,0.0,0.02617315948009491,1.0,0.0,0.0,0.9321805834770203,1.0,0.9110658142909315,0.9110658142909315,1.0,0.9110658142909315,0.08893418570906869,0.17786837141813733,0.7331974428727941,207.80994387466592,0.004617998752770354,1.6958248048621998,-0.09102661185727239,421.67782581844904,0.25099855512732283,0.07399988174438477,0.7170567564740367,heuristic_fallback
20260514_035650,232,800,64.0,e2,Eval-Transferred-OSD+Fuzzy+OP-CBRS-e2,proxy,-0.06612733006477356,8.038482666015625,8.800192832946777,23.92999267578125,9.450247764587402,-0.8190373182296753,1.5370967478563964,0.9816894754673299,9,1.9626317024230957,1.0,18.69478235884477,0,0,8.0,0.6,1.0,0.9498002889745354,0.9568758259216944,1.446094782402118,0.06468626111745834,0.29333333333333333,0.0,0.062059883028268814,1.0,0.0,0.0,0.9250016212463379,1.0,0.8530164471176834,0.8530164471176834,1.0,0.8530164471176834,0.14698355288231654,0.29396710576463314,0.5590493413530503,207.38309269081947,0.004608513170907099,1.539300768670796,0.0707450141944316,421.67782581844904,0.25099855512732283,0.07204174995422363,0.7770567564740367,heuristic_fallback
20260514_035650,232,801,64.08,e2,Eval-Transferred-OSD+Fuzzy+OP-CBRS-e2,proxy,-0.04239179939031601,8.093160629272461,8.806844711303711,23.90413475036621,9.474513053894043,-0.77413010597229,1.4210967478563963,0.87864771763519,9,6.345414638519287,1.0,0.3458955241479797,0,0,8.0,0.6,1.0,0.9498002889745354,1.0,1.5,0.0,0.29333333333333333,0.0,0.04244796559214592,1.0,0.0,0.0,0.9005266427993774,1.0,0.8552153737714809,0.8552153737714809,1.0,0.8552153737714809,0.14478462622851923,0.2895692524570384,0.5656461213144425,207.44693794444584,0.004609931954321018,1.5647907502674645,-0.09962550647176084,421.67782581844904,0.25099855512732283,0.039553165435791016,0.8370567564740368,heuristic_fallback
20260514_035650,232,802,64.16,e2,Eval-Transferred-OSD+Fuzzy+OP-CBRS-e2,proxy,-0.004582613706588745,8.136236190795898,8.817768096923828,24.037845611572266,9.475062370300293,-0.7895359992980957,1.3050967478563962,0.7587515661909726,9,6.2959513664245605,1.0,0.42213883903405225,0,0,8.0,0.6,1.0,0.9498002889745354,0.9700355132420858,1.4625443915526073,0.04494673013687134,0.29333333333333333,0.0,0.042228713631629944,1.0,0.0,0.0,0.7497166991233826,1.0,0.853684038130151,0.853684038130151,1.0,0.853684038130151,0.146315961869849,0.29263192373969793,0.5610521143904531,200.44423214131177,0.004454316269806928,1.5574640675483729,-0.06995820140062614,421.67782581844904,0.25099855512732283,0.04946327209472656,0.8970567564740368,heuristic_fallback
20260514_035650,232,803,64.24,e2,Eval-Transferred-OSD+Fuzzy+OP-CBRS-e2,proxy,0.04131613299250603,8.171167373657227,8.831303596496582,24.098825454711914,9.465531349182129,-0.7837732434272766,1.189096747856396,0.6654772024414694,9,6.241162300109863,1.0,0.5516775527885794,0,0,7.0,0.4,1.0,0.9498002889745354,0.9498964349428812,1.4373705436786015,0.0751553475856781,0.2733333333333333,0.0,0.045893680304288864,1.0,0.0,0.0,0.7293353080749512,1.0,0.8062652557760168,0.8062652557760168,1.0,0.8062652557760168,0.19373474422398315,0.3874694884479663,0.41879576732805057,200.0672063656457,0.004445937919236571,1.4196805729690773,0.05933194575123388,421.67782581844904,0.25099855512732283,0.054789066314697266,0.9570567564740369,heuristic_fallback
20260514_035650,232,804,64.32,e2,Eval-Transferred-OSD+Fuzzy+OP-CBRS-e2,proxy,0.09098277986049652,8.200589179992676,8.846304893493652,24.12989616394043,9.49350643157959,-0.7602194547653198,1.073096747856396,0.5192663710837183,9,6.184382915496826,1.0,0.5464495572190903,0,0,6.0,0.2,1.0,0.9498002889745354,0.9359717120726904,1.419964640090863,0.09604243189096451,0.25333333333333335,0.0,0.058258306235075,1.0,0.0,0.0,0.7405719757080078,1.0,0.7679110481232156,0.7679110481232156,1.0,0.7679110481232156,0.23208895187678433,0.46417790375356865,0.30373314436964705,200.92558784422,0.004465013063204889,1.27692592280344,0.07078129357014308,421.67782581844904,0.25099855512732283,0.05677938461303711,1.0,heuristic_fallback
20260514_035650,232,805,64.4,e2,Eval-Transferred-OSD+Fuzzy+OP-CBRS-e2,proxy,0.149343341588974,8.227797508239746,8.861988067626953,24.202579498291016,9.463693618774414,-0.7445986270904541,0.957096747856396,0.40767631595559367,9,6.119953632354736,1.0,0.2835180597168618,0,0,11.0,1.0,1.0,0.9498002889745354,0.9256157030661901,1.4070196288327377,0.11157644540071487,0.3333333333333333,0.0,0.02004382014274597,1.0,0.0,0.0,0.7455529570579529,1.0,0.9831013590570251,0.9831013590570251,1.0,0.9831013590570251,0.01689864094297475,0.03379728188594947,0.9493040771710757,201.31589378486035,0.004473686528552452,1.8229977851210617,-0.3291855442859319,421.67782581844904,0.25099855512732283,0.06442928314208984,1.0,heuristic_fallback
20260514_035650,232,806,64.48,e2,Eval-Transferred-OSD+Fuzzy+OP-CBRS-e2,proxy,0.21343454718589783,8.253500938415527,8.877822875976562,24.28403663635254,9.468751907348633,-0.7332619428634644,0.841096747856396,0.28270824561735597,9,6.050510406494141,1.0,0.5613122959630892,0,0,14.0,1.0,1.0,0.9498002889745354,0.9178230067094167,1.397278758386771,0.12326548993587494,0.3333333333333333,0.0,0.03911655768752098,1.0,0.0,0.0,0.8284199237823486,1.0,0.98237780975333,0.98237780975333,1.0,0.98237780975333,0.017622190246669896,0.03524438049333983,0.9471334292599902,205.52374218088698,0.004567194270686378,1.806745057873287,-0.07377447824207883,421.67782581844904,0.25099855512732283,0.0694432258605957,1.0,heuristic_fallback
20260514_035650,232,807,64.56,e2,Eval-Transferred-OSD+Fuzzy+OP-CBRS-e2,proxy,0.2813006639480591,8.278182029724121,8.89345645904541,24.29817008972168,9.456302642822266,-0.7059019804000854,0.7336943543729983,0.18808744101550104,9,5.977791786193848,1.0,0.5664166782191511,0,0,17.0,1.0,1.0,0.9498002889745354,0.9116105337937673,1.3895131672422092,0.13258419930934906,0.3333333333333333,0.0,0.04324980452656746,1.0,0.0,0.0,0.8855690956115723,1.0,0.9818027357241641,0.9818027357241641,1.0,0.9818027357241641,0.018197264275835998,0.036394528551672016,0.9454082071724921,208.61289445072907,0.00463584209890509,1.8020920045150899,-0.08401249620903371,421.67782581844904,0.25099855512732283,0.07271862030029297,1.0,heuristic_fallback
20260514_035650,232,808,64.64,e2,Eval-Transferred-OSD+Fuzzy+OP-CBRS-e2,proxy,0.3516508638858795,8.302166938781738,8.908658981323242,24.42694091796875,9.415776252746582,-0.6872962713241577,0.6472109403515043,0.10066445914089377,9,5.902942657470703,1.0,0.5589569360007736,0,0,16.0,1.0,1.0,0.9498002889745354,0.9063782592614492,1.3829728240768115,0.14043261110782623,0.3333333333333333,0.0,0.01856394298374653,1.0,0.0,0.0,0.9235918521881104,1.0,0.9813195971712644,0.9813195971712644,1.0,0.9813195971712644,0.01868040282873557,0.03736080565747114,0.9439587915137932,210.71724930231176,0.004682605540051373,1.819298332039126,-0.1040701392427194,421.67782581844904,0.25099855512732283,0.07484912872314453,1.0,heuristic_fallback
20260514_035650,232,809,64.72,e2,Eval-Transferred-OSD+Fuzzy+OP-CBRS-e2,proxy,0.42363300919532776,8.325676918029785,8.923287391662598,24.473968505859375,9.452709197998047,-0.6594201922416687,0.5775890669996369,0.02806109163992166,9,5.826716423034668,1.0,0.6021543605226276,0,0,16.0,1.0,1.0,0.9498002889745354,0.9017756481965383,1.377219560245673,0.14733652770519257,0.3333333333333333,0.0,0.05208729952573776,1.0,0.0,0.0,0.9483144879341125,1.0,0.980895505147153,0.980895505147153,1.0,0.980895505147153,0.01910449485284692,0.038208989705693884,0.9426865154414591,212.0690770592638,0.004712646156872529,1.793005161866405,-0.0639456465246282,421.67782581844904,0.25099855512732283,0.07622623443603516,1.0,heuristic_fallback
20260514_035650,232,810,64.8,e2,Eval-Transferred-OSD+Fuzzy+OP-CBRS-e2,proxy,0.49668461084365845,8.348862648010254,8.93725872039795,24.564661026000977,9.352692604064941,-0.6825209259986877,0.5215527026275525,-0.02520208655524722,9,5.749608039855957,1.0,0.5705248274788539,0,0,16.0,1.0,1.0,0.9498002889745354,0.8976091047128042,1.3720113808910053,0.15358634293079376,0.3333333333333333,0.0,0.030581025406718254,1.0,0.0,0.0,0.9640535116195679,1.0,0.9805123210169953,0.9805123210169953,1.0,0.9805123210169953,0.019487678983004807,0.03897535796600963,0.9415369630509857,212.88437588592615,0.004730763908576137,1.808093231584736,-0.10171989634530948,421.67782581844904,0.25099855512732283,0.07710838317871094,1.0,heuristic_fallback
20260514_035650,232,811,64.88,e2,Eval-Transferred-OSD+Fuzzy+OP-CBRS-e2,proxy,0.5704345107078552,8.371827125549316,8.950531005859375,24.666318893432617,9.394131660461426,-0.6535310745239258,0.4764585677747231,-0.07748027643683864,9,5.671940803527832,1.0,0.6113921558617301,0,0,16.0,1.0,1.0,0.9498002889745354,0.893778016169866,1.3672225202123325,0.1593329757452011,0.3333333333333333,0.0,0.06997339427471161,1.0,0.0,0.0,0.9738245606422424,1.0,0.9801605964081198,0.9801605964081198,1.0,0.9801605964081198,0.019839403591880203,0.03967880718376042,0.9404817892243594,213.33285641979103,0.004740730142662023,1.7775911827980064,-0.059324487968410264,421.67782581844904,0.25099855512732283,0.077667236328125,1.0,heuristic_fallback
20260514_035650,232,812,64.96,e2,Eval-Transferred-OSD+Fuzzy+OP-CBRS-e2,proxy,0.6446378827095032,8.394639015197754,8.963088035583496,24.693185806274414,9.381978034973145,-0.6614335775375366,0.4401751442582808,-0.1111615482418738,9,5.593926906585693,1.0,0.5778559173973803,0,0,16.0,1.0,1.0,0.9498002889745354,0.8902336458365122,1.3627920572956402,0.16464953124523163,0.3333333333333333,0.0,0.05658856779336929,1.0,0.0,0.0,0.9796798229217529,1.0,0.9798357129252371,0.9798357129252371,1.0,0.9798357129252371,0.020164287074762942,0.0403285741495259,0.9395071387757111,213.53811086128007,0.004745291352472891,1.786743710075675,-0.09554647416563439,421.67782581844904,0.25099855512732283,0.07801389694213867,1.0,heuristic_fallback
20260514_035650,232,813,65.04,e2,Eval-Transferred-OSD+Fuzzy+OP-CBRS-e2,proxy,0.7191334962844849,8.41734504699707,8.974934577941895,24.782901763916016,9.349655151367188,-0.6177959442138672,0.4109844545705244,-0.144528200907356,9,5.51570463180542,1.0,0.5698187280782452,0,0,16.0,1.0,1.0,0.9498002889745354,0.8869593640168508,1.3586992050210636,0.16956095397472382,0.3333333333333333,0.0,0.026866542175412178,1.0,0.0,0.0,0.9829958081245422,1.0,0.9795360277191272,0.9795360277191272,1.0,0.9795360277191272,0.02046397228087275,0.0409279445617455,0.9386080831573816,213.58647025942003,0.0047463660057648896,1.8082166588342272,-0.10725041023269928,421.67782581844904,0.25099855512732283,0.07822227478027344,1.0,heuristic_fallback
20260514_035650,232,814,65.12,e2,Eval-Transferred-OSD+Fuzzy+OP-CBRS-e2,proxy,0.7938152551651001,8.439977645874023,8.98608684539795,24.8608341217041,9.314279556274414,-0.6198382377624512,0.38750237630482487,-0.15601489875602076,9,5.437361240386963,1.0,0.588018643477577,0,0,15.0,1.0,1.0,0.9498002889745354,0.883949210246404,1.354936512808005,0.17407618463039398,0.3333333333333333,0.0,0.024210872128605843,1.0,0.0,0.0,0.9846878051757812,1.0,0.9792608906284351,0.9792608906284351,1.0,0.9792608906284351,0.020739109371565024,0.04147821874313006,0.9377826718853051,213.53672191686928,0.00474526048704154,1.8094558729267203,-0.08961115964545542,421.67782581844904,0.25099855512732283,0.07834339141845703,1.0,heuristic_fallback
20260514_035650,232,815,65.2,e2,Eval-Transferred-OSD+Fuzzy+OP-CBRS-e2,proxy,0.8686137199401855,8.46255874633789,8.996567726135254,24.910429000854492,9.325028419494629,-0.6245792508125305,0.36861412248274067,-0.17460858805694315,9,5.358954429626465,1.0,0.5951911829293443,0,0,15.0,1.0,1.0,0.9498002889745354,0.8812031050523123,1.3515038813153903,0.17819534242153168,0.3333333333333333,0.0,0.033103395253419876,1.0,0.0,0.0,0.9853596687316895,1.0,0.9790101996676823,0.9790101996676823,1.0,0.9790101996676823,0.02098980033231757,0.04197960066463518,0.9370305990030472,213.42815172882547,0.004742847816196121,1.8020999542845868,-0.08158886972919047,421.67782581844904,0.25099855512732283,0.07840681076049805,1.0,heuristic_fallback
20260514_035650,232,816,65.28,e2,Eval-Transferred-OSD+Fuzzy+OP-CBRS-e2,proxy,0.9434835314750671,8.485103607177734,9.006406784057617,24.997358322143555,9.252147674560547,-0.5830309391021729,0.35342208291756444,-0.1885145049250822,9,5.280519962310791,1.0,0.5831808331527191,0,0,15.0,1.0,1.0,0.9498002889745354,0.8787227968374888,1.348403496046861,0.18191580474376678,0.3333333333333333,0.0,0.023248128592967987,1.0,0.0,0.0,0.9854074120521545,1.0,0.9787840280515474,0.9787840280515474,1.0,0.9787840280515474,0.02121597194845262,0.04243194389690525,0.9363520841546421,213.2866516552623,0.004739703370116939,1.80887132722622,-0.09447592525859155,421.67782581844904,0.25099855512732283,0.07843446731567383,1.0,heuristic_fallback
20260514_035650,232,817,65.36,e2,Eval-Transferred-OSD+Fuzzy+OP-CBRS-e2,proxy,1.0183953046798706,8.507621765136719,9.015634536743164,25.09571647644043,9.266324996948242,-0.5446966886520386,0.34120367155695713,-0.2015041419496004,9,5.2020792961120605,1.0,0.6032756756444102,0,0,15.0,1.0,1.0,0.9498002889745354,0.8765079379081726,1.3456349223852158,0.1852380931377411,0.3333333333333333,0.0,0.04579666256904602,1.0,0.0,0.0,0.9850885272026062,1.0,0.9785822660351222,0.9785822660351222,1.0,0.9785822660351222,0.021417733964877853,0.042835467929755656,0.9357467981053665,213.1290165085967,0.004736200366857704,1.7914062120118324,-0.07193891302813299,421.67782581844904,0.25099855512732283,0.07844066619873047,1.0,heuristic_fallback
20260514_035650,232,818,65.44,e2,Eval-Transferred-OSD+Fuzzy+OP-CBRS-e2,proxy,1.0933303833007812,8.530120849609375,9.024283409118652,25.139617919921875,9.211135864257812,-0.5547083616256714,0.33137735974557647,-0.21150087504252824,9,5.1236467361450195,1.0,0.5917755939088837,0,0,15.0,1.0,1.0,0.9498002889745354,0.8745565513769785,1.3431956892212231,0.18816517293453217,0.3333333333333333,0.0,0.0523981936275959,1.0,0.0,0.0,0.984569251537323,1.0,0.9784046643078061,0.9784046643078061,1.0,0.9784046643078061,0.02159533569219382,0.04319067138438764,0.9352139929234186,212.96598708677914,0.004732577490817314,1.7859672170851215,-0.08254753451132989,421.67782581844904,0.25099855512732283,0.07843255996704102,1.0,heuristic_fallback
20260514_035650,232,819,65.52,e2,Eval-Transferred-OSD+Fuzzy+OP-CBRS-e2,proxy,1.1682767868041992,8.552606582641602,9.032384872436523,25.264080047607422,9.216160774230957,-0.5587856769561768,0.32347516371839447,-0.22635097115640673,9,5.045228481292725,1.0,0.5851278587129174,0,0,15.0,1.0,1.0,0.9498002889745354,0.8728651503721873,1.341081437965234,0.19070227444171906,0.3333333333333333,0.0,0.04916757345199585,1.0,0.0,0.0,0.9839553833007812,1.0,0.9782508452720341,0.9782508452720341,1.0,0.9782508452720341,0.02174915472796581,0.04349830945593163,0.9347525358161025,212.80426798947155,0.004728983733099368,1.7879673319656237,-0.08928255026076352,421.67782581844904,0.25099855512732283,0.07841825485229492,1.0,heuristic_fallback
20260514_035650,232,820,65.6,e2,Eval-Transferred-OSD+Fuzzy+OP-CBRS-e2,proxy,1.2432273626327515,8.575081825256348,9.039971351623535,25.29694366455078,9.219542503356934,-0.5591667294502258,0.3171205242747924,-0.24247831984365212,9,4.966828346252441,1.0,0.5901752875835319,0,0,15.0,1.0,1.0,0.9498002889745354,0.8714278638362885,1.3392848297953606,0.19285820424556732,0.3333333333333333,0.0,0.05438860133290291,1.0,0.0,0.0,0.9833131432533264,1.0,0.9781202237861536,0.9781202237861536,1.0,0.9781202237861536,0.021879776213846555,0.04375955242769308,0.9343606713584605,212.64791773815716,0.004725509283070159,1.7836922394209687,-0.08348368667264307,421.67782581844904,0.25099855512732283,0.0784001350402832,1.0,heuristic_fallback
20260514_035650,232,821,65.68,e2,Eval-Transferred-OSD+Fuzzy+OP-CBRS-e2,proxy,1.3181778192520142,8.597548484802246,9.047073364257812,25.384418487548828,9.178686141967773,-0.5485718846321106,0.3120105254452048,-0.2329016821905499,9,4.8884477615356445,1.0,0.5594938450573183,0,0,15.0,1.0,1.0,0.9498002889745354,0.8702374597390493,1.3377968246738117,0.1946438103914261,0.3333333333333333,0.0,0.008325149305164814,1.0,0.0,0.0,0.9826829433441162,1.0,0.9780121002328197,0.9780121002328197,1.0,0.9780121002328197,0.021987899767180415,0.04397579953436084,0.9340363006984589,212.4992632920348,0.004722205850934107,1.8179422274174624,-0.11855954610621157,421.67782581844904,0.25099855512732283,0.07838058471679688,1.0,heuristic_fallback
20260514_035650,232,822,65.76,e2,Eval-Transferred-OSD+Fuzzy+OP-CBRS-e2,proxy,1.3931260108947754,8.620009422302246,9.053720474243164,25.446439743041992,9.131705284118652,-0.5212517976760864,0.3079015140996515,-0.25540524075288606,9,4.810086250305176,1.0,0.5998289568479541,0,0,14.0,1.0,1.0,0.9498002889745354,0.8692860106627146,1.3366075133283932,0.19607098400592804,0.3333333333333333,0.0,0.02582814358174801,1.0,0.0,0.0,0.9820884466171265,1.0,0.9779257205714388,0.9779257205714388,1.0,0.9779257205714388,0.02207427942856129,0.04414855885712258,0.9337771617143162,212.3595158270805,0.0047191003517129,1.8045771194409415,-0.07628821734539797,421.67782581844904,0.25099855512732283,0.07836151123046875,1.0,heuristic_fallback
20260514_035650,232,823,65.84,e2,Eval-Transferred-OSD+Fuzzy+OP-CBRS-e2,proxy,1.4680711030960083,8.64246654510498,9.059940338134766,25.54814910888672,9.166427612304688,-0.554456353187561,0.3045974791619937,-0.25305476260095044,9,4.7317423820495605,1.0,0.6030801734798802,0,0,14.0,1.0,1.0,0.9498002889745354,0.8685635328292847,1.3357044160366058,0.197154700756073,0.3333333333333333,0.0,0.050743117928504944,1.0,0.0,0.0,0.9815425872802734,1.0,0.9778601522234948,0.9778601522234948,1.0,0.9778601522234948,0.022139847776505253,0.04427969555301046,0.9335804566704843,212.22917585552204,0.0047162039079004904,1.7857102692225162,-0.0703892969564821,421.67782581844904,0.25099855512732283,0.07834386825561523,1.0,heuristic_fallback
20260514_035650,232,824,65.92,e2,Eval-Transferred-OSD+Fuzzy+OP-CBRS-e2,proxy,1.5430128574371338,8.66491985321045,9.065760612487793,25.619056701660156,9.120288848876953,-0.5558017492294312,0.3019407440767921,-0.24932499839137387,9,4.653414726257324,1.0,0.5774709669430826,0,0,14.0,1.0,1.0,0.9498002889745354,0.8680609067281088,1.335076133410136,0.19790863990783691,0.3333333333333333,0.0,0.036371517926454544,1.0,0.0,0.0,0.9810513854026794,1.0,0.9778145484871361,0.9778145484871361,1.0,0.9778145484871361,0.022185451512863896,0.04437090302572774,0.9334436454614083,212.10829439749443,0.004713517653277654,1.79636331269876,-0.09730823068794536,421.67782581844904,0.25099855512732283,0.07832765579223633,1.0,heuristic_fallback
20260514_035650,232,825,66.0,e2,Eval-Transferred-OSD+Fuzzy+OP-CBRS-e2,proxy,1.61795175075531,8.687370300292969,9.071206092834473,25.669677734375,9.110575675964355,-0.5485944747924805,0.2998045418794657,-0.25490847275901213,9,4.575101375579834,1.0,0.5876040885828417,0,0,14.0,1.0,1.0,0.9498002889745354,0.8677679697672526,1.3347099622090657,0.1983480453491211,0.3333333333333333,0.0,0.03761586919426918,1.0,0.0,0.0,0.980616569519043,1.0,0.9777879745852598,0.9777879745852598,1.0,0.9777879745852598,0.022212025414740277,0.044424050829480505,0.9333639237557793,211.996644063649,0.004711036534747756,1.795356815007685,-0.08695338274820988,421.67782581844904,0.25099855512732283,0.07831335067749023,1.0,heuristic_fallback
20260514_035650,232,826,66.08,e2,Eval-Transferred-OSD+Fuzzy+OP-CBRS-e2,proxy,1.692888617515564,8.709819793701172,9.076299667358398,25.776025772094727,9.085883140563965,-0.5073814392089844,0.29808692983875584,-0.2524957796423959,9,4.496798992156982,1.0,0.5764463726917175,0,0,14.0,1.0,1.0,0.9498002889745354,0.8676747878392538,1.3345934847990673,0.19848781824111938,0.3333333333333333,0.0,0.020465999841690063,1.0,0.0,0.0,0.9802371859550476,1.0,0.9777795222479256,0.9777795222479256,1.0,0.9777795222479256,0.0222204777520742,0.044440955504148436,0.9333385667437772,211.89383563626063,0.004708751903028014,1.8081959215401195,-0.0997651069592947,421.67782581844904,0.25099855512732283,0.07830238342285156,1.0,heuristic_fallback
20260514_035650,232,827,66.16,e2,Eval-Transferred-OSD+Fuzzy+OP-CBRS-e2,proxy,1.7678242921829224,8.732268333435059,9.08106517791748,25.832962036132812,9.092060089111328,-0.5513690710067749,0.29670587061496595,-0.25623302460383635,9,4.418507099151611,1.0,0.5981480233300049,0,0,14.0,1.0,1.0,0.9498002889745354,0.8677722215652466,1.3347152769565582,0.19834166765213013,0.3333333333333333,0.0,0.03764430433511734,1.0,0.0,0.0,0.9799111485481262,1.0,0.9777883602650148,0.9777883602650148,1.0,0.9777883602650148,0.02221163973498518,0.04442327946997037,0.9333650807950444,211.79942210308138,0.0047066538245129205,1.7953365516015474,-0.07630576463603901,421.67782581844904,0.25099855512732283,0.0782918930053711,1.0,heuristic_fallback
20260514_035650,232,828,66.24,e2,Eval-Transferred-OSD+Fuzzy+OP-CBRS-e2,proxy,1.8427598476409912,8.754715919494629,9.085522651672363,25.90489959716797,9.075462341308594,-0.5263472199440002,0.29559541866399236,-0.2737803362820257,9,4.3402228355407715,1.0,0.5873697697254299,0,0,14.0,1.0,1.0,0.9498002889745354,0.8680484394232432,1.335060549279054,0.1979273408651352,0.3333333333333333,0.0,0.0390329584479332,1.0,0.0,0.0,0.9796352386474609,1.0,0.9778134174420847,0.9778134174420847,1.0,0.9778134174420847,0.02218658255791518,0.04437316511583034,0.9334402523262544,211.71289007284213,0.004704730890507603,1.7943641154814347,-0.08693717239702395,421.67782581844904,0.25099855512732283,0.07828426361083984,1.0,heuristic_fallback
20260514_035650,232,829,66.32,e2,Eval-Transferred-OSD+Fuzzy+OP-CBRS-e2,proxy,1.917696475982666,8.7771635055542,9.089692115783691,25.98006248474121,9.015878677368164,-0.4901021718978882,0.2947025795042676,-0.2511874879461194,9,4.26194429397583,1.0,0.5783344985286297,0,0,14.0,1.0,1.0,0.9498002889745354,0.8684953649838766,1.3356192062298458,0.19725695252418518,0.3333333333333333,0.0,0.025503480806946754,1.0,0.0,0.0,0.9794058203697205,1.0,0.9778539667137424,0.9778539667137424,1.0,0.9778539667137424,0.022146033286257655,0.044292066572515325,0.9335619001412271,211.63371970904893,0.004702971549089977,1.8046229551023327,-0.09734374301445274,421.67782581844904,0.25099855512732283,0.0782785415649414,1.0,heuristic_fallback
20260514_035650,232,830,66.4,e2,Eval-Transferred-OSD+Fuzzy+OP-CBRS-e2,proxy,1.9926351308822632,8.79961109161377,9.093592643737793,26.050519943237305,9.043512344360352,-0.5001644492149353,0.2939847060078376,-0.26184720629423747,9,4.183669090270996,1.0,0.5898141093840319,0,0,14.0,1.0,1.0,0.9498002889745354,0.8691030939420065,1.336378867427508,0.19634535908699036,0.3333333333333333,0.0,0.029670996591448784,1.0,0.0,0.0,0.9792194366455078,1.0,0.9779091180719923,0.9779091180719923,1.0,0.9779091180719923,0.02209088192800756,0.04418176385601507,0.9337273542159773,211.56141563889105,0.004701364791975357,1.8016492505034887,-0.0854934861360453,421.67782581844904,0.25099855512732283,0.07827520370483398,1.0,heuristic_fallback
20260514_035650,232,831,66.48,e2,Eval-Transferred-OSD+Fuzzy+OP-CBRS-e2,proxy,2.0675768852233887,8.822059631347656,9.097240447998047,26.120201110839844,8.976933479309082,-0.5343572497367859,0.2934075358063426,-0.2552961983189374,9,4.105396270751953,1.0,0.5868230912774327,0,0,13.0,1.0,1.0,0.9498002889745354,0.8698624273141226,1.3373280341426532,0.19520635902881622,0.3333333333333333,0.0,0.029292510822415352,1.0,0.0,0.0,0.9790723919868469,1.0,0.9779780477668523,0.9779780477668523,1.0,0.9779780477668523,0.02202195223314757,0.04404390446629518,0.9339341433005571,211.49548049565158,0.004699899566570034,1.8021229481732928,-0.08858816436323858,421.67782581844904,0.25099855512732283,0.07827281951904297,1.0,heuristic_fallback
20260514_035650,232,832,66.56,e2,Eval-Transferred-OSD+Fuzzy+OP-CBRS-e2,proxy,2.1425230503082275,8.84450912475586,9.100652694702148,26.192041397094727,8.963838577270508,-0.49833908677101135,0.29294348663602127,-0.2694687537529709,9,4.02712345123291,1.0,0.5915075669853904,0,0,13.0,1.0,1.0,0.9498002889745354,0.8707655866940817,1.338456983367602,0.19385161995887756,0.3333333333333333,0.0,0.03653795272111893,1.0,0.0,0.0,0.9789614081382751,1.0,0.978060062797222,0.978060062797222,1.0,0.978060062797222,0.021939937202777874,0.04387987440555578,0.9341801883916663,211.43546382715624,0.004698565862825694,1.7969146565942549,-0.08327106077851026,421.67782581844904,0.25099855512732283,0.07827281951904297,1.0,heuristic_fallback
20260514_035650,232,833,66.64,e2,Eval-Transferred-OSD+Fuzzy+OP-CBRS-e2,proxy,2.2174744606018066,8.866960525512695,9.10384464263916,26.283737182617188,8.931679725646973,-0.5020697712898254,0.29257040540896667,-0.261633440111725,9,3.9488489627838135,1.0,0.57248135537536,0,0,13.0,1.0,1.0,0.9498002889745354,0.8718041280905405,1.3397551601131756,0.19229380786418915,0.3333333333333333,0.0,0.012508704327046871,1.0,0.0,0.0,0.9788833856582642,1.0,0.9781544111120793,0.9781544111120793,1.0,0.9781544111120793,0.02184558888792064,0.04369117777584125,0.934463233336238,211.38093619708206,0.004697354137712935,1.8151962282389238,-0.10481382051049427,421.67782581844904,0.25099855512732283,0.07827448844909668,1.0,heuristic_fallback
20260514_035650,232,834,66.72,e2,Eval-Transferred-OSD+Fuzzy+OP-CBRS-e2,proxy,2.2924320697784424,8.889413833618164,9.106829643249512,26.382719039916992,8.918549537658691,-0.49816998839378357,0.29227044699019955,-0.24663152899016116,9,3.8705716133117676,1.0,0.5969015060171391,0,0,12.0,1.0,1.0,0.9498002889745354,0.8729691108067831,1.3412113885084789,0.19054633378982544,0.3333333333333333,0.0,0.026562053710222244,1.0,0.0,0.0,0.9788352847099304,1.0,0.9782602963922179,0.9782602963922179,1.0,0.9782602963922179,0.021739703607782098,0.043479407215564196,0.9347808891766537,211.3314864029718,0.004696255253399373,1.8049474618806027,-0.07912040399768668,421.67782581844904,0.25099855512732283,0.0782773494720459,1.0,heuristic_fallback
20260514_035650,232,835,66.8,e2,Eval-Transferred-OSD+Fuzzy+OP-CBRS-e2,proxy,2.367396831512451,8.911869049072266,9.10962200164795,26.4328670501709,8.87662410736084,-0.4904066026210785,0.2920292768144937,-0.23641301451257435,9,3.792290210723877,1.0,0.5947403676124093,0,0,12.0,1.0,1.0,0.9498002889745354,0.8742535014947256,1.342816876868407,0.18861974775791168,0.3333333333333333,0.0,0.03838474676012993,1.0,0.0,0.0,0.9788146018981934,1.0,0.978377096177305,0.978377096177305,1.0,0.978377096177305,0.021622903822695067,0.04324580764539017,0.9351312885319147,211.28675497259974,0.004695261221613328,1.7964015397651576,-0.08024910521213614,421.67782581844904,0.25099855512732283,0.07828140258789062,1.0,heuristic_fallback
20260514_035650,232,836,66.88,e2,Eval-Transferred-OSD+Fuzzy+OP-CBRS-e2,proxy,2.4423694610595703,8.934327125549316,9.112234115600586,26.483678817749023,8.9180908203125,-0.4607972204685211,0.2918353838813109,-0.25441031737349806,9,3.714003324508667,1.0,0.587570222710378,0,0,12.0,1.0,1.0,0.9498002889745354,0.8756509522596995,1.3445636903246243,0.18652357161045074,0.3333333333333333,0.0,0.03944440186023712,1.0,0.0,0.0,0.9788186550140381,1.0,0.9785042507497886,0.9785042507497886,1.0,0.9785042507497886,0.0214957492502114,0.042991498500422845,0.9355127522493658,211.24637884195727,0.004694363974265717,1.7959561611313208,-0.08748145054602764,421.67782581844904,0.25099855512732283,0.07828688621520996,1.0,heuristic_fallback
20260514_035650,232,837,66.96,e2,Eval-Transferred-OSD+Fuzzy+OP-CBRS-e2,proxy,2.5173511505126953,8.956787109375,9.114676475524902,26.57572364807129,8.862455368041992,-0.49689561128616333,0.29167947669029415,-0.25935876437807537,9,3.635709524154663,1.0,0.5867100820241444,0,0,12.0,1.0,1.0,0.9498002889745354,0.8771533966064453,1.3464417457580566,0.18426990509033203,0.3333333333333333,0.0,0.03895041346549988,1.0,0.0,0.0,0.9788455367088318,1.0,0.9786410440683555,0.9786410440683555,1.0,0.9786410440683555,0.021358955931644517,0.04271791186328905,0.9359231322050664,211.21005668842565,0.004693556815298349,1.7967022635140601,-0.08857669927663894,421.67782581844904,0.25099855512732283,0.0782938003540039,1.0,heuristic_fallback
20260514_035650,232,838,67.04,e2,Eval-Transferred-OSD+Fuzzy+OP-CBRS-e2,proxy,2.5923423767089844,8.97925090789795,9.116961479187012,26.67020034790039,8.87695598602295,-0.45271971821784973,0.2915541509443295,-0.25112200517370126,9,3.557407855987549,1.0,0.574210253391447,0,0,11.0,1.0,1.0,0.9498002889745354,0.8787563542524973,1.3484454428156216,0.18186546862125397,0.3333333333333333,0.0,0.017067955806851387,1.0,0.0,0.0,0.9788929224014282,1.0,0.9787870864359043,0.9787870864359043,1.0,0.9787870864359043,0.02121291356409571,0.042425827128191464,0.9363612593077129,211.1774781748868,0.004692832848330817,1.8135148461695596,-0.10346520552933715,421.67782581844904,0.25099855512732283,0.07830166816711426,1.0,heuristic_fallback
20260514_035650,232,839,67.12,e2,Eval-Transferred-OSD+Fuzzy+OP-CBRS-e2,proxy,2.667344093322754,9.001717567443848,9.119098663330078,26.728635787963867,8.832201957702637,-0.4817807674407959,0.29145336315537385,-0.2676378527439834,9,3.4790971279144287,1.0,0.6040446583110414,0,0,11.0,1.0,1.0,0.9498002889745354,0.880451500415802,1.3505643755197525,0.179322749376297,0.3333333333333333,0.0,0.04205181822180748,1.0,0.0,0.0,0.9789592623710632,1.0,0.9789416376482821,0.9789416376482821,1.0,0.9789416376482821,0.021058362351717853,0.04211672470343575,0.9368249129448464,211.14838438712206,0.004692186319713824,1.7952007358991686,-0.07134793896565758,421.67782581844904,0.25099855512732283,0.07831072807312012,1.0,heuristic_fallback
20260514_035650,232,840,67.2,e2,Eval-Transferred-OSD+Fuzzy+OP-CBRS-e2,proxy,2.742356777191162,9.024187088012695,9.121097564697266,26.825956344604492,8.781754493713379,-0.45554015040397644,0.29137231790220414,-0.26011789064660323,9,3.4007771015167236,1.0,0.5646888231051719,0,0,11.0,1.0,1.0,0.9498002889745354,0.8822349806626638,1.3527937258283298,0.17664752900600433,0.3333333333333333,0.0,0.0033938682172447443,1.0,0.0,0.0,0.9790427684783936,1.0,0.9791043644235816,0.9791043644235816,1.0,0.9791043644235816,0.020895635576418534,0.04179127115283708,0.9373130932707445,211.1225158347679,0.004691611462994842,1.824640068464306,-0.1147950436700118,421.67782581844904,0.25099855512732283,0.07832002639770508,1.0,heuristic_fallback
20260514_035650,232,841,67.28,e2,Eval-Transferred-OSD+Fuzzy+OP-CBRS-e2,proxy,2.8173813819885254,9.046660423278809,9.122966766357422,26.896745681762695,8.790136337280273,-0.4931109845638275,0.29130716852048794,-0.27373189317234736,9,3.32244610786438,1.0,0.6168129149293667,0,0,11.0,1.0,1.0,0.9498002889745354,0.8841007749239603,1.3551259686549504,0.17384883761405945,0.3333333333333333,0.0,0.046824049204587936,1.0,0.0,0.0,0.9791420102119446,1.0,0.9792747355572777,0.9792747355572777,1.0,0.9792747355572777,0.020725264442722352,0.04145052888544472,0.937824206671833,211.09964474787296,0.0046911032166194,1.792533881289123,-0.05856972590428921,421.67782581844904,0.25099855512732283,0.07833099365234375,1.0,heuristic_fallback
20260514_035650,232,842,67.36,e2,Eval-Transferred-OSD+Fuzzy+OP-CBRS-e2,proxy,2.892418384552002,9.069137573242188,9.124715805053711,26.933887481689453,8.745355606079102,-0.48398318886756897,0.29125478615808514,-0.26122884993533707,9,3.24410343170166,1.0,0.5745030815526242,0,0,11.0,1.0,1.0,0.9498002889745354,0.8860441148281097,1.3575551435351372,0.1709338277578354,0.3333333333333333,0.0,0.02499649114906788,1.0,0.0,0.0,0.9792556166648865,1.0,0.9794523333972981,0.9794523333972981,1.0,0.9794523333972981,0.020547666602702064,0.0410953332054041,0.9383570001918939,211.07955739923648,0.004690656831094144,1.8093903848068003,-0.10331506162887862,421.67782581844904,0.25099855512732283,0.07834267616271973,1.0,heuristic_fallback
20260514_035650,232,843,67.44,e2,Eval-Transferred-OSD+Fuzzy+OP-CBRS-e2,proxy,2.96746826171875,9.091618537902832,9.126351356506348,27.016695022583008,8.722142219543457,-0.47727441787719727,0.2912126625243782,-0.2623313049789916,9,3.1657488346099854,1.0,0.5961291290786984,0,0,11.0,1.0,1.0,0.9498002889745354,0.8880594372749329,1.360074296593666,0.1679108440876007,0.3333333333333333,0.0,0.03659744933247566,1.0,0.0,0.0,0.979382336139679,1.0,0.9796366668930822,0.9796366668930822,1.0,0.9796366668930822,0.02036333310691781,0.04072666621383566,0.9389100006792465,211.06205028540455,0.004690267784120101,1.8011934967809502,-0.08079005517392136,421.67782581844904,0.25099855512732283,0.0783545970916748,1.0,heuristic_fallback
20260514_035650,232,844,67.52,e2,Eval-Transferred-OSD+Fuzzy+OP-CBRS-e2,proxy,3.042531728744507,9.114103317260742,9.127881050109863,27.122493743896484,8.724817276000977,-0.4577691853046417,0.29117878898317556,-0.26022938464519046,9,3.087380886077881,1.0,0.5877411091424053,0,0,11.0,1.0,1.0,0.9498002889745354,0.8901432851950327,1.3626791064937909,0.16478507220745087,0.3333333333333333,0.0,0.035197123885154724,1.0,0.0,0.0,0.9795211553573608,1.0,0.9798274368020028,0.9798274368020028,1.0,0.9798274368020028,0.02017256319799712,0.04034512639599421,0.9394823104060086,211.0469488248532,0.004689932196107849,1.802764702846466,-0.08959324964910494,421.67782581844904,0.25099855512732283,0.07836794853210449,1.0,heuristic_fallback
20260514_035650,232,845,67.6,e2,Eval-Transferred-OSD+Fuzzy+OP-CBRS-e2,proxy,3.1176092624664307,9.136592864990234,9.129311561584473,27.159896850585938,8.683713912963867,-0.42418351769447327,0.29115156377877477,-0.2674821941722703,9,3.0089991092681885,1.0,0.5824583317853524,0,0,10.0,1.0,1.0,0.9498002889745354,0.8922906120618185,1.3653632650772731,0.16156408190727234,0.3333333333333333,0.0,0.02438664808869362,1.0,0.0,0.0,0.9796711206436157,1.0,0.980024197652937,0.980024197652937,1.0,0.980024197652937,0.019975802347062897,0.03995160469412583,0.9400725929588112,211.03408736372194,0.004689646385860487,1.811409391410508,-0.09624094866042192,421.67782581844904,0.25099855512732283,0.07838177680969238,1.0,heuristic_fallback
20260514_035650,232,846,67.68,e2,Eval-Transferred-OSD+Fuzzy+OP-CBRS-e2,proxy,3.1907925605773926,9.158514976501465,9.13064956665039,27.28143882751465,8.680779457092285,-0.48363739252090454,0.29112964969563393,-0.265967582586937,9,2.93259596824646,1.0,0.707110954699638,0,0,9.0,0.8,1.0,0.9498002889745354,0.8944980601469675,1.3681225751837094,0.15825290977954865,0.31333333333333335,0.0,0.05970083922147751,1.0,0.0,0.0,0.9798312783241272,1.0,0.906973917142728,0.906973917142728,1.0,0.906973917142728,0.09302608285727193,0.18605216571454386,0.7209217514281842,211.02330774699487,0.004689406838822108,1.6554756100822077,0.06461388532237287,421.67782581844904,0.25099855512732283,0.07640314102172852,1.0,heuristic_fallback
20260514_035650,232,847,67.76,e2,Eval-Transferred-OSD+Fuzzy+OP-CBRS-e2,proxy,3.2627296447753906,9.180063247680664,9.131900787353516,27.327302932739258,8.698155403137207,-0.49685198068618774,0.2911120061296858,-0.26256055608471546,9,2.8574941158294678,1.0,0.5403974903693728,0,0,9.0,0.8,1.0,0.9498002889745354,0.8966838618119558,1.3708548272649448,0.15497420728206635,0.31333333333333335,0.0,0.03324694558978081,1.0,0.0,0.0,0.955098569393158,1.0,0.9071193577785635,0.9071193577785635,1.0,0.9071193577785635,0.09288064222143651,0.185761284442873,0.7213580733356905,209.4724392838417,0.004654943095196483,1.675862480722227,-0.10027359287922198,421.67782581844904,0.25099855512732283,0.07510185241699219,1.0,heuristic_fallback
20260514_035650,232,848,67.84,e2,Eval-Transferred-OSD+Fuzzy+OP-CBRS-e2,proxy,3.3323585987091064,9.200920104980469,9.133071899414062,27.410545349121094,8.65161418914795,-0.4438965618610382,0.2910978304162883,-0.26596394921426997,9,2.7848026752471924,1.0,0.6536135483671057,0,0,8.0,0.6,1.0,0.9498002889745354,0.8988705774148306,1.3735882217685382,0.1516941338777542,0.29333333333333333,0.0,0.03645488992333412,1.0,0.0,0.0,0.9388193488121033,1.0,0.8501091258566533,0.8501091258566533,1.0,0.8501091258566533,0.14989087414334681,0.29978174828669363,0.5503273775699596,208.46761753536168,0.004632613723008038,1.544003201372781,0.04776624108060393,421.67782581844904,0.25099855512732283,0.07269144058227539,1.0,heuristic_fallback
20260514_035650,232,849,67.92,e2,Eval-Transferred-OSD+Fuzzy+OP-CBRS-e2,proxy,3.4004671573638916,9.221322059631348,9.134166717529297,27.430774688720703,8.603897094726562,-0.45935389399528503,0.2910864449946137,-0.2601233657737889,9,2.7136988639831543,1.0,0.5175532559425512,0,0,8.0,0.6,1.0,0.9498002889745354,0.9010109901428223,1.3762637376785278,0.1484835147857666,0.29333333333333333,0.0,0.02687549963593483,1.0,0.0,0.0,0.9086896777153015,1.0,0.8502153967502749,0.8502153967502749,1.0,0.8502153967502749,0.14978460324972517,0.2995692064994503,0.5506461902508246,206.6693047323289,0.004592651216273976,1.5517228472703284,-0.08329176812628429,421.67782581844904,0.25099855512732283,0.07110381126403809,1.0,heuristic_fallback
20260514_035650,232,850,68.0,e2,Eval-Transferred-OSD+Fuzzy+OP-CBRS-e2,proxy,3.4675748348236084,9.241423606872559,9.135190963745117,27.540437698364258,8.614444732666016,-0.44563594460487366,0.2910772672798732,-0.25541731088405295,9,2.6436402797698975,1.0,0.5353353017296905,0,0,8.0,0.6,1.0,0.9498002889745354,0.9031353890895844,1.3789192363619804,0.14529691636562347,0.29333333333333333,0.0,0.050499580800533295,1.0,0.0,0.0,0.8888360261917114,1.0,0.8503209484150462,0.8503209484150462,1.0,0.8503209484150462,0.1496790515849538,0.2993581031699076,0.5509628452451387,205.51137112811602,0.0045669193584025785,1.53453588613357,-0.05980667383460117,421.67782581844904,0.25099855512732283,0.07005858421325684,1.0,heuristic_fallback
20260514_035650,232,851,68.08,e2,Eval-Transferred-OSD+Fuzzy+OP-CBRS-e2,proxy,3.534024715423584,9.26132869720459,9.136148452758789,27.62270164489746,8.598552703857422,-0.44532671570777893,0.2910699057690086,-0.28074055611632753,9,2.5742690563201904,1.0,0.4997873810737204,0,0,8.0,0.6,1.0,0.9498002889745354,0.9052615364392599,1.3815769205490749,0.14210769534111023,0.29333333333333333,0.0,0.02117188647389412,1.0,0.0,0.0,0.8757649660110474,1.0,0.8504266626909374,0.8504266626909374,1.0,0.8504266626909374,0.14957333730906278,0.29914667461812555,0.5512799880728118,204.7583794075913,0.004550186209057584,1.5570631937159682,-0.09667633926012892,421.67782581844904,0.25099855512732283,0.06937122344970703,1.0,heuristic_fallback
20260514_035650,232,852,68.16,e2,Eval-Transferred-OSD+Fuzzy+OP-CBRS-e2,proxy,3.5988476276397705,9.280746459960938,9.137043952941895,27.697450637817383,8.562612533569336,-0.5254943370819092,0.29106396289456515,-0.2617965000100251,9,2.506596326828003,1.0,0.621401197721671,0,0,7.0,0.4,1.0,0.9498002889745354,0.9074005782604218,1.3842507228255272,0.13889913260936737,0.2733333333333333,0.0,0.02865668386220932,1.0,0.0,0.0,0.8671709299087524,1.0,0.8046465306319592,0.8046465306319592,1.0,0.8046465306319592,0.1953534693680408,0.3907069387360816,0.41393959189587765,204.2651168065463,0.004539224817923251,1.421984356130022,0.05672113656130748,421.67782581844904,0.25099855512732283,0.0676727294921875,1.0,heuristic_fallback
20260514_035650,232,853,68.24,e2,Eval-Transferred-OSD+Fuzzy+OP-CBRS-e2,proxy,3.6625988483428955,9.299842834472656,9.137882232666016,27.73553466796875,8.564992904663086,-0.46140235662460327,0.2910591575452709,-0.24802051334626796,9,2.4400432109832764,1.0,0.5185381064292481,0,0,7.0,0.4,1.0,0.9498002889745354,0.909510612487793,1.3868882656097412,0.13573408126831055,0.2733333333333333,0.0,0.07345359027385712,1.0,0.0,0.0,0.8459321856498718,1.0,0.8047264113813524,0.8047264113813524,1.0,0.8047264113813524,0.19527358861864771,0.39054717723729543,0.4141792341440569,203.08778746315613,0.004513061943625692,1.388914184878129,-0.03788009568762867,421.67782581844904,0.25099855512732283,0.06655311584472656,1.0,heuristic_fallback
20260514_035650,232,854,68.32,e2,Eval-Transferred-OSD+Fuzzy+OP-CBRS-e2,proxy,3.725644826889038,9.318727493286133,9.138666152954102,27.805177688598633,8.497211456298828,-0.44064462184906006,0.29105529360252,-0.2856101264116914,9,2.3742265701293945,1.0,0.4451865021014105,0,0,7.0,0.4,1.0,0.9498002889745354,0.911611407995224,1.38951425999403,0.132582888007164,0.2733333333333333,0.0,0.005934989079833031,1.0,0.0,0.0,0.8319392800331116,1.0,0.804805993289365,0.804805993289365,1.0,0.804805993289365,0.19519400671063494,0.3903880134212699,0.41441797986809514,202.32428684144372,0.004496095263143194,1.4400783346505048,-0.11605213191868574,421.67782581844904,0.25099855512732283,0.06581664085388184,1.0,heuristic_fallback
20260514_035650,232,855,68.4,e2,Eval-Transferred-OSD+Fuzzy+OP-CBRS-e2,proxy,3.7882273197174072,9.33747386932373,9.139399528503418,27.886049270629883,8.543020248413086,-0.46873238682746887,0.2910522232071445,-0.256582526834929,9,2.308894157409668,1.0,0.5229022490219863,0,0,7.0,0.4,1.0,0.9498002889745354,0.9137168228626251,1.3921460285782814,0.12942476570606232,0.2733333333333333,0.0,0.05949489772319794,1.0,0.0,0.0,0.8227287530899048,1.0,0.8048858012059925,0.8048858012059925,1.0,0.8048858012059925,0.19511419879400752,0.39022839758801503,0.4146574036179774,201.82518809450676,0.004485004179877928,1.4004347568848314,-0.03226844237411056,421.67782581844904,0.25099855512732283,0.06533241271972656,1.0,heuristic_fallback
20260514_035650,232,856,68.48,e2,Eval-Transferred-OSD+Fuzzy+OP-CBRS-e2,proxy,3.8494908809661865,9.355949401855469,9.140085220336914,27.92438507080078,8.506193161010742,-0.5008565187454224,0.29104974797478883,-0.2651138088970586,9,2.2449028491973877,1.0,0.5662371649253701,0,0,6.0,0.2,1.0,0.9498002889745354,0.915833592414856,1.39479199051857,0.12624961137771606,0.25333333333333335,0.0,0.03034919500350952,1.0,0.0,0.0,0.8166751265525818,1.0,0.7673194743578531,0.7673194743578531,1.0,0.7673194743578531,0.23268052564214692,0.46536105128429384,0.3019584230735592,201.49693878742266,0.004477709750831615,1.2928232263126556,0.03744592830881328,421.67782581844904,0.25099855512732283,0.06399130821228027,1.0,heuristic_fallback
20260514_035650,232,857,68.56,e2,Eval-Transferred-OSD+Fuzzy+OP-CBRS-e2,proxy,3.909928798675537,9.374102592468262,9.140726089477539,28.04144859313965,8.45889949798584,-0.4072103500366211,0.29103735999464103,-0.2753124113034784,9,2.181795358657837,1.0,0.4697027887661055,0,0,6.0,0.2,1.0,0.9498002889745354,0.9178954015175501,1.3973692518969376,0.12315689772367477,0.25333333333333335,0.0,0.04314865171909332,1.0,0.0,0.0,0.7999076247215271,1.0,0.7673798901945041,0.7673798901945041,1.0,0.7673798901945041,0.23262010980549586,0.4652402196109917,0.3021396705835125,200.61956505484716,0.004458212556774381,1.2837390860516413,-0.05509506055437541,421.67782581844904,0.25099855512732283,0.06310749053955078,1.0,heuristic_fallback
20260514_035650,232,858,68.64,e2,Eval-Transferred-OSD+Fuzzy+OP-CBRS-e2,proxy,3.9698662757873535,9.391900062561035,9.141325950622559,28.080442428588867,8.52442741394043,-0.45900624990463257,0.2910228570476684,-0.25271099729446317,9,2.119269609451294,1.0,0.4901794627200872,0,0,6.0,0.2,1.0,0.9498002889745354,0.919968823591868,1.399961029489835,0.12004676461219788,0.25333333333333335,0.0,0.09126526862382889,1.0,0.0,0.0,0.7888579368591309,1.0,0.7674406810932447,0.7674406810932447,1.0,0.7674406810932447,0.23255931890675535,0.4651186378135107,0.302322043279734,200.0484611278589,0.004445521358396865,1.2481699788916691,-0.02855424178163418,421.67782581844904,0.25099855512732283,0.06252574920654297,1.0,heuristic_fallback
20260514_035650,232,859,68.72,e2,Eval-Transferred-OSD+Fuzzy+OP-CBRS-e2,proxy,4.028698921203613,9.409076690673828,9.141886711120605,28.10585594177246,8.45418643951416,-0.47744688391685486,0.2910246229404557,-0.2645645255765589,9,2.057980537414551,1.0,0.5329150974249612,0,0,5.0,0.0,1.0,0.9498002889745354,0.9220958103736242,1.4026197629670303,0.11685628443956375,0.23333333333333334,0.0,0.05444882810115814,1.0,0.0,0.0,0.7815872430801392,1.0,0.7360764984326412,0.7360764984326412,1.0,0.7360764984326412,0.2639235015673587,0.5278470031347174,0.20822949529792378,199.67434878072936,0.004437207750682875,1.1463140559791112,0.03928123675340447,421.67782581844904,0.25099855512732283,0.061289072036743164,1.0,heuristic_fallback
20260514_035650,232,860,68.8,e2,Eval-Transferred-OSD+Fuzzy+OP-CBRS-e2,proxy,4.086844444274902,9.425705909729004,9.142411231994629,28.19940185546875,8.44845199584961,-0.4976491332054138,0.2910667260587346,-0.2435086702340734,10,1.9975073337554932,1.0,18.4161656009058,0,0,5.0,0.0,1.0,0.9498002889745354,0.9242701878150305,1.405337734768788,0.11359471827745438,0.23333333333333334,0.0,0.02598005346953869,1.0,0.0,0.0,0.7661390900611877,1.0,0.7361263357420355,0.7361263357420355,1.0,0.7361263357420355,0.2638736642579645,0.527747328515929,0.2083790072261065,198.90108084481847,0.004420024018773744,1.1682092313131773,-0.07788564745618316,421.67782581844904,0.25099855512732283,0.06047320365905762,1.0,heuristic_fallback
20260514_035650,232,861,68.88,e2,Eval-Transferred-OSD+Fuzzy+OP-CBRS-e2,proxy,4.129843235015869,9.416512489318848,9.136238098144531,28.190725326538086,8.424859046936035,-0.4177069664001465,0.17506672605873463,-0.38564243581371166,10,8.628338813781738,1.0,0.2140914422559584,0,0,5.0,0.0,1.0,0.9498002889745354,1.0,1.5,0.0,0.23333333333333334,0.0,0.05752354487776756,1.0,0.0,0.0,0.7559885382652283,1.0,0.7378794186464052,0.7378794186464052,1.0,0.7378794186464052,0.26212058135359473,0.5242411627071895,0.21363825593921573,199.67756046841725,0.004437279121520384,1.1634840658032481,-0.05326819513858909,421.67782581844904,0.25099855512732283,0.018622398376464844,1.0,heuristic_fallback
20260514_035650,232,862,68.96,e2,Eval-Transferred-OSD+Fuzzy+OP-CBRS-e2,proxy,4.162705898284912,9.39011287689209,9.125761985778809,28.20355987548828,8.358927726745605,-0.5197508335113525,0.05906672605873464,-0.48273884834325953,10,8.595101356506348,1.0,0.2794203196112096,0,0,5.0,0.0,1.0,0.9498002889745354,0.9731569538513819,1.4664461923142273,0.040264569222927094,0.23333333333333334,0.0,0.046062782406806946,1.0,0.0,0.0,0.5550258159637451,1.0,0.7372541430923938,0.7372541430923938,1.0,0.7372541430923938,0.26274585690760616,0.5254917138152123,0.21176242927718147,192.21487581425936,0.004271441684761319,1.165368876119314,-0.059476383910201006,421.67782581844904,0.25099855512732283,0.033237457275390625,1.0,heuristic_fallback
20260514_035650,232,863,69.04,e2,Eval-Transferred-OSD+Fuzzy+OP-CBRS-e2,proxy,4.188736438751221,9.352203369140625,9.112645149230957,28.234527587890625,8.29236888885498,-0.481547474861145,-0.05693327394126535,-0.6006638076724486,10,8.5520601272583,1.0,0.3366813297259763,0,0,5.0,0.0,1.0,0.9498002889745354,0.9548732936382294,1.4435916170477867,0.06769005954265594,0.23333333333333334,0.0,0.05217323452234268,1.0,0.0,0.0,0.5429455041885376,1.0,0.7368306975813377,0.7368306975813377,1.0,0.7368306975813377,0.26316930241866227,0.5263386048373245,0.21049209274401315,192.38456247986005,0.004275212499552446,1.1562151219793741,-0.04879482242584671,421.67782581844904,0.25099855512732283,0.043041229248046875,1.0,heuristic_fallback
20260514_035650,232,864,69.12,e2,Eval-Transferred-OSD+Fuzzy+OP-CBRS-e2,proxy,4.210366725921631,9.305337905883789,9.098034858703613,28.200075149536133,8.30294418334961,-0.45517224073410034,-0.17293327394126534,-0.7209636993734663,10,8.501191139221191,1.0,0.251539884007921,0,0,4.0,0.27999999999999997,1.0,0.9498002889745354,0.9419575929641724,1.4274469912052155,0.08706361055374146,0.2613333333333333,0.0,0.05402493476867676,1.0,0.0,0.0,0.5977558493614197,1.0,0.7823784733384044,0.7823784733384044,1.0,0.7823784733384044,0.21762152666159562,0.43524305332319124,0.34713542001521314,194.72120726560217,0.004327137939235604,1.3335974216261093,-0.20519832199717553,421.67782581844904,0.25099855512732283,0.050868988037109375,1.0,heuristic_fallback
20260514_035650,232,865,69.2,e2,Eval-Transferred-OSD+Fuzzy+OP-CBRS-e2,proxy,4.228780269622803,9.253089904785156,9.082717895507812,28.1934871673584,8.22815990447998,-0.5520294904708862,-0.28893327394126533,-0.8500397157273465,10,8.445747375488281,1.0,0.4855098584731744,0,0,2.0,0.13999999999999999,1.0,0.9498002889745354,0.9323740849892298,1.4154676062365372,0.10143887251615524,0.24733333333333335,0.0,0.049369774758815765,1.0,0.0,0.0,0.6705537438392639,1.0,0.7577721181956689,0.7577721181956689,1.0,0.7577721181956689,0.24222788180433105,0.4844557636086621,0.2733163545870068,197.83490110785544,0.004396331135730121,1.2436929146397697,0.0231906087855822,421.67782581844904,0.25099855512732283,0.055443763732910156,1.0,heuristic_fallback
20260514_035650,232,866,69.28,e2,Eval-Transferred-OSD+Fuzzy+OP-CBRS-e2,proxy,4.244881629943848,9.197195053100586,9.067225456237793,28.175777435302734,8.151369094848633,-0.5829761028289795,-0.4049332739412653,-0.9570350379229727,10,8.387243270874023,1.0,0.4083976940996698,0,0,2.0,0.13999999999999999,1.0,0.9498002889745354,0.9248264382282892,1.4060330477853615,0.11276034265756607,0.24733333333333335,0.0,0.035336196422576904,1.0,0.0,0.0,0.7184589505195618,1.0,0.757566328461271,0.757566328461271,1.0,0.757566328461271,0.242433671538729,0.484867343077458,0.27269898538381304,200.00361606348918,0.004444524801410871,1.2523311867017137,-0.06987185315219051,421.67782581844904,0.25099855512732283,0.05850410461425781,1.0,heuristic_fallback
20260514_035650,232,867,69.36,e2,Eval-Transferred-OSD+Fuzzy+OP-CBRS-e2,proxy,4.259188652038574,9.13912296295166,9.051912307739258,28.178730010986328,8.109500885009766,-0.5937126278877258,-0.5209332739412653,-1.0562167610052513,10,8.327016830444336,1.0,0.4757430542184783,0,0,1.0,0.06999999999999999,1.0,0.9498002889745354,0.9185415307680765,1.3981769134600956,0.12218770384788513,0.24033333333333334,0.0,0.05639643967151642,1.0,0.0,0.0,0.7524439692497253,1.0,0.7463743621709158,0.7463743621709158,1.0,0.7463743621709158,0.25362563782908426,0.5072512756581685,0.23912308651274727,201.56289087070684,0.004479175352682374,1.1894647773999558,0.0002498499242316035,421.67782581844904,0.25099855512732283,0.0602264404296875,1.0,heuristic_fallback
20260514_035650,232,868,69.44,e2,Eval-Transferred-OSD+Fuzzy+OP-CBRS-e2,proxy,4.272156715393066,9.079290390014648,9.037009239196777,28.17805290222168,8.085033416748047,-0.5402657985687256,-0.6369332739412653,-1.1872060233092563,10,8.265382766723633,1.0,0.3871822215820885,0,0,2.0,0.13999999999999999,1.0,0.9498002889745354,0.9130674302577972,1.3913342878222466,0.13039885461330414,0.24733333333333335,0.0,0.05218174308538437,1.0,0.0,0.0,0.771725058555603,1.0,0.75724654750048,0.75724654750048,1.0,0.75724654750048,0.2427534524995199,0.4855069049990398,0.2717396425014402,202.41105469168224,0.004498023437592939,1.236757274711985,-0.10357291980887282,421.67782581844904,0.25099855512732283,0.061634063720703125,1.0,heuristic_fallback
20260514_035650,232,869,69.52,e2,Eval-Transferred-OSD+Fuzzy+OP-CBRS-e2,proxy,4.286298751831055,9.013694763183594,9.022660255432129,28.123565673828125,8.010064125061035,-0.5720174908638,-0.7529332739412653,-1.2978600198357553,10,8.197905540466309,1.0,0.29268773884263494,0,0,10.0,1.0,1.0,0.9498002889745354,0.9081675509611765,1.3852094387014706,0.13774867355823517,0.3333333333333333,0.0,0.05338896065950394,1.0,0.0,0.0,0.7876211404800415,1.0,0.9814846937795197,0.9814846937795197,1.0,0.9814846937795197,0.018515306220480286,0.03703061244096052,0.9444540813385592,203.07953100553686,0.004512878466789708,1.79362689170724,-0.33017625147415336,421.67782581844904,0.25099855512732283,0.06747722625732422,1.0,heuristic_fallback
20260514_035650,232,870,69.6,e2,Eval-Transferred-OSD+Fuzzy+OP-CBRS-e2,proxy,4.301212787628174,8.944307327270508,9.008951187133789,28.11166000366211,7.918834209442139,-0.599312424659729,-0.8689332739412653,-1.4204804807975036,10,8.126595497131348,1.0,0.5329647477436067,0,0,27.0,1.0,1.0,0.9498002889745354,0.9032320479551951,1.3790400599439938,0.14515192806720734,0.3333333333333333,0.0,0.016107600182294846,1.0,0.0,0.0,0.8577466011047363,1.0,0.9810296087749408,0.9810296087749408,1.0,0.9810296087749408,0.018970391225059138,0.037940782450118275,0.9430888263248226,206.62797180482448,0.0045917327067738775,1.8203540363136514,-0.11229791370848792,421.67782581844904,0.25099855512732283,0.07131004333496094,1.0,heuristic_fallback
20260514_035650,232,871,69.68,e2,Eval-Transferred-OSD+Fuzzy+OP-CBRS-e2,proxy,4.316633224487305,8.872429847717285,8.995924949645996,28.087080001831055,7.86176872253418,-0.6262519955635071,-0.9652082249378445,-1.5193469108924296,10,8.052779197692871,1.0,0.5759708004641475,0,0,36.0,1.0,1.0,0.9498002889745354,0.8983688354492188,1.3729610443115234,0.15244674682617188,0.3333333333333333,0.0,0.026895659044384956,1.0,0.0,0.0,0.9035477042198181,1.0,0.9805821396291793,0.9805821396291793,1.0,0.9805821396291793,0.01941786037082077,0.038835720741641495,0.9417464188875377,209.0557566849876,0.004645683481888614,1.8110471890405897,-0.08025801436871875,421.67782581844904,0.25099855512732283,0.07381629943847656,1.0,heuristic_fallback
20260514_035650,232,872,69.76,e2,Eval-Transferred-OSD+Fuzzy+OP-CBRS-e2,proxy,4.332385540008545,8.798919677734375,8.983596801757812,28.060401916503906,7.794208526611328,-0.6098339557647705,-1.0426144847420828,-1.579338860064386,10,7.977329730987549,1.0,0.5789976528370321,0,0,38.0,1.0,1.0,0.9498002889745354,0.893658181031545,1.3670727262894313,0.1595127284526825,0.3333333333333333,0.0,0.031121602281928062,1.0,0.0,0.0,0.9332310557365417,1.0,0.9801496039732258,0.9801496039732258,1.0,0.9801496039732258,0.019850396026774082,0.039700792053548165,0.9404488119196777,210.64325242482585,0.00468096116499613,1.8067000680080139,-0.08450333856454095,421.67782581844904,0.25099855512732283,0.07544946670532227,1.0,heuristic_fallback
20260514_035650,232,873,69.84,e2,Eval-Transferred-OSD+Fuzzy+OP-CBRS-e2,proxy,4.348354339599609,8.724343299865723,8.971964836120605,28.034151077270508,7.716372013092041,-0.6330161094665527,-1.1048499248455501,-1.6552383731219373,10,7.900821685791016,1.0,0.5751435092304316,0,0,40.0,1.0,1.0,0.9498002889745354,0.8891561726729075,1.3614452158411343,0.16626574099063873,0.3333333333333333,0.0,0.02132478915154934,1.0,0.0,0.0,0.9522860646247864,1.0,0.9797370482769868,0.9797370482769868,1.0,0.9797370482769868,0.020262951723013158,0.04052590344602636,0.9392111448309605,211.63639997580606,0.004703031110573468,1.8129221757661387,-0.09417985510437038,421.67782581844904,0.25099855512732283,0.0765080451965332,1.0,heuristic_fallback
20260514_035650,232,874,69.92,e2,Eval-Transferred-OSD+Fuzzy+OP-CBRS-e2,proxy,4.364463806152344,8.649073600769043,8.961013793945312,27.987855911254883,7.66557502746582,-0.6502335667610168,-1.1548877623578588,-1.7158489840038884,10,7.823632717132568,1.0,0.5839332633199488,0,0,48.0,1.0,1.0,0.9498002889745354,0.8849024077256521,1.3561280096570651,0.1726463884115219,0.3333333333333333,0.0,0.020174676552414894,1.0,0.0,0.0,0.964360237121582,1.0,0.9793479770962804,0.9793479770962804,1.0,0.9793479770962804,0.020652022903719532,0.041304045807439065,0.9380439312888413,212.22377622200293,0.00471608391604451,1.8127213189786755,-0.08848435308961124,421.67782581844904,0.25099855512732283,0.07718896865844727,1.0,heuristic_fallback
20260514_035650,232,875,70.0,e2,Eval-Transferred-OSD+Fuzzy+OP-CBRS-e2,proxy,4.380663871765137,8.573355674743652,8.950719833374023,27.970752716064453,7.560811996459961,-0.6403772830963135,-1.195118552266316,-1.7383909522650687,10,7.746010780334473,1.0,0.5873070713957756,0,0,56.0,1.0,1.0,0.9498002889745354,0.8809210558732351,1.351151319841544,0.1786184161901474,0.3333333333333333,0.0,0.021589241921901703,1.0,0.0,0.0,0.9718692302703857,1.0,0.9789844682969484,0.9789844682969484,1.0,0.9789844682969484,0.021015531703051586,0.04203106340610313,0.9369534048908452,212.54102528320982,0.004723133895182441,1.8106650569884561,-0.08673579398983619,421.67782581844904,0.25099855512732283,0.0776219367980957,1.0,heuristic_fallback
20260514_035650,232,876,70.08,e2,Eval-Transferred-OSD+Fuzzy+OP-CBRS-e2,proxy,4.396921634674072,8.497350692749023,8.941056251525879,27.95039939880371,7.490182876586914,-0.6646382808685303,-1.2274643535292296,-1.7879966587580831,10,7.668117046356201,1.0,0.5849360528401896,0,0,59.0,1.0,1.0,0.9498002889745354,0.8772258758544922,1.3465323448181152,0.18416118621826172,0.3333333333333333,0.0,0.017613571137189865,1.0,0.0,0.0,0.9764086008071899,1.0,0.9786476453366925,0.9786476453366925,1.0,0.9786476453366925,0.021352354663307597,0.042704709326615145,0.9359429360100773,212.68225054238837,0.004726272234275297,1.8127230150723044,-0.0904900208651886,421.67782581844904,0.25099855512732283,0.07789373397827148,1.0,heuristic_fallback
20260514_035650,232,877,70.16,e2,Eval-Transferred-OSD+Fuzzy+OP-CBRS-e2,proxy,4.4132161140441895,8.421165466308594,8.931992530822754,27.950275421142578,7.428763389587402,-0.678067147731781,-1.2534705368780672,-1.7849717864593835,10,7.590059280395508,1.0,0.5880073740608929,0,0,61.0,1.0,1.0,0.9498002889745354,0.8738220234711965,1.3422775293389957,0.18926696479320526,0.3333333333333333,0.0,0.017588287591934204,1.0,0.0,0.0,0.9790303111076355,1.0,0.9783378512751946,0.9783378512751946,1.0,0.9783378512751946,0.021662148724805284,0.04332429744961054,0.935013553825584,212.71132717091234,0.004726918381575829,1.8118910146354221,-0.08788394949669458,421.67782581844904,0.25099855512732283,0.07805776596069336,1.0,heuristic_fallback
20260514_035650,232,878,70.24,e2,Eval-Transferred-OSD+Fuzzy+OP-CBRS-e2,proxy,4.429533004760742,8.344867706298828,8.923497200012207,27.90110206604004,7.35558557510376,-0.6905862092971802,-1.274379624638181,-1.816161314497514,10,7.511903762817383,1.0,0.6017647081584686,0,0,62.0,1.0,1.0,0.9498002889745354,0.8707090218861898,1.3383862773577373,0.19393646717071533,0.3333333333333333,0.0,0.03985912725329399,1.0,0.0,0.0,0.9804258346557617,1.0,0.9780549252668694,0.9780549252668694,1.0,0.9780549252668694,0.021945074733130465,0.0438901494662609,0.9341647758006085,212.6709179871541,0.004726020399714536,1.7944096344931506,-0.07206793082013166,421.67782581844904,0.25099855512732283,0.078155517578125,1.0,heuristic_fallback
20260514_035650,232,879,70.32,e2,Eval-Transferred-OSD+Fuzzy+OP-CBRS-e2,proxy,4.445863246917725,8.268503189086914,8.915538787841797,27.88886833190918,7.26924467086792,-0.6882756352424622,-1.2911906078436022,-1.8472827467574506,10,7.433695316314697,1.0,0.5753646405361186,0,0,64.0,1.0,1.0,0.9498002889745354,0.867882490158081,1.3348531126976013,0.19817626476287842,0.3333333333333333,0.0,0.020897118374705315,1.0,0.0,0.0,0.9810487627983093,1.0,0.9777983629533558,0.9777983629533558,1.0,0.9777983629533558,0.022201637046644226,0.04440327409328847,0.9333950888600673,212.58920135267647,0.004724204474503922,1.807924508220065,-0.10034216126712148,421.67782581844904,0.25099855512732283,0.07820844650268555,1.0,heuristic_fallback
20260514_035650,232,880,70.4,e2,Eval-Transferred-OSD+Fuzzy+OP-CBRS-e2,proxy,4.46220064163208,8.192100524902344,8.908086776733398,27.875516891479492,7.23112154006958,-0.6848746538162231,-1.3047066928093944,-1.854504048085055,10,7.355462074279785,1.0,0.5940611676068386,0,0,65.0,1.0,1.0,0.9498002889745354,0.8653350671132406,1.3316688338915508,0.20199739933013916,0.3333333333333333,0.0,0.03132904693484306,1.0,0.0,0.0,0.9811951518058777,1.0,0.9775674019548288,0.9775674019548288,1.0,0.9775674019548288,0.022432598045171125,0.04486519609034223,0.9327022058644866,212.48456096858274,0.004721879132635172,1.7994637060387515,-0.08047074335829912,421.67782581844904,0.25099855512732283,0.07823324203491211,1.0,heuristic_fallback
20260514_035650,232,881,70.48,e2,Eval-Transferred-OSD+Fuzzy+OP-CBRS-e2,proxy,4.478541851043701,8.115677833557129,8.901110649108887,27.814586639404297,7.140753269195557,-0.6927127242088318,-1.3155736545838352,-1.8647726512676859,10,7.277219772338867,1.0,0.5975902759943005,0,0,67.0,1.0,1.0,0.9498002889745354,0.8630572259426117,1.3288215324282646,0.20541416108608246,0.3333333333333333,0.0,0.048964690417051315,1.0,0.0,0.0,0.9810575246810913,1.0,0.9773610963469013,0.9773610963469013,1.0,0.9773610963469013,0.022638903653098657,0.04527780730619735,0.9320832890407039,212.36886527295837,0.004719308117176853,1.7856675131344382,-0.07499649844337072,421.67782581844904,0.25099855512732283,0.07824230194091797,1.0,heuristic_fallback
20260514_035650,232,882,70.56,e2,Eval-Transferred-OSD+Fuzzy+OP-CBRS-e2,proxy,4.494884490966797,8.039247512817383,8.894580841064453,27.80597686767578,7.071725845336914,-0.700240969657898,-1.3243107096318496,-1.875305229666078,10,7.198980808258057,1.0,0.5637679726415276,0,0,68.0,1.0,1.0,0.9498002889745354,0.8610387543837229,1.3262984429796536,0.2084418684244156,0.3333333333333333,0.0,0.012145526707172394,1.0,0.0,0.0,0.9807599782943726,1.0,0.9771784505119334,0.9771784505119334,1.0,0.9771784505119334,0.0228215494880667,0.045643098976133355,0.9315353515358,212.24964459443845,0.004716658768765299,1.8127772680271252,-0.11228413597497389,421.67782581844904,0.25099855512732283,0.07823896408081055,1.0,heuristic_fallback
20260514_035650,232,883,70.64,e2,Eval-Transferred-OSD+Fuzzy+OP-CBRS-e2,proxy,4.511227130889893,7.962815761566162,8.888470649719238,27.790782928466797,6.988195896148682,-0.6841076612472534,-1.331335314711622,-1.8744360945644156,10,7.1207499504089355,1.0,0.5971058924004151,0,0,70.0,1.0,1.0,0.9498002889745354,0.8592671553293864,1.324083944161733,0.2110992670059204,0.3333333333333333,0.0,0.027802273631095886,1.0,0.0,0.0,0.9803819060325623,1.0,0.977018273767677,0.977018273767677,1.0,0.977018273767677,0.022981726232323037,0.045963452464646025,0.931054821303031,212.13158721023876,0.004714035271338639,1.8005918080705985,-0.07716533697495569,421.67782581844904,0.25099855512732283,0.0782308578491211,1.0,heuristic_fallback
20260514_035650,232,884,70.72,e2,Eval-Transferred-OSD+Fuzzy+OP-CBRS-e2,proxy,4.52756929397583,7.886386871337891,8.882753372192383,27.72089385986328,6.9048542976379395,-0.727592945098877,-1.3369831020647713,-1.8840932954401097,10,7.042529582977295,1.0,0.596563008564088,0,0,71.0,1.0,1.0,0.9498002889745354,0.8577319085597992,1.322164885699749,0.2134021371603012,0.3333333333333333,0.0,0.04460228607058525,1.0,0.0,0.0,0.9799730777740479,1.0,0.9768795648966944,0.9768795648966944,1.0,0.9768795648966944,0.02312043510330565,0.04624087020661128,0.9306386946900831,212.0175064149098,0.004711500142553552,1.7876079870485846,-0.07582494399684812,421.67782581844904,0.25099855512732283,0.07822036743164062,1.0,heuristic_fallback
20260514_035650,232,885,70.8,e2,Eval-Transferred-OSD+Fuzzy+OP-CBRS-e2,proxy,4.543910026550293,7.809963226318359,8.87740421295166,27.732738494873047,6.8438215255737305,-0.7307026982307434,-1.341523931745453,-1.8981641034303574,10,6.964322566986084,1.0,0.5676339304596982,0,0,72.0,1.0,1.0,0.9498002889745354,0.8564201295375824,1.320525161921978,0.2153698056936264,0.3333333333333333,0.0,0.015230611898005009,1.0,0.0,0.0,0.9795642495155334,1.0,0.9767611185525714,0.9767611185525714,1.0,0.9767611185525714,0.023238881447428614,0.04647776289485718,0.9302833556577143,211.90901115390272,0.004709089136753394,1.8093087979224656,-0.10749597405491736,421.67782581844904,0.25099855512732283,0.07820701599121094,1.0,heuristic_fallback
20260514_035650,232,886,70.88,e2,Eval-Transferred-OSD+Fuzzy+OP-CBRS-e2,proxy,4.560249328613281,7.733545780181885,8.872400283813477,27.69207763671875,6.766334533691406,-0.7320764660835266,-1.3451747591471477,-1.8967857585738244,10,6.8861284255981445,1.0,0.5961250216613286,0,0,72.0,1.0,1.0,0.9498002889745354,0.8553202847639719,1.3191503559549649,0.21701957285404205,0.3333333333333333,0.0,0.030712366104125977,1.0,0.0,0.0,0.9791738390922546,1.0,0.9766618600064381,0.9766618600064381,1.0,0.9766618600064381,0.0233381399935621,0.046676279987124154,0.9299855800193139,211.8069372309484,0.0047068208273544085,1.7974225210744723,-0.07728497416334003,421.67782581844904,0.25099855512732283,0.07819414138793945,1.0,heuristic_fallback
20260514_035650,232,887,70.96,e2,Eval-Transferred-OSD+Fuzzy+OP-CBRS-e2,proxy,4.576587677001953,7.657134532928467,8.867718696594238,27.665321350097656,6.684149265289307,-0.7284603118896484,-1.34811002179924,-1.8930460986875342,10,6.80794620513916,1.0,0.576278665761742,0,0,72.0,1.0,1.0,0.9498002889745354,0.8544211089611053,1.3180263862013817,0.21836833655834198,0.3333333333333333,0.0,0.015216437168419361,1.0,0.0,0.0,0.9788121581077576,1.0,0.9765807461390631,0.9765807461390631,1.0,0.9765807461390631,0.023419253860936975,0.04683850772187399,0.9297422384171891,211.7116209690613,0.004704702688201362,1.8088196738255355,-0.09853386844427058,421.67782581844904,0.25099855512732283,0.07818222045898438,1.0,heuristic_fallback
20260514_035650,232,888,71.04,e2,Eval-Transferred-OSD+Fuzzy+OP-CBRS-e2,proxy,4.59292459487915,7.580729007720947,8.8633394241333,27.64214324951172,6.611638069152832,-0.706995964050293,-1.3504699808002074,-1.9147606697618444,10,6.7297749519348145,1.0,0.5866145081735724,0,0,72.0,1.0,1.0,0.9498002889745354,0.8537106513977051,1.3171383142471313,0.21943402290344238,0.3333333333333333,0.0,0.01561425905674696,1.0,0.0,0.0,0.9784842729568481,1.0,0.9765166784757121,0.9765166784757121,1.0,0.9765166784757121,0.023483321524287927,0.046966643048575805,0.9295500354271363,211.62307623193965,0.004702735027376437,1.8083436930184398,-0.08803464295712747,421.67782581844904,0.25099855512732283,0.0781712532043457,1.0,heuristic_fallback
20260514_035650,232,889,71.12,e2,Eval-Transferred-OSD+Fuzzy+OP-CBRS-e2,proxy,4.609260559082031,7.50432825088501,8.859243392944336,27.631345748901367,6.533804416656494,-0.7384986281394958,-1.3523673899506645,-1.8964600691918856,10,6.651612758636475,1.0,0.5976372728353132,0,0,72.0,1.0,1.0,0.9498002889745354,0.8531791071097056,1.316473883887132,0.2202313393354416,0.3333333333333333,0.0,0.03436221182346344,1.0,0.0,0.0,0.9781920909881592,1.0,0.9764687576089158,0.9764687576089158,1.0,0.9764687576089158,0.023531242391084155,0.047062484782168346,0.9294062728267475,211.5411354495027,0.00470091412110006,1.7941498423714026,-0.07504071106280373,421.67782581844904,0.25099855512732283,0.07816219329833984,1.0,heuristic_fallback
20260514_035650,232,890,71.2,e2,Eval-Transferred-OSD+Fuzzy+OP-CBRS-e2,proxy,4.625595569610596,7.427931785583496,8.855411529541016,27.58772850036621,6.506611347198486,-0.7212808132171631,-1.3538929109695985,-1.917126659844035,10,6.573459148406982,1.0,0.5841789963743983,0,0,72.0,1.0,1.0,0.9498002889745354,0.8528158267339071,1.316019783417384,0.2207762598991394,0.3333333333333333,0.0,0.03317811340093613,1.0,0.0,0.0,0.9779359698295593,1.0,0.9764360126900372,0.9764360126900372,1.0,0.9764360126900372,0.02356398730996281,0.04712797461992557,0.9293080380701116,211.46554937295252,0.004699234430510056,1.7949470960943483,-0.08854004203961084,421.67782581844904,0.25099855512732283,0.07815361022949219,1.0,heuristic_fallback
20260514_035650,232,891,71.28,e2,Eval-Transferred-OSD+Fuzzy+OP-CBRS-e2,proxy,4.641929626464844,7.35153865814209,8.851827621459961,27.545034408569336,6.415903568267822,-0.7360353469848633,-1.355119432975614,-1.9078309035292251,10,6.495312690734863,1.0,0.5926126839388695,0,0,71.0,1.0,1.0,0.9498002889745354,0.852610856294632,1.31576357036829,0.22108371555805206,0.3333333333333333,0.0,0.04590421915054321,1.0,0.0,0.0,0.9777144193649292,1.0,0.9764175395652884,0.9764175395652884,1.0,0.9764175395652884,0.02358246043471152,0.04716492086942304,0.9292526186958654,211.3959633489726,0.004697688074421613,1.7853512741723243,-0.07877918463305301,421.67782581844904,0.25099855512732283,0.07814645767211914,1.0,heuristic_fallback
20260514_035650,232,892,71.36,e2,Eval-Transferred-OSD+Fuzzy+OP-CBRS-e2,proxy,4.658263206481934,7.275147914886475,8.848475456237793,27.526660919189453,6.340153217315674,-0.7445408701896667,-1.3561055527682373,-1.897446017127484,10,6.417171478271484,1.0,0.5706538011408623,0,0,72.0,1.0,1.0,0.9498002889745354,0.8525541524092356,1.3156926905115445,0.22116877138614655,0.3333333333333333,0.0,0.02346125990152359,1.0,0.0,0.0,0.9775258898735046,1.0,0.9764124293686299,0.9764124293686299,1.0,0.9764124293686299,0.02358757063137012,0.047175141262740285,0.9292372881058897,211.33203795734983,0.00469626751016333,1.80216931763774,-0.10295199355670186,421.67782581844904,0.25099855512732283,0.0781412124633789,1.0,heuristic_fallback
20260514_035650,232,893,71.44,e2,Eval-Transferred-OSD+Fuzzy+OP-CBRS-e2,proxy,4.674596786499023,7.198758602142334,8.84533977508545,27.510021209716797,6.232434272766113,-0.7553926706314087,-1.356898390070318,-1.9050857334818876,10,6.339034557342529,1.0,0.5831995046994292,0,0,71.0,1.0,1.0,0.9498002889745354,0.8526382545630137,1.315797818203767,0.22104261815547943,0.3333333333333333,0.0,0.019790751859545708,1.0,0.0,0.0,0.9773681163787842,1.0,0.9764200087622414,0.9764200087622414,1.0,0.9764200087622414,0.023579991237758485,0.04715998247551694,0.9292600262867244,211.27340200178332,0.004694964488928519,1.804943224207668,-0.0907616613682264,421.67782581844904,0.25099855512732283,0.07813692092895508,1.0,heuristic_fallback
20260514_035650,232,894,71.52,e2,Eval-Transferred-OSD+Fuzzy+OP-CBRS-e2,proxy,4.690930366516113,7.122369289398193,8.8424072265625,27.486255645751953,6.164649486541748,-0.7355347871780396,-1.3575358374242898,-1.8962831480939097,10,6.260900020599365,1.0,0.5867799233091757,0,0,72.0,1.0,1.0,0.9498002889745354,0.8528531988461813,1.3160664985577266,0.22072020173072815,0.3333333333333333,0.0,0.021709978580474854,1.0,0.0,0.0,0.9772388935089111,1.0,0.9764393810563404,0.9764393810563404,1.0,0.9764393810563404,0.023560618943659514,0.04712123788731907,0.9293181431690214,211.21970050023992,0.004693771122227555,1.8035575402377628,-0.08700011608485841,421.67782581844904,0.25099855512732283,0.07813453674316406,1.0,heuristic_fallback
20260514_035650,232,895,71.6,e2,Eval-Transferred-OSD+Fuzzy+OP-CBRS-e2,proxy,4.707263946533203,7.0459794998168945,8.839664459228516,27.463836669921875,6.0977606773376465,-0.7625197172164917,-1.3580483514137776,-1.9099792951345815,10,6.182766914367676,1.0,0.5902112360123727,0,0,71.0,1.0,1.0,0.9498002889745354,0.8531913657983144,1.316489207247893,0.22021295130252838,0.3333333333333333,0.0,0.029504043981432915,1.0,0.0,0.0,0.9771360158920288,1.0,0.9764698626563525,0.9764698626563525,1.0,0.9764698626563525,0.023530137343647502,0.04706027468729498,0.9294095879690575,211.17059506999476,0.0046926798904443285,1.7977965329250776,-0.08281715257671705,421.67782581844904,0.25099855512732283,0.07813310623168945,1.0,heuristic_fallback
20260514_035650,232,896,71.68,e2,Eval-Transferred-OSD+Fuzzy+OP-CBRS-e2,proxy,4.723597526550293,6.969588279724121,8.837099075317383,27.4229793548584,6.022522449493408,-0.7909817099571228,-1.3584604159771092,-1.9048409354850118,10,6.104634761810303,1.0,0.5796934817405389,0,0,71.0,1.0,1.0,0.9498002889745354,0.8536462982495626,1.3170578728119533,0.21953055262565613,0.3333333333333333,0.0,0.02064751833677292,1.0,0.0,0.0,0.9770573377609253,1.0,0.9765108761986575,0.9765108761986575,1.0,0.9765108761986575,0.023489123801342424,0.046978247602684826,0.9295326285959726,211.12576178226345,0.00469168359516141,1.8045526602713846,-0.09426225947401502,421.67782581844904,0.25099855512732283,0.07813215255737305,1.0,heuristic_fallback
20260514_035650,232,897,71.76,e2,Eval-Transferred-OSD+Fuzzy+OP-CBRS-e2,proxy,4.739931583404541,6.893194675445557,8.834699630737305,27.372238159179688,5.957886695861816,-0.7859233617782593,-1.3587917096831261,-1.917967070182709,10,6.026501655578613,1.0,0.5906909550276687,0,0,71.0,1.0,1.0,0.9498002889745354,0.8542095919450124,1.3177619899312656,0.21868561208248138,0.3333333333333333,0.0,0.029049845412373543,1.0,0.0,0.0,0.9770008325576782,1.0,0.9765616699126656,0.9765616699126656,1.0,0.9765616699126656,0.023438330087334407,0.046876660174668815,0.9296850097379967,211.0848956571176,0.0046907754590470585,1.7983917383885466,-0.08248652095778612,421.67782581844904,0.25099855512732283,0.07813310623168945,1.0,heuristic_fallback
20260514_035650,232,898,71.84,e2,Eval-Transferred-OSD+Fuzzy+OP-CBRS-e2,proxy,4.7562665939331055,6.816798210144043,8.8324556350708,27.364219665527344,5.8878583908081055,-0.7771143913269043,-1.3590580624112907,-1.9175432694334031,10,5.948366641998291,1.0,0.5848110258523789,0,0,71.0,1.0,1.0,0.9498002889745354,0.8548742433389028,1.3185928041736286,0.2176886349916458,0.3333333333333333,0.0,0.02855920046567917,1.0,0.0,0.0,0.9769646525382996,1.0,0.9766216190911075,0.9766216190911075,1.0,0.9766216190911075,0.023378380908892528,0.04675676181778509,0.9298648572733224,211.04771455832372,0.004689949212407194,1.79892588494704,-0.08849229243183156,421.67782581844904,0.25099855512732283,0.07813501358032227,1.0,heuristic_fallback
20260514_035650,232,899,71.92,e2,Eval-Transferred-OSD+Fuzzy+OP-CBRS-e2,proxy,4.772602558135986,6.7403974533081055,8.83035659790039,27.373607635498047,5.842967987060547,-0.7789648771286011,-1.3592722134166195,-1.9023740123265866,10,5.870229244232178,1.0,0.575471756503121,0,0,71.0,1.0,1.0,0.9498002889745354,0.8556353449821472,1.319544181227684,0.21654698252677917,0.3333333333333333,0.0,0.012241103686392307,1.0,0.0,0.0,0.976947009563446,1.0,0.9766902887094577,0.9766902887094577,1.0,0.9766902887094577,0.02330971129054232,0.04661942258108464,0.9300708661283731,211.0139517113613,0.00468919892691914,1.8113547329423163,-0.09955209580499193,421.67782581844904,0.25099855512732283,0.07813739776611328,1.0,heuristic_fallback
20260514_035650,232,900,72.0,e2,Eval-Transferred-OSD+Fuzzy+OP-CBRS-e2,proxy,4.788939476013184,6.663992404937744,8.82839298248291,27.329856872558594,5.726537704467773,-0.7653524875640869,-1.3594443955053042,-1.89972773391823,10,5.792088031768799,1.0,0.6099202685273618,0,0,71.0,1.0,1.0,0.9498002889745354,0.8564861317475637,1.3206076646844547,0.21527080237865448,0.3333333333333333,0.0,0.05059676989912987,1.0,0.0,0.0,0.9769463539123535,1.0,0.9767670765936051,0.9767670765936051,1.0,0.9767670765936051,0.02323292340639486,0.04646584681278968,0.9303012297808154,210.98336297152127,0.004688519177144918,1.7828006799741172,-0.06137278938166952,421.67782581844904,0.25099855512732283,0.0781412124633789,1.0,heuristic_fallback
20260514_035650,232,901,72.08,e2,Eval-Transferred-OSD+Fuzzy+OP-CBRS-e2,proxy,4.805277347564697,6.587582111358643,8.826556205749512,27.27533531188965,5.668090343475342,-0.7899478077888489,-1.3595828359048656,-1.9083502791871434,10,5.713942527770996,1.0,0.5650343723293643,0,0,71.0,1.0,1.0,0.9498002889745354,0.8574206531047821,1.3217758163809776,0.21386902034282684,0.3333333333333333,0.0,0.01858607493340969,1.0,0.0,0.0,0.9769611358642578,1.0,0.9768514542340239,0.9768514542340239,1.0,0.9768514542340239,0.023148545765976046,0.04629709153195209,0.9305543627020718,210.95571360748727,0.004687904746833051,1.807042331537712,-0.10957521898191085,421.67782581844904,0.25099855512732283,0.07814550399780273,1.0,heuristic_fallback
20260514_035650,232,902,72.16,e2,Eval-Transferred-OSD+Fuzzy+OP-CBRS-e2,proxy,4.8216166496276855,6.511165618896484,8.824838638305664,27.258852005004883,5.6124067306518555,-0.7657246589660645,-1.3596941425203144,-1.9075924763352992,10,5.635791778564453,1.0,0.5883703716160008,0,0,71.0,1.0,1.0,0.9498002889745354,0.8584333260854086,1.3230416576067607,0.2123500108718872,0.3333333333333333,0.0,0.022343497723340988,1.0,0.0,0.0,0.9769901037216187,1.0,0.9769429263323699,0.9769429263323699,1.0,0.9769429263323699,0.023057073667630035,0.04611414733526007,0.9308287789971098,210.93079748982973,0.00468735105532955,1.80447743269042,-0.08599146645837555,421.67782581844904,0.25099855512732283,0.07815074920654297,1.0,heuristic_fallback
20260514_035650,232,903,72.24,e2,Eval-Transferred-OSD+Fuzzy+OP-CBRS-e2,proxy,4.837957382202148,6.4347429275512695,8.82323169708252,27.237682342529297,5.543539047241211,-0.7996615171432495,-1.3597836371619187,-1.9114690574308,10,5.55763578414917,1.0,0.5896958627308959,0,0,71.0,1.0,1.0,0.9498002889745354,0.8595207432905833,1.324400929113229,0.21071888506412506,0.3333333333333333,0.0,0.02851598709821701,1.0,0.0,0.0,0.9770320057868958,1.0,0.9770411941179165,0.9770411941179165,1.0,0.9770411941179165,0.022958805882083533,0.04591761176416711,0.9311235823537494,210.9084194508497,0.0046868537655744376,1.8001199199605569,-0.0841841386181247,421.67782581844904,0.25099855512732283,0.0781559944152832,1.0,heuristic_fallback
20260514_035650,232,904,72.32,e2,Eval-Transferred-OSD+Fuzzy+OP-CBRS-e2,proxy,4.854299545288086,6.358313083648682,8.821728706359863,27.236797332763672,5.453242778778076,-0.7779902815818787,-1.3598555987165224,-1.9069444968479268,10,5.479472637176514,1.0,0.5920894246710086,0,0,71.0,1.0,1.0,0.9498002889745354,0.8606768250465393,1.3258460313081741,0.20898476243019104,0.3333333333333333,0.0,0.0390770249068737,1.0,0.0,0.0,0.9770858287811279,1.0,0.9771457172629894,0.9771457172629894,1.0,0.9771457172629894,0.022854282737010734,0.04570856547402144,0.9314371517889679,210.88840223681655,0.004686408938595923,1.7924881620430533,-0.08088624178461554,421.67782581844904,0.25099855512732283,0.07816314697265625,1.0,heuristic_fallback
20260514_035650,232,905,72.4,e2,Eval-Transferred-OSD+Fuzzy+OP-CBRS-e2,proxy,4.870643138885498,6.2818756103515625,8.82032299041748,27.2224063873291,5.362009525299072,-0.74626624584198,-1.359913460436458,-1.9224044403397889,10,5.401302814483643,1.0,0.5803559782983204,0,0,71.0,1.0,1.0,0.9498002889745354,0.8618979156017303,1.327372394502163,0.20715312659740448,0.3333333333333333,0.0,0.031114501878619194,1.0,0.0,0.0,0.977150559425354,1.0,0.9772561742646925,0.9772561742646925,1.0,0.9772561742646925,0.022743825735307484,0.045487651470615,0.9317685227940775,210.87057870074614,0.004686012860016581,1.798765326953042,-0.09357147653834616,421.67782581844904,0.25099855512732283,0.0781698226928711,1.0,heuristic_fallback
20260514_035650,232,906,72.48,e2,Eval-Transferred-OSD+Fuzzy+OP-CBRS-e2,proxy,4.886988639831543,6.205430030822754,8.819008827209473,27.191364288330078,5.287774085998535,-0.8057756423950195,-1.3599599788983028,-1.9213090662451378,10,5.323124885559082,1.0,0.5981097915109302,0,0,71.0,1.0,1.0,0.9498002889745354,0.8631796439488729,1.3289745549360912,0.20523053407669067,0.3333333333333333,0.0,0.051331084221601486,1.0,0.0,0.0,0.9772251844406128,1.0,0.977372178699038,0.977372178699038,1.0,0.977372178699038,0.02262782130096193,0.04525564260192386,0.9321165360971142,210.85478847576496,0.0046856619661281105,1.7839233222825908,-0.07396470908459966,421.67782581844904,0.25099855512732283,0.07817792892456055,1.0,heuristic_fallback
20260514_035650,232,907,72.56,e2,Eval-Transferred-OSD+Fuzzy+OP-CBRS-e2,proxy,4.903336048126221,6.128975868225098,8.817779541015625,27.16202163696289,5.232924938201904,-0.7732780575752258,-1.3599973835799217,-1.9040499166957487,10,5.244938373565674,1.0,0.5790763496089095,0,0,71.0,1.0,1.0,0.9498002889745354,0.8645186722278595,1.3306483402848244,0.20322199165821075,0.3333333333333333,0.0,0.04207707941532135,1.0,0.0,0.0,0.9773091673851013,1.0,0.9774934373215495,0.9774934373215495,1.0,0.9774934373215495,0.02250656267845056,0.04501312535690112,0.9324803119646483,210.84090952013878,0.004685353544891972,1.7911985829570476,-0.09410036963938523,421.67782581844904,0.25099855512732283,0.0781865119934082,1.0,heuristic_fallback
20260514_035650,232,908,72.64,e2,Eval-Transferred-OSD+Fuzzy+OP-CBRS-e2,proxy,4.919685363769531,6.0525126457214355,8.816629409790039,27.112525939941406,5.18607759475708,-0.7834994792938232,-1.3600274635328942,-1.9089827711819785,10,5.166743755340576,1.0,0.5814588073057511,0,0,71.0,1.0,1.0,0.9498002889745354,0.8659113844235738,1.3323892305294673,0.20113292336463928,0.3333333333333333,0.0,0.03555089607834816,1.0,0.0,0.0,0.977401614189148,1.0,0.9776196313946227,0.9776196313946227,1.0,0.9776196313946227,0.02238036860537722,0.04476073721075447,0.9328588941838682,210.8287989358655,0.004685084420797012,1.796441398508706,-0.09255033265425976,421.67782581844904,0.25099855512732283,0.07819461822509766,1.0,heuristic_fallback
20260514_035650,232,909,72.72,e2,Eval-Transferred-OSD+Fuzzy+OP-CBRS-e2,proxy,4.936036586761475,5.976039886474609,8.815553665161133,27.1010799407959,5.0508198738098145,-0.7886743545532227,-1.3600516534973692,-1.9081513395998178,10,5.088539123535156,1.0,0.5906532991396656,0,0,71.0,1.0,1.0,0.9498002889745354,0.8673535784085592,1.334191973010699,0.19896963238716125,0.3333333333333333,0.0,0.0432974249124527,1.0,0.0,0.0,0.9775017499923706,1.0,0.9777503886075074,0.9777503886075074,1.0,0.9777503886075074,0.022249611392492583,0.04449922278498514,0.9332511658225222,210.81832647308374,0.004684851699401861,1.790992050379374,-0.08277547523704479,421.67782581844904,0.25099855512732283,0.07820463180541992,1.0,heuristic_fallback
20260514_035650,232,910,72.8,e2,Eval-Transferred-OSD+Fuzzy+OP-CBRS-e2,proxy,4.952389717102051,5.899557113647461,8.814547538757324,27.059450149536133,5.001615047454834,-0.7907999157905579,-1.3600711031223132,-1.9106134495074447,10,5.010324954986572,1.0,0.5770940129218529,0,0,70.0,1.0,1.0,0.9498002889745354,0.8688425223032633,1.336053152879079,0.19673621654510498,0.3333333333333333,0.0,0.028997519984841347,1.0,0.0,0.0,0.9776090383529663,1.0,0.9778854694509272,0.9778854694509272,1.0,0.9778854694509272,0.022114530549072694,0.04422906109814537,0.9336564083527819,210.8093841338964,0.004684652980753254,1.8020892150487586,-0.09796133005290923,421.67782581844904,0.25099855512732283,0.07821416854858398,1.0,heuristic_fallback
20260514_035650,232,911,72.88,e2,Eval-Transferred-OSD+Fuzzy+OP-CBRS-e2,proxy,4.968745231628418,5.82306432723999,8.813606262207031,27.02780532836914,4.941111087799072,-0.7603896856307983,-1.3600867326009718,-1.9169282284214761,10,4.932101249694824,1.0,0.5753933197749903,0,0,70.0,1.0,1.0,0.9498002889745354,0.8703751862049103,1.3379689827561378,0.19443722069263458,0.3333333333333333,0.0,0.009922993369400501,1.0,0.0,0.0,0.9777228832244873,1.0,0.9780246069986388,0.9780246069986388,1.0,0.9780246069986388,0.021975393001361167,0.043950786002722377,0.9340738209959164,210.8018651316106,0.0046844858918135696,1.816778275985751,-0.1017704259673009,421.67782581844904,0.25099855512732283,0.07822370529174805,1.0,heuristic_fallback
20260514_035650,232,912,72.96,e2,Eval-Transferred-OSD+Fuzzy+OP-CBRS-e2,proxy,4.985103130340576,5.746561050415039,8.812726020812988,26.994792938232422,4.849117755889893,-0.7825107574462891,-1.360099299875193,-1.9020986508226183,10,4.8538665771484375,1.0,0.601736190483752,0,0,70.0,1.0,1.0,0.9498002889745354,0.8719491958618164,1.3399364948272705,0.1920762062072754,0.3333333333333333,0.0,0.032210301607847214,1.0,0.0,0.0,0.9778428673744202,1.0,0.9781675934303071,0.9781675934303071,1.0,0.9781675934303071,0.021832406569692906,0.043664813139385854,0.9345027802909213,210.79567714716734,0.004684348381048163,1.8004562972211424,-0.07341106167357843,421.67782581844904,0.25099855512732283,0.07823467254638672,1.0,heuristic_fallback
20260514_035650,232,913,73.04,e2,Eval-Transferred-OSD+Fuzzy+OP-CBRS-e2,proxy,5.001463413238525,5.670046806335449,8.81190299987793,27.01274299621582,4.801693439483643,-0.790117084980011,-1.3601094107486709,-1.9069657242399818,10,4.775620937347412,1.0,0.5726132384556839,0,0,70.0,1.0,1.0,0.9498002889745354,0.8735614319642385,1.3419517899552982,0.18965785205364227,0.3333333333333333,0.0,0.008099491707980633,1.0,0.0,0.0,0.9779684543609619,1.0,0.9783141528127072,0.9783141528127072,1.0,0.9783141528127072,0.021685847187292686,0.04337169437458537,0.9349424584381218,210.7907265640406,0.004684238368089792,1.8189424636716478,-0.1051611545750688,421.67782581844904,0.25099855512732283,0.07824563980102539,1.0,heuristic_fallback
20260514_035650,232,914,73.12,e2,Eval-Transferred-OSD+Fuzzy+OP-CBRS-e2,proxy,5.017826080322266,5.593521595001221,8.81113338470459,26.942428588867188,4.691974639892578,-0.8074182868003845,-1.360117548471428,-1.921399341757233,10,4.697364330291748,1.0,0.6121429427226733,0,0,70.0,1.0,1.0,0.9498002889745354,0.875209758679072,1.34401219834884,0.1871853619813919,0.3333333333333333,0.0,0.04632434621453285,1.0,0.0,0.0,0.9780992865562439,1.0,0.9784640981190742,0.9784640981190742,1.0,0.9784640981190742,0.021535901880925863,0.04307180376185168,0.9353922943572225,210.78693510576898,0.004684154113461532,1.7906859044704422,-0.06202863380210089,421.67782581844904,0.25099855512732283,0.07825660705566406,1.0,heuristic_fallback
20260514_035650,232,915,73.2,e2,Eval-Transferred-OSD+Fuzzy+OP-CBRS-e2,proxy,5.034191131591797,5.516984939575195,8.810413360595703,26.954710006713867,4.634528636932373,-0.7954509854316711,-1.3601241016662662,-1.9171794259066401,10,4.619095802307129,1.0,0.5717303432807727,0,0,70.0,1.0,1.0,0.9498002889745354,0.8768923083941141,1.3461153854926426,0.18466153740882874,0.3333333333333333,0.0,0.021616850048303604,1.0,0.0,0.0,0.9782350063323975,1.0,0.9786172663713801,0.9786172663713801,1.0,0.9786172663713801,0.021382733628619924,0.04276546725723985,0.9358517991141403,210.78422717165267,0.004684093937147837,1.8096371640238746,-0.10513984247690408,421.67782581844904,0.25099855512732283,0.07826852798461914,1.0,heuristic_fallback
20260514_035650,232,916,73.28,e2,Eval-Transferred-OSD+Fuzzy+OP-CBRS-e2,proxy,5.050558567047119,5.440436363220215,8.80974006652832,26.907060623168945,4.559459209442139,-0.7745730876922607,-1.360129378651178,-1.8989196328241007,10,4.540816307067871,1.0,0.5950613036205924,0,0,70.0,1.0,1.0,0.9498002889745354,0.878606120745341,1.3482576509316762,0.18209081888198853,0.3333333333333333,0.0,0.03298071399331093,1.0,0.0,0.0,0.9783751964569092,1.0,0.9787733946701923,0.9787733946701923,1.0,0.9787733946701923,0.02122660532980764,0.04245321065961529,0.936320184010577,210.78252523167066,0.004684056116259348,1.8015427191529259,-0.0808987132508997,421.67782581844904,0.25099855512732283,0.07827949523925781,1.0,heuristic_fallback
20260514_035650,232,917,73.36,e2,Eval-Transferred-OSD+Fuzzy+OP-CBRS-e2,proxy,5.066928386688232,5.363875865936279,8.809109687805176,26.871721267700195,4.504494667053223,-0.7922476530075073,-1.360133622894008,-1.9241309999716618,10,4.462523937225342,1.0,0.5796827606025904,0,0,70.0,1.0,1.0,0.9498002889745354,0.8803500036398569,1.3504375045498211,0.17947499454021454,0.3333333333333333,0.0,0.019628401845693588,1.0,0.0,0.0,0.9785194993019104,1.0,0.9789323807268248,0.9789323807268248,1.0,0.9789323807268248,0.0210676192731752,0.042135238546350415,0.9367971421804744,210.78176074150554,0.004684039127589012,1.8119929239872679,-0.09785124878947253,421.67782581844904,0.25099855512732283,0.0782923698425293,1.0,heuristic_fallback
20260514_035650,232,918,73.44,e2,Eval-Transferred-OSD+Fuzzy+OP-CBRS-e2,proxy,5.083301067352295,5.287303447723389,8.808520317077637,26.86644744873047,4.43651819229126,-0.7997980713844299,-1.3601370297919495,-1.8941435445170955,10,4.384219646453857,1.0,0.59210204474464,0,0,70.0,1.0,1.0,0.9498002889745354,0.8821209867795309,1.3526512334744136,0.17681851983070374,0.3333333333333333,0.0,0.025219187140464783,1.0,0.0,0.0,0.9786677360534668,1.0,0.9790939597494944,0.9790939597494944,1.0,0.9790939597494944,0.020906040250505766,0.041812080501011546,0.9372818792484828,210.78187571001035,0.0046840416824446745,1.8082425808011078,-0.08510958907668857,421.67782581844904,0.25099855512732283,0.07830429077148438,1.0,heuristic_fallback
20260514_035650,232,919,73.52,e2,Eval-Transferred-OSD+Fuzzy+OP-CBRS-e2,proxy,5.099676132202148,5.210718631744385,8.807969093322754,26.83252716064453,4.32191801071167,-0.8088152408599854,-1.3601397769144339,-1.9207145270031365,10,4.305902481079102,1.0,0.5967291562415455,0,0,69.0,1.0,1.0,0.9498002889745354,0.8839184641838074,1.3548980802297592,0.17412230372428894,0.3333333333333333,0.0,0.038650017231702805,1.0,0.0,0.0,0.9788194894790649,1.0,0.9792580821883328,0.9792580821883328,1.0,0.9792580821883328,0.020741917811667215,0.0414838356233344,0.9377742465649984,210.78280501864765,0.004684062333747725,1.7986188275837485,-0.07938351532744409,421.67782581844904,0.25099855512732283,0.07831716537475586,1.0,heuristic_fallback
20260514_035650,232,920,73.6,e2,Eval-Transferred-OSD+Fuzzy+OP-CBRS-e2,proxy,5.116054058074951,5.134120941162109,8.807453155517578,26.816516876220703,4.25956916809082,-0.8098860383033752,-1.3601419819973857,-1.9255794775492403,10,4.227572917938232,1.0,0.5790166478811156,0,0,69.0,1.0,1.0,0.9498002889745354,0.8857399622599283,1.3571749528249104,0.17139005661010742,0.3333333333333333,0.0,0.02370504103600979,1.0,0.0,0.0,0.9789746403694153,1.0,0.9794245276928368,0.9794245276928368,1.0,0.9794245276928368,0.020575472307163216,0.04115094461432638,0.9382735830785105,210.78450322191122,0.004684100071598028,1.8102829342495486,-0.09883465994562196,421.67782581844904,0.25099855512732283,0.07832956314086914,1.0,heuristic_fallback
20260514_035650,232,921,73.68,e2,Eval-Transferred-OSD+Fuzzy+OP-CBRS-e2,proxy,5.132434844970703,5.0575103759765625,8.806970596313477,26.787378311157227,4.177241802215576,-0.7608593106269836,-1.3601437560530996,-1.908343306905809,10,4.149229526519775,1.0,0.5925724235212212,0,0,69.0,1.0,1.0,0.9498002889745354,0.8875838915506998,1.3594798644383748,0.1686241626739502,0.3333333333333333,0.0,0.029416270554065704,1.0,0.0,0.0,0.979132890701294,1.0,0.979593156174936,0.979593156174936,1.0,0.979593156174936,0.020406843825064015,0.04081368765012803,0.938779468524808,210.78691435385736,0.004684153652307941,1.8064604944336995,-0.0849612956707273,421.67782581844904,0.25099855512732283,0.07834339141845703,1.0,heuristic_fallback
20260514_035650,232,922,73.76,e2,Eval-Transferred-OSD+Fuzzy+OP-CBRS-e2,proxy,5.148818016052246,4.980886936187744,8.806519508361816,26.76772117614746,4.127300262451172,-0.795395016670227,-1.3601451886057594,-1.9143442560486736,10,4.070873737335205,1.0,0.5946521403343589,0,0,69.0,1.0,1.0,0.9498002889745354,0.8894494473934174,1.3618118092417717,0.16582582890987396,0.3333333333333333,0.0,0.03879525884985924,1.0,0.0,0.0,0.9792938828468323,1.0,0.9797638990148227,0.9797638990148227,1.0,0.9797638990148227,0.020236100985177242,0.040472201970354435,0.9392916970444684,210.78998326248268,0.0046842218502773925,1.7998926421725336,-0.08219222444284857,421.67782581844904,0.25099855512732283,0.07835578918457031,1.0,heuristic_fallback
20260514_035650,232,923,73.84,e2,Eval-Transferred-OSD+Fuzzy+OP-CBRS-e2,proxy,5.165204048156738,4.904250621795654,8.806097984313965,26.726606369018555,4.028061389923096,-0.804013192653656,-1.3601463294732117,-1.911854146846432,10,3.992504835128784,1.0,0.5846230473590768,0,0,69.0,1.0,1.0,0.9498002889745354,0.8913349012533823,1.3641686265667279,0.16299764811992645,0.3333333333333333,0.0,0.03217014670372009,1.0,0.0,0.0,0.9794577956199646,1.0,0.979936602764828,0.979936602764828,1.0,0.979936602764828,0.020063397235172194,0.04012679447034434,0.9398098082944836,210.7936913935847,0.0046843042531907715,1.8053328397471293,-0.09313793912799394,421.67782581844904,0.25099855512732283,0.0783689022064209,1.0,heuristic_fallback
20260514_035650,232,924,73.92,e2,Eval-Transferred-OSD+Fuzzy+OP-CBRS-e2,proxy,5.18159294128418,4.827600955963135,8.805703163146973,26.708513259887695,3.9661788940429688,-0.7973626852035522,-1.3601472405926012,-1.9021396616090227,10,3.9141221046447754,1.0,0.5806087939105137,0,0,68.0,1.0,1.0,0.9498002889745354,0.893239806095759,1.3665497576196988,0.1601402908563614,0.3333333333333333,0.0,0.01765970140695572,1.0,0.0,0.0,0.9796240925788879,1.0,0.980111231050026,0.980111231050026,1.0,0.980111231050026,0.01988876894997412,0.039777537899948257,0.9403336931500776,210.79797732813597,0.004684399496180799,1.8166918999302968,-0.09886286897841058,421.67782581844904,0.25099855512732283,0.07838273048400879,1.0,heuristic_fallback
20260514_035650,232,925,74.0,e2,Eval-Transferred-OSD+Fuzzy+OP-CBRS-e2,proxy,5.19798469543457,4.750937461853027,8.805334091186523,26.653032302856445,3.893789768218994,-0.8017440438270569,-1.3601479670550456,-1.9204671687135577,10,3.8357253074645996,1.0,0.5922389705110453,0,0,68.0,1.0,1.0,0.9498002889745354,0.8951621452967325,1.3689526816209157,0.15725678205490112,0.3333333333333333,0.0,0.020652981474995613,1.0,0.0,0.0,0.9797927737236023,1.0,0.9802876033495705,0.9802876033495705,1.0,0.9802876033495705,0.019712396650429405,0.03942479330085878,0.9408628100487118,210.80281049802318,0.00468450689995607,1.8149275246795102,-0.08719593177200724,421.67782581844904,0.25099855512732283,0.07839679718017578,1.0,heuristic_fallback
20260514_035650,232,926,74.08,e2,Eval-Transferred-OSD+Fuzzy+OP-CBRS-e2,proxy,5.214379787445068,4.67426061630249,8.804988861083984,26.61541175842285,3.8161730766296387,-0.786857008934021,-1.3601485400227944,-1.9067317602085205,10,3.757314682006836,1.0,0.5858757465213391,0,0,68.0,1.0,1.0,0.9498002889745354,0.8971007963021597,1.3713759953776996,0.15434880554676056,0.3333333333333333,0.0,0.01295965351164341,1.0,0.0,0.0,0.9799637198448181,1.0,0.9804656207100926,0.9804656207100926,1.0,0.9804656207100926,0.019534379289907457,0.03906875857981491,0.9413968621302776,210.80815917964912,0.0046846257595477584,1.821182183403381,-0.09459149504653083,421.67782581844904,0.25099855512732283,0.07841062545776367,1.0,heuristic_fallback
20260514_035650,232,927,74.16,e2,Eval-Transferred-OSD+Fuzzy+OP-CBRS-e2,proxy,5.230777740478516,4.597569942474365,8.804666519165039,26.62615394592285,3.759875535964966,-0.7831999063491821,-1.360149013760635,-1.915843178458217,10,3.6788902282714844,1.0,0.5969738250758154,0,0,68.0,1.0,1.0,0.9498002889745354,0.8990545074144999,1.3738181342681248,0.15141823887825012,0.3333333333333333,0.0,0.022483622655272484,1.0,0.0,0.0,0.9801367521286011,1.0,0.9806451720020971,0.9806451720020971,1.0,0.9806451720020971,0.019354827997903036,0.03870965599580607,0.941935516006291,210.81398801525984,0.004684755289227996,1.8145276343237444,-0.0828055320768652,421.67782581844904,0.25099855512732283,0.07842445373535156,1.0,heuristic_fallback
20260514_035650,232,928,74.24,e2,Eval-Transferred-OSD+Fuzzy+OP-CBRS-e2,proxy,5.247178554534912,4.520865440368652,8.804365158081055,26.597381591796875,3.677504539489746,-0.7991399168968201,-1.36014940328893,-1.9213563797464988,10,3.600451707839966,1.0,0.5941490737864584,0,0,67.0,1.0,1.0,0.9498002889745354,0.9010233183701833,1.3762791479627292,0.14846502244472504,0.3333333333333333,0.0,0.027970224618911743,1.0,0.0,0.0,0.9803116917610168,1.0,0.9808262645828123,0.9808262645828123,1.0,0.9808262645828123,0.019173735417187747,0.03834747083437545,0.9424787937484368,210.82026578072612,0.004684894795127246,1.8109048855899357,-0.08534883774626141,421.67782581844904,0.25099855512732283,0.07843852043151855,1.0,heuristic_fallback
20260514_035650,232,929,74.32,e2,Eval-Transferred-OSD+Fuzzy+OP-CBRS-e2,proxy,5.263582229614258,4.444146633148193,8.804082870483398,26.57000732421875,3.5778439044952393,-0.8145399689674377,-1.3601497203947586,-1.9189733044544552,10,3.521998405456543,1.0,0.5845773063312208,0,0,67.0,1.0,1.0,0.9498002889745354,0.9030061463514963,1.3787576829393704,0.14549078047275543,0.3333333333333333,0.0,0.01767437346279621,1.0,0.0,0.0,0.9804885387420654,1.0,0.9810088024723873,0.9810088024723873,1.0,0.9810088024723873,0.018991197527612802,0.037982395055225604,0.9430264074171617,210.82697112854112,0.0046850438028564695,1.8191224809523507,-0.09622238287476334,421.67782581844904,0.25099855512732283,0.07845330238342285,1.0,heuristic_fallback
20260514_035650,232,930,74.4,e2,Eval-Transferred-OSD+Fuzzy+OP-CBRS-e2,proxy,5.279989242553711,4.367413520812988,8.803818702697754,26.54349136352539,3.5512545108795166,-0.8038777112960815,-1.360149968691294,-1.9210964388040692,10,3.443530559539795,1.0,0.5970107383085098,0,0,66.0,1.0,1.0,0.9498002889745354,0.9050009946028391,1.3812512432535489,0.14249850809574127,0.3333333333333333,0.0,0.02655554562807083,1.0,0.0,0.0,0.9806669354438782,1.0,0.9811926051371014,0.9811926051371014,1.0,0.9811926051371014,0.018807394862898667,0.03761478972579735,0.943577815411304,210.8340593693439,0.004685201319318753,1.8129603138912305,-0.08317303617270719,421.67782581844904,0.25099855512732283,0.07846784591674805,1.0,heuristic_fallback
20260514_035650,232,931,74.48,e2,Eval-Transferred-OSD+Fuzzy+OP-CBRS-e2,proxy,5.296399116516113,4.290666580200195,8.803571701049805,26.5351505279541,3.458193302154541,-0.8279744982719421,-1.3601501769010822,-1.9064838134384547,10,3.36504864692688,1.0,0.5968157399613352,0,0,66.0,1.0,1.0,0.9498002889745354,0.907008022069931,1.3837600275874138,0.13948796689510345,0.3333333333333333,0.0,0.03565741330385208,1.0,0.0,0.0,0.9808470606803894,1.0,0.9813776903170344,0.9813776903170344,1.0,0.9813776903170344,0.018622309682965583,0.03724461936593119,0.9441330709511032,210.84152297631874,0.004685367177251528,1.8066356700011674,-0.08272888397984798,421.67782581844904,0.25099855512732283,0.07848191261291504,1.0,heuristic_fallback
20260514_035650,232,932,74.56,e2,Eval-Transferred-OSD+Fuzzy+OP-CBRS-e2,proxy,5.312811851501465,4.213904857635498,8.803340911865234,26.483184814453125,3.3619768619537354,-0.8117238879203796,-1.3601503478303625,-1.9057032815779373,10,3.2865519523620605,1.0,0.5967999973068144,0,0,65.0,1.0,1.0,0.9498002889745354,0.9090258479118347,1.3862823098897934,0.13646122813224792,0.3333333333333333,0.0,0.04528948292136192,1.0,0.0,0.0,0.9810287356376648,1.0,0.981563933645784,0.981563933645784,1.0,0.981563933645784,0.01843606635421608,0.03687213270843212,0.9446918009373518,210.84933428248507,0.004685540761833002,1.799916074248511,-0.08205711201632962,421.67782581844904,0.25099855512732283,0.07849669456481934,1.0,heuristic_fallback
20260514_035650,232,933,74.64,e2,Eval-Transferred-OSD+Fuzzy+OP-CBRS-e2,proxy,5.329227924346924,4.137128829956055,8.80312442779541,26.501174926757812,3.333981513977051,-0.8392429947853088,-1.3601504714816672,-1.9128339302341533,10,3.208040237426758,1.0,0.5742619047373038,0,0,65.0,1.0,1.0,0.9498002889745354,0.9110547602176666,1.3888184502720833,0.13341785967350006,0.3333333333333333,0.0,0.017643021419644356,1.0,0.0,0.0,0.9812118411064148,1.0,0.9817513645773699,0.9817513645773699,1.0,0.9817513645773699,0.01824863542263008,0.0364972708452602,0.9452540937321097,210.85747087738594,0.004685721575053021,1.8211581484512571,-0.10763784381901205,421.67782581844904,0.25099855512732283,0.07851171493530273,1.0,heuristic_fallback
20260514_035650,232,934,74.72,e2,Eval-Transferred-OSD+Fuzzy+OP-CBRS-e2,proxy,5.345646858215332,4.060338497161865,8.802922248840332,26.452985763549805,3.221806526184082,-0.7920307517051697,-1.3601505731271928,-1.9109583897680908,10,3.129514217376709,1.0,0.6276086827302533,0,0,64.0,1.0,1.0,0.9498002889745354,0.9130933185418447,1.391366648177306,0.13036002218723297,0.3333333333333333,0.0,0.07407175004482269,1.0,0.0,0.0,0.9813961982727051,1.0,0.9819398527876844,0.9819398527876844,1.0,0.9819398527876844,0.018060147212315667,0.036120294424631334,0.945819558363053,210.8659035255041,0.004685908967233424,1.7793462415634178,-0.04892357436969305,421.67782581844904,0.25099855512732283,0.07852602005004883,1.0,heuristic_fallback
20260514_035650,232,935,74.8,e2,Eval-Transferred-OSD+Fuzzy+OP-CBRS-e2,proxy,5.362069129943848,3.9835333824157715,8.802733421325684,26.38080406188965,3.130772590637207,-0.7652262449264526,-1.3601506450864524,-1.914560258312325,10,3.0509727001190186,1.0,0.5613099215752159,0,0,64.0,1.0,1.0,0.9498002889745354,0.9151409566402435,1.3939261958003044,0.1272885650396347,0.3333333333333333,0.0,0.026181085035204887,1.0,0.0,0.0,0.9815818071365356,1.0,0.9821293484384497,0.9821293484384497,1.0,0.9821293484384497,0.017870651561550304,0.03574130312310065,0.946388045315349,210.874620360461,0.004686102674676911,1.815776149845231,-0.12029365187374019,421.67782581844904,0.25099855512732283,0.07854151725769043,1.0,heuristic_fallback
20260514_035650,232,936,74.88,e2,Eval-Transferred-OSD+Fuzzy+OP-CBRS-e2,proxy,5.378494739532471,3.9067134857177734,8.802556991577148,26.39118766784668,3.0910017490386963,-0.7920129299163818,-1.360150703808838,-1.9125659909875414,10,2.9724161624908447,1.0,0.6026855517793853,0,0,64.0,1.0,1.0,0.9498002889745354,0.9171976844469706,1.3964971055587132,0.12420347332954407,0.3333333333333333,0.0,0.04180166870355606,1.0,0.0,0.0,0.9817687273025513,1.0,0.9823198549148432,0.9823198549148432,1.0,0.9823198549148432,0.017680145085156748,0.035360290170313474,0.9469595647445297,210.8836132152287,0.0046863025158939715,1.8045748940456494,-0.07824358236102671,421.67782581844904,0.25099855512732283,0.07855653762817383,1.0,heuristic_fallback
20260514_035650,232,937,74.96,e2,Eval-Transferred-OSD+Fuzzy+OP-CBRS-e2,proxy,5.394923210144043,3.829878807067871,8.80239200592041,26.35065269470215,2.9644343852996826,-0.8097138404846191,-1.360150763362385,-1.910380891471691,10,2.8938446044921875,1.0,0.5835568377802485,0,0,63.0,1.0,1.0,0.9498002889745354,0.9192622850338618,1.3990778562923272,0.1211065724492073,0.3333333333333333,0.0,0.023947296664118767,1.0,0.0,0.0,0.9819567799568176,1.0,0.9825112618295605,0.9825112618295605,1.0,0.9825112618295605,0.017488738170439586,0.03497747634087913,0.9475337854886814,210.8928589340968,0.004686507976313262,1.8184818232219502,-0.1011678697511837,421.67782581844904,0.25099855512732283,0.07857155799865723,1.0,heuristic_fallback
20260514_035650,232,938,75.04,e2,Eval-Transferred-OSD+Fuzzy+OP-CBRS-e2,proxy,5.411355018615723,3.7530291080474854,8.802237510681152,26.331356048583984,2.9441540241241455,-0.7969900965690613,-1.3601508044100696,-1.9092698812077022,10,2.8152577877044678,1.0,0.6056683550166323,0,0,63.0,1.0,1.0,0.9498002889745354,0.9213347683350245,1.4016684604187806,0.11799784749746323,0.3333333333333333,0.0,0.0377192497253418,1.0,0.0,0.0,0.9821458458900452,1.0,0.982703572299438,0.982703572299438,1.0,0.982703572299438,0.01729642770056184,0.034592855401123654,0.9481107168983144,210.902338070273,0.004686718623783844,1.8086709792513236,-0.07969160945343631,421.67782581844904,0.25099855512732283,0.07858681678771973,1.0,heuristic_fallback
20260514_035650,232,939,75.12,e2,Eval-Transferred-OSD+Fuzzy+OP-CBRS-e2,proxy,5.42779016494751,3.676164388656616,8.802092552185059,26.3142147064209,2.8659794330596924,-0.7996167540550232,-1.3601508387926542,-1.908699096034479,10,2.7366557121276855,1.0,0.5879513417439424,0,0,62.0,1.0,1.0,0.9498002889745354,0.9234146724144617,1.4042683405180771,0.11487799137830734,0.3333333333333333,0.0,0.02012278512120247,1.0,0.0,0.0,0.9823360443115234,1.0,0.9828967456126063,0.9828967456126063,1.0,0.9828967456126063,0.01710325438739359,0.034206508774787155,0.9486902368378192,210.91204616066534,0.004686934359125896,1.8223883037242874,-0.10118179920248573,421.67782581844904,0.25099855512732283,0.07860207557678223,1.0,heuristic_fallback
20260514_035650,232,940,75.2,e2,Eval-Transferred-OSD+Fuzzy+OP-CBRS-e2,proxy,5.444228172302246,3.5992846488952637,8.801957130432129,26.273452758789062,2.796475410461426,-0.8370869755744934,-1.36015087673773,-1.9017718648740751,10,2.6580381393432617,1.0,0.6030840317230455,0,0,61.0,1.0,1.0,0.9498002889745354,0.9255005369583765,1.4068756711979706,0.11174919456243515,0.3333333333333333,0.0,0.02267806977033615,1.0,0.0,0.0,0.9825270771980286,1.0,0.9830906480629782,0.9830906480629782,1.0,0.9830906480629782,0.0169093519370218,0.03381870387404357,0.9492719441889346,210.92195250562065,0.004687154500124903,1.8209933063734158,-0.08780923985232604,421.67782581844904,0.25099855512732283,0.07861757278442383,1.0,heuristic_fallback
20260514_035650,232,941,75.28,e2,Eval-Transferred-OSD+Fuzzy+OP-CBRS-e2,proxy,5.46066951751709,3.5223898887634277,8.801830291748047,26.25645637512207,2.725520372390747,-0.8002522587776184,-1.3601508928757884,-1.9191143871659915,10,2.5794053077697754,1.0,0.6159854083938228,0,0,60.0,1.0,1.0,0.9498002889745354,0.9275931765635809,1.4094914707044761,0.10861023515462875,0.3333333333333333,0.0,0.04341040551662445,1.0,0.0,0.0,0.9827190637588501,1.0,0.983285357226579,0.983285357226579,1.0,0.983285357226579,0.016714642773420944,0.03342928554684193,0.9498560716797371,210.93205670820726,0.004687379037960161,1.8059672144650005,-0.07485010980736936,421.67782581844904,0.25099855512732283,0.07863283157348633,1.0,heuristic_fallback
20260514_035650,232,942,75.36,e2,Eval-Transferred-OSD+Fuzzy+OP-CBRS-e2,proxy,5.477114200592041,3.4454798698425293,8.801712036132812,26.236919403076172,2.64628529548645,-0.7999362349510193,-1.3601508999859357,-1.8900894314701655,10,2.5007567405700684,1.0,0.5931929681745621,0,0,59.0,1.0,1.0,0.9498002889745354,0.9296912451585134,1.4121140564481418,0.10546313226222992,0.3333333333333333,0.0,0.025202756747603416,1.0,0.0,0.0,0.982912003993988,1.0,0.9834807496512706,0.9834807496512706,1.0,0.9834807496512706,0.016519250348729215,0.0330385006974584,0.9504422489538122,210.94234948918904,0.004687607766426424,1.8201474681904994,-0.10148206837252262,421.67782581844904,0.25099855512732283,0.07864856719970703,1.0,heuristic_fallback
20260514_035650,232,943,75.44,e2,Eval-Transferred-OSD+Fuzzy+OP-CBRS-e2,proxy,5.4935622215271,3.3685545921325684,8.80160140991211,26.19161033630371,2.56046462059021,-0.799441397190094,-1.3601509052375913,-1.9040692963151824,10,2.4220924377441406,1.0,0.6072999064048363,0,0,59.0,1.0,1.0,0.9498002889745354,0.9317955076694489,1.414744384586811,0.10230673849582672,0.3333333333333333,0.0,0.02538134716451168,1.0,0.0,0.0,0.9831056594848633,1.0,0.9836768983022693,0.9836768983022693,1.0,0.9836768983022693,0.016323101697730588,0.0326462033954612,0.9510306949068081,210.95280973476474,0.004687840216328105,1.8205395910055522,-0.08937699014492488,421.67782581844904,0.25099855512732283,0.07866430282592773,1.0,heuristic_fallback
20260514_035650,232,944,75.52,e2,Eval-Transferred-OSD+Fuzzy+OP-CBRS-e2,proxy,5.510013580322266,3.291614055633545,8.801497459411621,26.174352645874023,2.4887754917144775,-0.7976256012916565,-1.3601509149209885,-1.9024920912624101,10,2.3434128761291504,1.0,0.5972715845638252,0,0,58.0,1.0,1.0,0.9498002889745354,0.9339051494995753,1.417381436874469,0.09914227575063705,0.3333333333333333,0.0,0.0053069740533828735,1.0,0.0,0.0,0.9833002090454102,1.0,0.9838737289769989,0.9838737289769989,1.0,0.9838737289769989,0.01612627102300107,0.03225254204600216,0.9516211869309967,210.96344058358227,0.004688076457412939,1.8361227812964305,-0.10343095778090378,421.67782581844904,0.25099855512732283,0.07867956161499023,1.0,heuristic_fallback
20260514_035650,232,945,75.6,e2,Eval-Transferred-OSD+Fuzzy+OP-CBRS-e2,proxy,5.526468276977539,3.214658260345459,8.801400184631348,26.13456916809082,2.4109058380126953,-0.8112389445304871,-1.3601509346903564,-1.902217540291076,10,2.2647175788879395,1.0,0.6163089225015463,0,0,56.0,1.0,1.0,0.9498002889745354,0.9360190133253733,1.4200237666567166,0.09597148001194,0.3333333333333333,0.0,0.01167239248752594,1.0,0.0,0.0,0.9834954738616943,1.0,0.9840711351809904,0.9840711351809904,1.0,0.9840711351809904,0.01592886481900973,0.031857729638019416,0.952213405542971,210.97422135275156,0.004688316030061145,1.8318771834272727,-0.08577843905275842,421.67782581844904,0.25099855512732283,0.07869529724121094,1.0,heuristic_fallback
20260514_035650,232,946,75.68,e2,Eval-Transferred-OSD+Fuzzy+OP-CBRS-e2,proxy,5.542925834655762,3.1376869678497314,8.801309585571289,26.125808715820312,2.32617449760437,-0.7985215187072754,-1.360150969771784,-1.9142361874413676,10,2.1860063076019287,1.0,0.6155359270849091,0,0,56.0,1.0,1.0,0.9498002889745354,0.9381377498308817,1.4226721872886021,0.09279337525367737,0.3333333333333333,0.0,0.014131486415863037,1.0,0.0,0.0,0.9836914539337158,1.0,0.9842691791050404,0.9842691791050404,1.0,0.9842691791050404,0.015730820894959488,0.031461641789919,0.9528075373151215,210.98514582666576,0.004688558796148127,1.830562547107397,-0.088328916919404,421.67782581844904,0.25099855512732283,0.07871127128601074,1.0,heuristic_fallback
20260514_035650,232,947,75.76,e2,Eval-Transferred-OSD+Fuzzy+OP-CBRS-e2,proxy,5.559386730194092,3.0607004165649414,8.801224708557129,26.07378578186035,2.2595651149749756,-0.78215092420578,-1.3601509788668649,-1.9142546035252057,10,2.1072797775268555,1.0,0.6159005909412816,0,0,54.0,1.0,1.0,0.9498002889745354,0.9402614583571752,1.425326822946469,0.08960781246423721,0.3333333333333333,0.0,0.014145376160740852,1.0,0.0,0.0,0.9838880896568298,1.0,0.9844678715641146,0.9844678715641146,1.0,0.9844678715641146,0.015532128435885268,0.03106425687177051,0.9534036146923441,210.99620615510696,0.004688804581224599,1.8310830569303118,-0.08998351254813729,421.67782581844904,0.25099855512732283,0.07872653007507324,1.0,heuristic_fallback
20260514_035650,232,948,75.84,e2,Eval-Transferred-OSD+Fuzzy+OP-CBRS-e2,proxy,5.575850963592529,2.9836983680725098,8.801145553588867,26.066734313964844,2.168962240219116,-0.8365486264228821,-1.360150972487263,-1.9156343012829997,10,2.0285372734069824,1.0,0.622195018322838,0,0,53.0,1.0,1.0,0.9498002889745354,0.9423888872067133,1.4279861090083916,0.08641666918992996,0.3333333333333333,0.0,0.021282484754920006,1.0,0.0,0.0,0.9840853810310364,1.0,0.9846670968364368,0.9846670968364368,1.0,0.9846670968364368,0.015332903163563253,0.03066580632712646,0.9540012905093104,211.00739556091423,0.004689053234686983,1.8262620826970621,-0.0850003225067529,421.67782581844904,0.25099855512732283,0.07874250411987305,1.0,heuristic_fallback
20260514_035650,232,949,75.92,e2,Eval-Transferred-OSD+Fuzzy+OP-CBRS-e2,proxy,5.592318534851074,2.9066808223724365,8.801071166992188,26.040054321289062,2.0958681106567383,-0.7986356019973755,-1.3601509548981991,-1.910762305002299,11,1.9497787952423096,1.0,18.631455365623385,0,0,52.0,1.0,1.0,0.9498002889745354,0.9445205926895142,1.4306507408618927,0.08321911096572876,0.3333333333333333,0.0,0.04106920585036278,1.0,0.0,0.0,0.9842832684516907,1.0,0.9848669083194803,0.9848669083194803,1.0,0.9848669083194803,0.015133091680519765,0.030266183361039506,0.9546007249584408,211.01870582252843,0.004689304573833966,1.8119549682461802,-0.07578703038856781,421.67782581844904,0.25099855512732283,0.07875847816467285,1.0,heuristic_fallback
20260514_035650,232,950,76.0,e2,Eval-Transferred-OSD+Fuzzy+OP-CBRS-e2,proxy,5.604193210601807,2.8289363384246826,8.807665824890137,26.023162841796875,2.0575449466705322,-0.8010016679763794,-1.394114561628293,-1.9384731153276056,11,10.841573715209961,1.0,0.5709520384157767,0,0,50.0,1.0,1.0,0.9498002889745354,1.0,1.5,0.0,0.3333333333333333,0.0,0.015047406777739525,1.0,0.0,0.0,0.9844818711280823,1.0,0.9901334127352318,0.9901334127352318,1.0,0.9901334127352318,0.00986658726476831,0.019733174529536594,0.9704002382056952,212.49835155199992,0.004722185590044443,1.845341169378269,-0.11904560127754303,421.67782581844904,0.25099855512732283,0.07830047607421875,1.0,heuristic_fallback
20260514_035650,232,951,76.08,e2,Eval-Transferred-OSD+Fuzzy+OP-CBRS-e2,proxy,5.613013744354248,2.7507283687591553,8.818536758422852,25.97641372680664,1.9705030918121338,-0.8122928738594055,-1.421583409565832,-1.9731909821410165,11,10.762796401977539,1.0,0.6115471729231249,0,0,55.0,1.0,1.0,0.9498002889745354,0.9934311577429374,1.4917889471786718,0.009853263385593891,0.3333333333333333,0.0,0.029067683964967728,1.0,0.0,0.0,0.986526608467102,1.0,0.9895031170243204,0.9895031170243204,1.0,0.9895031170243204,0.010496882975679578,0.02099376595135913,0.9685093510729612,213.58938189747323,0.004746430708832738,1.8331837509235822,-0.07873941309199448,421.67782581844904,0.25099855512732283,0.07877731323242188,1.0,heuristic_fallback
20260514_035650,232,952,76.16,e2,Eval-Transferred-OSD+Fuzzy+OP-CBRS-e2,proxy,5.619802951812744,2.6722307205200195,8.832022666931152,25.92933464050293,1.9008681774139404,-0.75592440366745,-1.443776915006225,-1.996875029065524,11,10.683733940124512,1.0,0.6044377988500622,0,0,55.0,1.0,1.0,0.9498002889745354,0.9870775192975998,1.4838468991219997,0.01938372105360031,0.3333333333333333,0.0,0.03165517374873161,1.0,0.0,0.0,0.9931358695030212,1.0,0.9888952076330435,0.9888952076330435,1.0,0.9888952076330435,0.011104792366956412,0.02220958473391282,0.9666856228991307,214.5964646556514,0.004768810325681142,1.829654723974425,-0.08631363042451132,421.67782581844904,0.25099855512732283,0.07906246185302734,1.0,heuristic_fallback
20260514_035650,232,953,76.24,e2,Eval-Transferred-OSD+Fuzzy+OP-CBRS-e2,proxy,5.625240802764893,2.593559503555298,8.846977233886719,25.903087615966797,1.842954397201538,-0.725635826587677,-1.4616931928771684,-2.0138015116591297,11,10.60451602935791,1.0,0.592747284415064,0,0,55.0,1.0,1.0,0.9498002889745354,0.9800184840957323,1.4750231051196654,0.029972273856401443,0.3333333333333333,0.0,0.014501789584755898,1.0,0.0,0.0,0.9992066621780396,1.0,0.9882218008831238,0.9882218008831238,1.0,0.9882218008831238,0.011778199116876106,0.023556398233752187,0.9646654026493716,215.31407236447603,0.004784757163655022,1.84075500329694,-0.09974311921536662,421.67782581844904,0.25099855512732283,0.07921791076660156,1.0,heuristic_fallback
20260514_035650,232,954,76.32,e2,Eval-Transferred-OSD+Fuzzy+OP-CBRS-e2,proxy,5.62977933883667,2.514793872833252,8.862616539001465,25.90247344970703,1.84281587600708,-0.7259992957115173,-1.4761465746770837,-2.028018085048653,11,10.525233268737793,1.0,0.6148809791251322,0,0,55.0,1.0,1.0,0.9498002889745354,0.9722355330983797,1.4652944163729746,0.041646700352430344,0.3333333333333333,0.0,0.032607901841402054,1.0,0.0,0.0,1.0033037662506104,1.0,0.987481756897853,0.987481756897853,1.0,0.987481756897853,0.01251824310214685,0.025036486204293676,0.9624452706935593,215.73072355252407,0.00479401607894498,1.8252296813551172,-0.07531646723497983,421.67782581844904,0.25099855512732283,0.07928276062011719,1.0,heuristic_fallback
20260514_035650,232,955,76.4,e2,Eval-Transferred-OSD+Fuzzy+OP-CBRS-e2,proxy,5.633718967437744,2.4359869956970215,8.878410339355469,25.837312698364258,1.6796330213546753,-0.7395094037055969,-1.4877997129399732,-2.0452419637666983,11,10.445944786071777,1.0,0.6418418453710512,0,0,54.0,1.0,1.0,0.9498002889745354,0.9639976173639297,1.4549970217049122,0.05400357395410538,0.3333333333333333,0.0,0.09639684855937958,1.0,0.0,0.0,1.0053937435150146,1.0,0.986701205373695,0.986701205373695,1.0,0.986701205373695,0.013298794626305,0.026597589252610042,0.960103616121085,215.89977585675842,0.0047977727968168534,1.7753284923830215,-0.04116883664556879,421.67782581844904,0.25099855512732283,0.07928848266601562,0.280489108120038,heuristic_fallback
20260514_035650,232,956,76.48,e2,Eval-Transferred-OSD+Fuzzy+OP-CBRS-e2,proxy,5.6372599601745605,2.3571741580963135,8.89400577545166,25.77509880065918,1.6419084072113037,-0.7075918316841125,-1.4971906874873488,-2.0422908633184247,11,10.366684913635254,1.0,0.5552312649933119,0,0,54.0,1.0,1.0,0.9498002889745354,0.9555908640225729,1.4444885800282161,0.06661370396614075,0.3333333333333333,0.0,0.02357572689652443,1.0,0.0,0.0,1.0058820247650146,1.0,0.9859075594030412,0.9859075594030412,1.0,0.9859075594030412,0.014092440596958897,0.028184881193917814,0.9577226782091234,215.88645099254973,0.004797476688723328,1.8278426452948235,-0.13407632262341243,421.67782581844904,0.25099855512732283,0.07925987243652344,0.340489108120038,heuristic_fallback
20260514_035650,232,957,76.56,e2,Eval-Transferred-OSD+Fuzzy+OP-CBRS-e2,proxy,5.6405348777771,2.27837872505188,8.909173011779785,25.783924102783203,1.565048336982727,-0.7379251718521118,-1.5047556754784086,-2.0579217167735635,11,10.287481307983398,1.0,0.6024045643218681,0,0,53.0,1.0,1.0,0.9498002889745354,0.9472415844599406,1.4340519805749257,0.07913762331008911,0.3333333333333333,0.0,0.026262208819389343,1.0,0.0,0.0,1.0052363872528076,1.0,0.9851222259771747,0.9851222259771747,1.0,0.9851222259771747,0.014877774022825418,0.029755548045650837,0.9553666779315239,215.74855392378413,0.004794412309417425,1.823740463962017,-0.08552405359560201,421.67782581844904,0.25099855512732283,0.07920360565185547,0.400489108120038,heuristic_fallback
20260514_035650,232,958,76.64,e2,Eval-Transferred-OSD+Fuzzy+OP-CBRS-e2,proxy,5.643631935119629,2.199615478515625,8.923768043518066,25.733474731445312,1.4931432008743286,-0.6559872627258301,-1.510847739367391,-2.048699426976292,11,10.208346366882324,1.0,0.6213678134149593,0,0,53.0,1.0,1.0,0.9498002889745354,0.9391106218099594,1.4238882772624493,0.09133406728506088,0.3333333333333333,0.0,0.06177427992224693,1.0,0.0,0.0,1.0038570165634155,1.0,0.9843601773695594,0.9843601773695594,1.0,0.9843601773695594,0.015639822630440548,0.03127964526088105,0.9530805321086784,215.5313078344666,0.004789584618543702,1.7950736699723784,-0.061863634783912096,421.67782581844904,0.25099855512732283,0.07913494110107422,0.460489108120038,heuristic_fallback
20260514_035650,232,959,76.72,e2,Eval-Transferred-OSD+Fuzzy+OP-CBRS-e2,proxy,5.646610260009766,2.1208932399749756,8.937708854675293,25.682737350463867,1.4100112915039062,-0.6542304158210754,-1.5157523320022386,-2.069584632065124,11,10.12928581237793,1.0,0.4802508515488595,0,0,51.0,1.0,1.0,0.9498002889745354,0.9313062379757563,1.4141327974696953,0.10304064303636551,0.4166666666666667,0.08333333333333337,0.034438006579875946,1.0,0.0,0.0,1.0020493268966675,1.0,0.9836312750267513,0.9836312750267513,1.0,0.9836312750267513,0.016368724973248615,0.03273744994649725,0.9508938250802541,215.2678960394046,0.00478373102309788,1.9802914456872727,-0.2295747564555591,421.67782581844904,0.25099855512732283,0.07906055450439453,0.520489108120038,heuristic_fallback
20260514_035650,232,960,76.8,e2,Eval-Transferred-OSD+Fuzzy+OP-CBRS-e2,proxy,5.649508953094482,2.0422170162200928,8.95095157623291,25.624109268188477,1.344802737236023,-0.6384608149528503,-1.519700031201321,-2.0713151606076896,11,10.05030345916748,1.0,0.5775735984085597,0,0,51.0,1.0,1.0,0.9498002889745354,0.923892746369044,1.404865932961305,0.11416088044643402,0.4166666666666667,0.0,0.015025265514850616,1.0,0.0,0.0,1.0000300407409668,1.0,0.9829411719400817,0.9829411719400817,1.0,0.9829411719400817,0.01705882805991849,0.03411765611983693,0.9488235158202447,214.98153552320582,0.004777367456071241,1.9929976285843636,-0.10807486542095673,421.67782581844904,0.25099855512732283,0.07898235321044922,0.5804891081200381,heuristic_fallback
20260514_035650,232,961,76.88,e2,Eval-Transferred-OSD+Fuzzy+OP-CBRS-e2,proxy,5.6523542404174805,1.9635884761810303,8.963481903076172,25.609291076660156,1.2460695505142212,-0.6531896591186523,-1.522876935981513,-2.0723570335863357,11,9.971396446228027,1.0,0.5879805744527453,0,0,51.0,1.0,1.0,0.9498002889745354,0.9169085323810577,1.3961356654763222,0.12463720142841339,0.4166666666666667,0.0,0.01303843967616558,1.0,0.0,0.0,0.9979462027549744,1.0,0.9822930616357128,0.9822930616357128,1.0,0.9822930616357128,0.017706938364287102,0.035413876728574246,0.9468791849071386,214.6879583636602,0.004770843519192449,1.992741694466381,-0.09680550071184907,421.67782581844904,0.25099855512732283,0.07890701293945312,0.6404891081200381,heuristic_fallback
20260514_035650,232,962,76.96,e2,Eval-Transferred-OSD+Fuzzy+OP-CBRS-e2,proxy,5.655163288116455,1.8850079774856567,8.975302696228027,25.556264877319336,1.2080574035644531,-0.6097811460494995,-1.525433152097246,-2.0824865398635968,11,9.892562866210938,1.0,0.6026172251575367,0,0,50.0,1.0,1.0,0.9498002889745354,0.9103715221087137,1.3879644026358922,0.13444271683692932,0.4166666666666667,0.0,0.036836542189121246,1.0,0.0,0.0,0.9958929419517517,1.0,0.9816882286209793,0.9816882286209793,1.0,0.9816882286209793,0.01831177137902078,0.03662354275804158,0.9450646858629377,214.3974459110924,0.0047643876869131645,1.973258865013578,-0.07878176909329625,421.67782581844904,0.25099855512732283,0.07883358001708984,0.7004891081200382,heuristic_fallback
20260514_035650,232,963,77.04,e2,Eval-Transferred-OSD+Fuzzy+OP-CBRS-e2,proxy,5.657947540283203,1.8064744472503662,8.986431121826172,25.548784255981445,1.1447415351867676,-0.6101109981536865,-1.527489681354859,-2.0707917579419384,11,9.813801765441895,1.0,0.573040788509615,0,0,49.0,1.0,1.0,0.9498002889745354,0.904284139474233,1.3803551743427913,0.1435737907886505,0.4166666666666667,0.0,0.015199649147689342,1.0,0.0,0.0,0.9939286112785339,1.0,0.9811265367811491,0.9811265367811491,1.0,0.9811265367811491,0.018873463218850913,0.03774692643770178,0.9433796103434473,214.11645254535972,0.004758143389896883,1.9879646891360319,-0.1095635668229339,421.67782581844904,0.25099855512732283,0.07876110076904297,0.7604891081200382,heuristic_fallback
20260514_035650,232,964,77.12,e2,Eval-Transferred-OSD+Fuzzy+OP-CBRS-e2,proxy,5.660715103149414,1.7279859781265259,8.9968900680542,25.474306106567383,1.0917844772338867,-0.6396395564079285,-1.5291440219371129,-2.071612193264654,11,9.735105514526367,1.0,0.5976707746961438,0,0,49.0,1.0,1.0,0.9498002889745354,0.8986392716566721,1.3732990895708401,0.15204109251499176,0.4166666666666667,0.0,0.03422984480857849,1.0,0.0,0.0,0.9920862913131714,1.0,0.980606998024961,0.980606998024961,1.0,0.980606998024961,0.019393001975039036,0.038786003950078106,0.9418209940748828,213.84878987069578,0.004752195330459906,1.972280825435975,-0.08215367179345451,421.67782581844904,0.25099855512732283,0.07869625091552734,0.8204891081200383,heuristic_fallback
20260514_035650,232,965,77.2,e2,Eval-Transferred-OSD+Fuzzy+OP-CBRS-e2,proxy,5.66347074508667,1.6495403051376343,9.006708145141602,25.460966110229492,0.9813111424446106,-0.5985629558563232,-1.530474712820774,-2.0757309098170693,11,9.656469345092773,1.0,0.5893723939405642,0,0,49.0,1.0,1.0,0.9498002889745354,0.8934256732463837,1.3667820915579796,0.1598614901304245,0.4166666666666667,0.0,0.04298269376158714,1.0,0.0,0.0,0.9903820753097534,1.0,0.9801282777396134,0.9801282777396134,1.0,0.9801282777396134,0.01987172226038666,0.039743444520773274,0.9403848332188401,213.596488086107,0.004746588624135711,1.9644127891186463,-0.08876582246455672,421.67782581844904,0.25099855512732283,0.07863616943359375,0.8804891081200383,heuristic_fallback
20260514_035650,232,966,77.28,e2,Eval-Transferred-OSD+Fuzzy+OP-CBRS-e2,proxy,5.666218280792236,1.5711348056793213,9.01591682434082,25.433229446411133,0.9439828395843506,-0.5932436585426331,-1.5315449869705482,-2.085244418237147,11,9.57789134979248,1.0,0.5754344007354091,0,0,48.0,1.0,1.0,0.9498002889745354,0.8886275490125021,1.3607844362656276,0.16705867648124695,0.4166666666666667,0.0,0.030555585399270058,1.0,0.0,0.0,0.9888211488723755,1.0,0.9796886587745784,0.9796886587745784,1.0,0.9796886587745784,0.02031134122542151,0.04062268245084302,0.9390659763237355,213.36040282207296,0.004741342284934955,1.9725335893319136,-0.10318564028441485,421.67782581844904,0.25099855512732283,0.07857799530029297,0.9404891081200384,heuristic_fallback
20260514_035650,232,967,77.36,e2,Eval-Transferred-OSD+Fuzzy+OP-CBRS-e2,proxy,5.668960094451904,1.4927667379379272,9.024547576904297,25.383325576782227,0.8551377654075623,-0.5750400424003601,-1.5324057560517603,-2.0906477027244432,11,9.499364852905273,1.0,0.586530322911024,0,0,48.0,1.0,1.0,0.9498002889745354,0.8842247128486633,1.3552808910608292,0.173662930727005,0.4166666666666667,0.0,0.03671378269791603,1.0,0.0,0.0,0.9874018430709839,1.0,0.9792860575466519,0.9792860575466519,1.0,0.9792860575466519,0.020713942453348084,0.04142788490669617,0.9378581726399557,213.14062867716757,0.004736458415048168,1.9668142323169695,-0.09078493314114143,421.67782581844904,0.25099855512732283,0.07852649688720703,1.0,heuristic_fallback
20260514_035650,232,968,77.44,e2,Eval-Transferred-OSD+Fuzzy+OP-CBRS-e2,proxy,5.671697616577148,1.414433479309082,9.032631874084473,25.34542465209961,0.8231571912765503,-0.5714898109436035,-1.5330979962420792,-2.087393582602548,11,9.420886993408203,1.0,0.5744444104156897,0,0,47.0,1.0,1.0,0.9498002889745354,0.8801983793576559,1.3502479741970699,0.17970243096351624,0.4166666666666667,0.0,0.024279411882162094,1.0,0.0,0.0,0.9861181974411011,1.0,0.9789185527255991,0.9789185527255991,1.0,0.9789185527255991,0.021081447274400762,0.042162894548801504,0.9367556581767976,212.93677690086815,0.004731928375574848,1.975133427056033,-0.10347634888300329,421.67782581844904,0.25099855512732283,0.07847785949707031,1.0,heuristic_fallback
20260514_035650,232,969,77.52,e2,Eval-Transferred-OSD+Fuzzy+OP-CBRS-e2,proxy,5.674431800842285,1.3361321687698364,9.040202140808105,25.284229278564453,0.7220829725265503,-0.5465800762176514,-1.5336546785808558,-2.0684173774463126,11,9.342452049255371,1.0,0.5888459408756337,0,0,46.0,1.0,1.0,0.9498002889745354,0.8765294849872589,1.3456618562340736,0.18520577251911163,0.4166666666666667,0.0,0.035747598856687546,1.0,0.0,0.0,0.9849620461463928,1.0,0.9785842279342436,0.9785842279342436,1.0,0.9785842279342436,0.02141577206575642,0.042831544131512855,0.9357526838027307,212.74818101633548,0.004727737355918566,1.9656150632325398,-0.08735356808416389,421.67782581844904,0.25099855512732283,0.07843494415283203,1.0,heuristic_fallback
20260514_035650,232,970,77.6,e2,Eval-Transferred-OSD+Fuzzy+OP-CBRS-e2,proxy,5.677164077758789,1.2578601837158203,9.04728889465332,25.251731872558594,0.6725128293037415,-0.5545529723167419,-1.5341023274639303,-2.075358435724511,11,9.264057159423828,1.0,0.5682246295897356,0,0,46.0,1.0,1.0,0.9498002889745354,0.8731962939103445,1.3414953673879306,0.19020555913448334,0.4166666666666667,0.0,0.014507348649203777,1.0,0.0,0.0,0.9839242696762085,1.0,0.9782809512476056,0.9782809512476056,1.0,0.9782809512476056,0.02171904875239437,0.0434380975047887,0.934842853742817,212.5740219992117,0.004723867155538038,1.980711953118924,-0.1095715726778813,421.67782581844904,0.25099855512732283,0.07839488983154297,1.0,heuristic_fallback
20260514_035650,232,971,77.68,e2,Eval-Transferred-OSD+Fuzzy+OP-CBRS-e2,proxy,5.67989444732666,1.1796150207519531,9.053921699523926,25.20220375061035,0.6093394756317139,-0.5755579471588135,-1.534462296206835,-2.0913755031050933,11,9.185697555541992,1.0,0.5814717177549011,0,0,45.0,1.0,1.0,0.9498002889745354,0.8701810042063395,1.3377262552579243,0.19472849369049072,0.4166666666666667,0.0,0.014381757006049156,1.0,0.0,0.0,0.9829950928688049,1.0,0.978006973791421,0.978006973791421,1.0,0.978006973791421,0.021993026208579017,0.04398605241715805,0.934020921374263,212.41338743444442,0.0047202974985432085,1.9800523244252888,-0.09586464393822582,421.67782581844904,0.25099855512732283,0.07835960388183594,1.0,heuristic_fallback
20260514_035650,232,972,77.76,e2,Eval-Transferred-OSD+Fuzzy+OP-CBRS-e2,proxy,5.682623386383057,1.1013942956924438,9.060129165649414,25.1864013671875,0.5740828514099121,-0.5063594579696655,-1.5347517503060213,-2.089445387602192,11,9.107370376586914,1.0,0.5932576339790416,0,0,45.0,1.0,1.0,0.9498002889745354,0.8674634595712026,1.3343293244640033,0.1988048106431961,0.4166666666666667,0.0,0.034602079540491104,1.0,0.0,0.0,0.9821652173995972,1.0,0.977760354357723,0.977760354357723,1.0,0.977760354357723,0.022239645642277095,0.044479291284554204,0.9332810630731688,212.26536608429933,0.004717008135206652,1.964207696365673,-0.08162774770146451,421.67782581844904,0.25099855512732283,0.07832717895507812,1.0,heuristic_fallback
20260514_035650,232,973,77.84,e2,Eval-Transferred-OSD+Fuzzy+OP-CBRS-e2,proxy,5.6853508949279785,1.023195743560791,9.065937042236328,25.12445640563965,0.47935232520103455,-0.5354155898094177,-1.5349844991350345,-2.0913799350682147,11,9.029070854187012,1.0,0.5967381517203023,0,0,45.0,1.0,1.0,0.9498002889745354,0.8650256792704264,1.331282099088033,0.20246148109436035,0.4166666666666667,0.0,0.06330295652151108,1.0,0.0,0.0,0.9814254641532898,1.0,0.9775393686466524,0.9775393686466524,1.0,0.9775393686466524,0.022460631353347665,0.04492126270669537,0.932618105939957,212.12904022032046,0.004713978671562677,1.942072593554714,-0.07489945195181785,421.67782581844904,0.25099855512732283,0.07829952239990234,1.0,heuristic_fallback
20260514_035650,232,974,77.92,e2,Eval-Transferred-OSD+Fuzzy+OP-CBRS-e2,proxy,5.688077449798584,0.9450170993804932,9.071371078491211,25.09814453125,0.3736111521720886,-0.5309487581253052,-1.5351716422450064,-2.0822058596368875,11,8.950798988342285,1.0,0.5545607989288627,0,0,44.0,1.0,1.0,0.9498002889745354,0.8628503978252411,1.3285629972815514,0.20572440326213837,0.4166666666666667,0.0,0.024360882118344307,1.0,0.0,0.0,0.9807674288749695,1.0,0.977342373773816,0.977342373773816,1.0,0.977342373773816,0.022657626226183974,0.04531525245236799,0.932027121321448,212.0035442944619,0.004711189873210264,1.9707353289957927,-0.12061907256963633,421.67782581844904,0.25099855512732283,0.07827186584472656,1.0,heuristic_fallback
20260514_035650,232,975,78.0,e2,Eval-Transferred-OSD+Fuzzy+OP-CBRS-e2,proxy,5.690803527832031,0.8668563961982727,9.076454162597656,25.076480865478516,0.3274592459201813,-0.5301031470298767,-1.5353221137254938,-2.0856334062629927,11,8.872550964355469,1.0,0.5742545102551693,0,0,44.0,1.0,1.0,0.9498002889745354,0.8609220186869303,1.3261525233586628,0.2086169719696045,0.4166666666666667,0.0,0.015810616314411163,1.0,0.0,0.0,0.9801833033561707,1.0,0.9771678922641837,0.9771678922641837,1.0,0.9771678922641837,0.02283210773581634,0.04566421547163269,0.931503676792551,211.8880534764604,0.004708623410588009,1.976665933564165,-0.10147177008445774,421.67782581844904,0.25099855512732283,0.0782480239868164,1.0,heuristic_fallback
20260514_035650,232,976,78.08,e2,Eval-Transferred-OSD+Fuzzy+OP-CBRS-e2,proxy,5.693528652191162,0.788711667060852,9.081209182739258,25.04686737060547,0.24387237429618835,-0.4972062408924103,-1.535443104786872,-2.081050288913064,11,8.79432201385498,1.0,0.5858140224821973,0,0,44.0,1.0,1.0,0.9498002889745354,0.8592243194580078,1.3240303993225098,0.21116352081298828,0.4166666666666667,0.0,0.02625603787600994,1.0,0.0,0.0,0.9796658754348755,1.0,0.9770144023269307,0.9770144023269307,1.0,0.9770144023269307,0.02298559767306924,0.04597119534613849,0.9310432069807922,211.78179480558947,0.0047062621067908775,1.9684074425857352,-0.08860561512361882,421.67782581844904,0.25099855512732283,0.07822895050048828,1.0,heuristic_fallback
20260514_035650,232,977,78.16,e2,Eval-Transferred-OSD+Fuzzy+OP-CBRS-e2,proxy,5.696253299713135,0.7105811238288879,9.085657119750977,25.02937126159668,0.20181015133857727,-0.5133028626441956,-1.5355403844140656,-2.0785105075698285,11,8.716113090515137,1.0,0.5869458419879764,0,0,43.0,1.0,1.0,0.9498002889745354,0.8577435910701752,1.322179488837719,0.21338461339473724,0.4166666666666667,0.0,0.04015756770968437,1.0,0.0,0.0,0.9792087078094482,1.0,0.9768806200616336,0.9768806200616336,1.0,0.9768806200616336,0.023119379938366384,0.04623875987673278,0.9306418601849008,211.68405380209333,0.004704090084490963,1.9576111131135212,-0.08583812365566068,421.67782581844904,0.25099855512732283,0.07820892333984375,1.0,heuristic_fallback
20260514_035650,232,978,78.24,e2,Eval-Transferred-OSD+Fuzzy+OP-CBRS-e2,proxy,5.698977470397949,0.6324630975723267,9.089818000793457,24.95655632019043,0.13059119880199432,-0.5204606652259827,-1.5356186005930148,-2.090883749553444,11,8.637920379638672,1.0,0.5876687439631394,0,0,43.0,1.0,1.0,0.9498002889745354,0.8564654588699341,1.3205818235874176,0.21530181169509888,0.4166666666666667,0.0,0.05712532624602318,1.0,0.0,0.0,0.9788059592247009,1.0,0.9767652104280663,0.9767652104280663,1.0,0.9767652104280663,0.023234789571933763,0.046469579143867505,0.9302956312841988,211.59416864096977,0.004702092636465995,1.9445657611612068,-0.08321195253718407,421.67782581844904,0.25099855512732283,0.07819271087646484,1.0,heuristic_fallback
20260514_035650,232,979,78.32,e2,Eval-Transferred-OSD+Fuzzy+OP-CBRS-e2,proxy,5.7017011642456055,0.5543559789657593,9.093709945678711,24.873022079467773,0.050024863332509995,-0.49206236004829407,-1.5356814895650426,-2.10002673366146,11,8.55974006652832,1.0,0.558612960676738,0,0,43.0,1.0,1.0,0.9498002889745354,0.8553767502307892,1.3192209377884865,0.21693487465381622,0.4166666666666667,0.0,0.02699371799826622,1.0,0.0,0.0,0.9784523248672485,1.0,0.9766669547500848,0.9766669547500848,1.0,0.9766669547500848,0.023333045249915235,0.04666609049983043,0.9300008642502544,211.5115253121371,0.004700256118047492,1.9668922901872383,-0.11511214847421082,421.67782581844904,0.25099855512732283,0.07818031311035156,1.0,heuristic_fallback
20260514_035650,232,980,78.4,e2,Eval-Transferred-OSD+Fuzzy+OP-CBRS-e2,proxy,5.7044243812561035,0.4762583374977112,9.097350120544434,24.839601516723633,-0.0341128334403038,-0.5029506683349609,-1.5357320522186844,-2.0898797891867407,11,8.481573104858398,1.0,0.5792259287691647,0,0,43.0,1.0,1.0,0.9498002889745354,0.8544654846191406,1.3180818557739258,0.21830177307128906,0.4166666666666667,0.0,0.029148243367671967,1.0,0.0,0.0,0.9781429171562195,1.0,0.9765847484955595,0.9765847484955595,1.0,0.9765847484955595,0.023415251504440415,0.04683050300888084,0.9297542454866787,211.43555353297882,0.0046985678562884185,1.9650485797572719,-0.09412771555288237,421.67782581844904,0.25099855512732283,0.07816696166992188,1.0,heuristic_fallback
20260514_035650,232,981,78.48,e2,Eval-Transferred-OSD+Fuzzy+OP-CBRS-e2,proxy,5.707147598266602,0.39816874265670776,9.10075569152832,24.82340431213379,-0.04497700184583664,-0.5152125954627991,-1.5357727019466918,-2.0975640271161504,11,8.403417587280273,1.0,0.5747509602248925,0,0,43.0,1.0,1.0,0.9498002889745354,0.8537210822105408,1.317151352763176,0.21941837668418884,0.4166666666666667,0.0,0.02425938844680786,1.0,0.0,0.0,0.9778735637664795,1.0,0.9765176189648281,0.9765176189648281,1.0,0.9765176189648281,0.02348238103517188,0.04696476207034371,0.9295528568944844,211.3657438648388,0.0046970165303297515,1.96852912034577,-0.09896156932779303,421.67782581844904,0.25099855512732283,0.078155517578125,1.0,heuristic_fallback
20260514_035650,232,982,78.56,e2,Eval-Transferred-OSD+Fuzzy+OP-CBRS-e2,proxy,5.709870338439941,0.32008591294288635,9.103940963745117,24.82009506225586,-0.1472698152065277,-0.4808942675590515,-1.5358053878348092,-2.0810546560006458,11,8.32526969909668,1.0,0.5912987905593444,0,0,42.0,1.0,1.0,0.9498002889745354,0.8531314929326376,1.316414366165797,0.2203027606010437,0.4166666666666667,0.0,0.04659433290362358,1.0,0.0,0.0,0.9776403903961182,1.0,0.9764644655307552,0.9764644655307552,1.0,0.9764644655307552,0.023535534469244737,0.047071068938489474,0.9293933965922657,211.30161619259343,0.004695591470946521,1.9516305146836823,-0.08008461221312238,421.67782581844904,0.25099855512732283,0.07814788818359375,1.0,heuristic_fallback
20260514_035650,232,983,78.64,e2,Eval-Transferred-OSD+Fuzzy+OP-CBRS-e2,proxy,5.712593078613281,0.24200862646102905,9.10692024230957,24.76847267150879,-0.23593291640281677,-0.49245208501815796,-1.5358316651193085,-2.0833955850498973,11,8.247130393981934,1.0,0.5731463596373257,0,0,42.0,1.0,1.0,0.9498002889745354,0.8526879549026489,1.3158599436283112,0.2209680676460266,0.4166666666666667,0.0,0.04132154956459999,1.0,0.0,0.0,0.9774398803710938,1.0,0.9764244879487205,0.9764244879487205,1.0,0.9764244879487205,0.02357551205127945,0.04715102410255894,0.9292734638461616,211.24273191578686,0.004694282931461931,1.955474217680453,-0.09867836081510517,421.67782581844904,0.25099855512732283,0.0781393051147461,1.0,heuristic_fallback
20260514_035650,232,984,78.72,e2,Eval-Transferred-OSD+Fuzzy+OP-CBRS-e2,proxy,5.715315341949463,0.16393575072288513,9.10970687866211,24.76798439025879,-0.23528918623924255,-0.49204331636428833,-1.5358527945846567,-2.090958643381068,11,8.168997764587402,1.0,0.5678848513417185,0,0,41.0,1.0,1.0,0.9498002889745354,0.8523809909820557,1.3154762387275696,0.2214285135269165,0.4166666666666667,0.0,0.02663516066968441,1.0,0.0,0.0,0.9772690534591675,1.0,0.9763968246991073,0.9763968246991073,1.0,0.9763968246991073,0.0236031753008927,0.04720635060178544,0.9291904740973218,211.18869906011287,0.0046930822013358416,1.9664122683714913,-0.10534559642279204,421.67782581844904,0.25099855512732283,0.07813262939453125,1.0,heuristic_fallback
20260514_035650,232,985,78.8,e2,Eval-Transferred-OSD+Fuzzy+OP-CBRS-e2,proxy,5.7180376052856445,0.08586623519659042,9.112313270568848,24.686466217041016,-0.3614659905433655,-0.5033242106437683,-1.535869777804909,-2.087074169693305,11,8.09086799621582,1.0,0.6130339754063158,0,0,40.0,1.0,1.0,0.9498002889745354,0.8522011836369833,1.3152514795462291,0.22169822454452515,0.4166666666666667,0.0,0.08458384871482849,1.0,0.0,0.0,0.9771250486373901,1.0,0.9763806223485764,0.9763806223485764,1.0,0.9763806223485764,0.023619377651423537,0.04723875530284705,0.9291418670457293,211.13914562157925,0.004691981013812872,1.922905800501365,-0.05437035194614242,421.67782581844904,0.25099855512732283,0.07812976837158203,0.26555422914190396,heuristic_fallback
20260514_035650,232,986,78.88,e2,Eval-Transferred-OSD+Fuzzy+OP-CBRS-e2,proxy,5.720759868621826,0.007799074053764343,9.114750862121582,24.656578063964844,-0.41931793093681335,-0.47492650151252747,-1.5358834297654562,-2.0929227016025918,11,8.012743949890137,1.0,0.539483805644184,0,0,39.0,1.0,1.0,0.9498002889745354,0.8521409829457601,1.3151762286822002,0.22178852558135986,0.4166666666666667,0.0,0.024697162210941315,1.0,0.0,0.0,0.9770054221153259,1.0,0.9763751979729688,0.9763751979729688,1.0,0.9763751979729688,0.023624802027031128,0.04724960405406223,0.9291255939189066,211.0937380759916,0.004690971957244258,1.9678057652064747,-0.1338754809482809,421.67782581844904,0.25099855512732283,0.0781240463256836,0.32555422914190396,heuristic_fallback
20260514_035650,232,987,78.96,e2,Eval-Transferred-OSD+Fuzzy+OP-CBRS-e2,proxy,5.723482131958008,-0.07026665657758713,9.11703109741211,24.602859497070312,-0.4784800410270691,-0.46290215849876404,-1.5358944057824488,-2.101459595484174,11,7.934621334075928,1.0,0.5812156277514644,0,0,38.0,1.0,1.0,0.9498002889745354,0.8521921336650848,1.315240167081356,0.22171179950237274,0.4166666666666667,0.0,0.030982092022895813,1.0,0.0,0.0,0.9769079089164734,1.0,0.9763798068930813,0.9763798068930813,1.0,0.9763798068930813,0.023620193106918624,0.04724038621383725,0.9291394206792442,211.05216654703793,0.004690048145489731,1.96310485552734,-0.09151394813185475,421.67782581844904,0.25099855512732283,0.07812261581420898,0.38555422914190396,heuristic_fallback
20260514_035650,232,988,79.04,e2,Eval-Transferred-OSD+Fuzzy+OP-CBRS-e2,proxy,5.7262043952941895,-0.14833182096481323,9.119163513183594,24.57811737060547,-0.5964282155036926,-0.46273931860923767,-1.535903231158671,-2.0901316646676493,11,7.85650110244751,1.0,0.5763141991505168,0,0,38.0,1.0,1.0,0.9498002889745354,0.8523483077685038,1.3154353847106297,0.22147753834724426,0.4166666666666667,0.0,0.02976336143910885,1.0,0.0,0.0,0.9768305420875549,1.0,0.9763938795381942,0.9763938795381942,1.0,0.9763938795381942,0.02360612046180591,0.04721224092361182,0.9291816386145824,211.01414792670778,0.0046892032872601725,1.964057946991035,-0.09654167768104858,421.67782581844904,0.25099855512732283,0.07812023162841797,0.44555422914190396,heuristic_fallback
20260514_035650,232,989,79.12,e2,Eval-Transferred-OSD+Fuzzy+OP-CBRS-e2,proxy,5.728926658630371,-0.22639723122119904,9.1211576461792,24.530406951904297,-0.6214457154273987,-0.4927099049091339,-1.535910328261955,-2.09070390464581,11,7.77838134765625,1.0,0.5862840661675784,0,0,37.0,1.0,1.0,0.9498002889745354,0.8526019851366679,1.3157524814208348,0.22109702229499817,0.4166666666666667,0.0,0.045046161860227585,1.0,0.0,0.0,0.9767714738845825,1.0,0.976416740081694,0.976416740081694,1.0,0.976416740081694,0.023583259918306086,0.04716651983661221,0.9292502202450817,210.9794200924157,0.004688431557609237,1.952659266017237,-0.08506716716340623,421.67782581844904,0.25099855512732283,0.07811975479125977,0.505554229141904,heuristic_fallback
20260514_035650,232,990,79.2,e2,Eval-Transferred-OSD+Fuzzy+OP-CBRS-e2,proxy,5.731648921966553,-0.304463654756546,9.12302303314209,24.516189575195312,-0.6892582178115845,-0.49015769362449646,-1.535916035445204,-2.0854855033449873,11,7.700261116027832,1.0,0.564133206389604,0,0,36.0,1.0,1.0,0.9498002889745354,0.852947473526001,1.3161843419075012,0.22057878971099854,0.4166666666666667,0.0,0.024564232677221298,1.0,0.0,0.0,0.9767290353775024,1.0,0.9764478783177468,0.9764478783177468,1.0,0.9764478783177468,0.023552121682253197,0.047104243364506394,0.9293436349532405,210.94774111447305,0.004687727580321623,1.968107085001825,-0.10930373546790007,421.67782581844904,0.25099855512732283,0.07812023162841797,0.565554229141904,heuristic_fallback
20260514_035650,232,991,79.28,e2,Eval-Transferred-OSD+Fuzzy+OP-CBRS-e2,proxy,5.734371185302734,-0.3825317919254303,9.124768257141113,24.428592681884766,-0.7464980483055115,-0.46934133768081665,-1.5359206238863579,-2.0893437598590423,11,7.622140407562256,1.0,0.5896218614216873,0,0,35.0,1.0,1.0,0.9498002889745354,0.8533784051736196,1.3167230064670246,0.21993239223957062,0.4166666666666667,0.0,0.04473235085606575,1.0,0.0,0.0,0.9767019152641296,1.0,0.976486723856687,0.976486723856687,1.0,0.976486723856687,0.023513276143313,0.047026552286626,0.929460171570061,210.91889729335628,0.004687086606519028,1.9530887292795962,-0.08184426853432542,421.67782581844904,0.25099855512732283,0.07812070846557617,0.6255542291419041,heuristic_fallback
20260514_035650,232,992,79.36,e2,Eval-Transferred-OSD+Fuzzy+OP-CBRS-e2,proxy,5.737093448638916,-0.460602343082428,9.126399993896484,24.39449691772461,-0.8294715285301208,-0.4722200334072113,-1.535924312001479,-2.0766063730358972,11,7.5440168380737305,1.0,0.5641310473551927,0,0,34.0,1.0,1.0,0.9498002889745354,0.8538885017236074,1.3173606271545093,0.21916724741458893,0.4166666666666667,0.0,0.024096433073282242,1.0,0.0,0.0,0.9766885042190552,1.0,0.9765327148380427,0.9765327148380427,1.0,0.9765327148380427,0.023467285161957417,0.04693457032391485,0.9295981445141278,210.89266443767747,0.004686503654170611,1.9686931917541808,-0.10946445501912104,421.67782581844904,0.25099855512732283,0.07812356948852539,0.6855542291419041,heuristic_fallback
20260514_035650,232,993,79.44,e2,Eval-Transferred-OSD+Fuzzy+OP-CBRS-e2,proxy,5.739816188812256,-0.5386759042739868,9.12792682647705,24.34686851501465,-0.9049018025398254,-0.46590954065322876,-1.535927273643471,-2.077395591141622,11,7.4658918380737305,1.0,0.5681304901509612,0,0,33.0,1.0,1.0,0.9498002889745354,0.8544746339321136,1.318093292415142,0.21828804910182953,0.4166666666666667,0.0,0.007944182492792606,1.0,0.0,0.0,0.9766879081726074,1.0,0.9765855737054543,0.9765855737054543,1.0,0.9765855737054543,0.023414426294545685,0.04682885258909132,0.929756721116363,210.86887638679036,0.004685975030817563,1.9809539127416746,-0.1071464213797067,421.67782581844904,0.25099855512732283,0.078125,0.7455542291419042,heuristic_fallback
20260514_035650,232,994,79.52,e2,Eval-Transferred-OSD+Fuzzy+OP-CBRS-e2,proxy,5.742538928985596,-0.6167530417442322,9.129354476928711,24.343421936035156,-0.9693788290023804,-0.44986480474472046,-1.53592966101883,-2.082856192502853,11,7.387763500213623,1.0,0.5823619076155309,0,0,32.0,1.0,1.0,0.9498002889745354,0.8551303744316101,1.3189129680395126,0.21730443835258484,0.4166666666666667,0.0,0.014057854190468788,1.0,0.0,0.0,0.9766989350318909,1.0,0.9766447257571254,0.9766447257571254,1.0,0.9766447257571254,0.023355274242874667,0.04671054848574935,0.929934177271376,210.84734918883998,0.004685496648640888,1.9765325940932916,-0.09238627525151218,421.67782581844904,0.25099855512732283,0.07812833786010742,0.8055542291419042,heuristic_fallback
20260514_035650,232,995,79.6,e2,Eval-Transferred-OSD+Fuzzy+OP-CBRS-e2,proxy,5.7452616691589355,-0.6948343515396118,9.13068962097168,24.307086944580078,-1.0368133783340454,-0.4981234073638916,-1.535931583288264,-2.097833888648889,11,7.30963134765625,1.0,0.5883825577722454,0,0,32.0,1.0,1.0,0.9498002889745354,0.8558520078659058,1.3198150098323822,0.21622198820114136,0.4166666666666667,0.0,0.030719494447112083,1.0,0.0,0.0,0.9767205715179443,1.0,0.9767098409925817,0.9767098409925817,1.0,0.9767098409925817,0.02329015900741831,0.04658031801483662,0.9301295229777451,210.8279227675248,0.00468506495038944,1.964216772259383,-0.08479103493476774,421.67782581844904,0.25099855512732283,0.07813215255737305,0.8655542291419043,heuristic_fallback
20260514_035650,232,996,79.68,e2,Eval-Transferred-OSD+Fuzzy+OP-CBRS-e2,proxy,5.747984409332275,-0.7729203104972839,9.131938934326172,24.26908302307129,-1.1123515367507935,-0.4963560700416565,-1.5359331281081128,-2.095699189313339,11,7.231494903564453,1.0,0.581747947073344,0,0,31.0,1.0,1.0,0.9498002889745354,0.8566350837548574,1.3207938546935718,0.21504737436771393,0.4166666666666667,0.0,0.03803929314017296,1.0,0.0,0.0,0.976751983165741,1.0,0.9767805231593558,0.9767805231593558,1.0,0.9767805231593558,0.023219476840644324,0.04643895368128866,0.9303415694780671,210.81045250003,0.004684676722222889,1.9589226922118252,-0.09079373432359988,421.67782581844904,0.25099855512732283,0.07813644409179688,0.9255542291419043,heuristic_fallback
20260514_035650,232,997,79.76,e2,Eval-Transferred-OSD+Fuzzy+OP-CBRS-e2,proxy,5.750707626342773,-0.8510113954544067,9.13310718536377,24.223072052001953,-1.1729575395584106,-0.46235331892967224,-1.5359343649396835,-2.082470944826676,11,7.153353691101074,1.0,0.5769652019858456,0,0,30.0,1.0,1.0,0.9498002889745354,0.8574752310911814,1.3218440388639767,0.21378715336322784,0.4166666666666667,0.0,0.03800031170248985,1.0,0.0,0.0,0.9767923355102539,1.0,0.9768563831081215,0.9768563831081215,1.0,0.9768563831081215,0.023143616891878487,0.04628723378375699,0.9305691493243645,210.79479665964027,0.004684328814658673,1.9591619651241687,-0.09568835226991818,421.67782581844904,0.25099855512732283,0.0781412124633789,0.9855542291419044,heuristic_fallback
20260514_035650,232,998,79.84,e2,Eval-Transferred-OSD+Fuzzy+OP-CBRS-e2,proxy,5.7534308433532715,-0.9291080236434937,9.134200096130371,24.207674026489258,-1.22777259349823,-0.4508574903011322,-1.5359353620837743,-2.0777618772762723,11,7.075207233428955,1.0,0.5656352144181417,0,0,30.0,1.0,1.0,0.9498002889745354,0.8583691517512003,1.3229614396890004,0.21244627237319946,0.4166666666666667,0.0,0.018452242016792297,1.0,0.0,0.0,0.9768409132957458,1.0,0.9769371284540113,0.9769371284540113,1.0,0.9769371284540113,0.023062871545988694,0.0461257430919774,0.9308113853620339,210.78083103835536,0.004684018467519008,1.9740464975534466,-0.10908876491589481,421.67782581844904,0.25099855512732283,0.07814645767211914,1.0,heuristic_fallback
20260514_035650,232,999,79.92,e2,Eval-Transferred-OSD+Fuzzy+OP-CBRS-e2,proxy,5.756154537200928,-1.0072107315063477,9.135222434997559,24.149211883544922,-1.295133352279663,-0.45421913266181946,-1.5359361610552618,-2.0921058194526805,11,6.9970550537109375,1.0,0.595338343118055,0,0,29.0,1.0,1.0,0.9498002889745354,0.8593131800492605,1.3241414750615756,0.21103022992610931,0.4166666666666667,0.0,0.04639767110347748,1.0,0.0,0.0,0.976897120475769,1.0,0.9770224334909531,0.9770224334909531,1.0,0.9770224334909531,0.02297756650904698,0.04595513301809392,0.9310673004728591,210.76844138399656,0.00468374314186659,1.9533234328129476,-0.07671410636661115,421.67782581844904,0.25099855512732283,0.07815217971801758,1.0,heuristic_fallback
20260514_035650,232,1000,80.0,e2,Eval-Transferred-OSD+Fuzzy+OP-CBRS-e2,proxy,5.758878231048584,-1.0853197574615479,9.136178016662598,24.13072395324707,-1.3597630262374878,-0.45549169182777405,-1.535936808398011,-2.083921941041283,11,6.9188971519470215,1.0,0.5665093065304849,0,0,28.0,1.0,1.0,0.9498002889745354,0.860304057598114,1.3253800719976425,0.20954391360282898,0.4166666666666667,0.0,0.028961200267076492,1.0,0.0,0.0,0.9769602417945862,1.0,0.977112009117225,0.977112009117225,1.0,0.977112009117225,0.02288799088277507,0.045775981765550144,0.9313360273516748,210.75751179425072,0.00468350026209446,1.9666485053274618,-0.10741448802219894,421.67782581844904,0.25099855512732283,0.07815790176391602,1.0,heuristic_fallback
20260514_035650,232,1001,80.08,e2,Eval-Transferred-OSD+Fuzzy+OP-CBRS-e2,proxy,5.761602401733398,-1.1634355783462524,9.13707160949707,24.0725040435791,-1.4406092166900635,-0.47634273767471313,-1.5359373278237733,-2.0869140345429766,11,6.840732097625732,1.0,0.5884749587880309,0,0,28.0,1.0,1.0,0.9498002889745354,0.8613393306732178,1.3266741633415222,0.20799100399017334,0.4166666666666667,0.0,0.046410031616687775,1.0,0.0,0.0,0.9770298004150391,1.0,0.9772056387940519,0.9772056387940519,1.0,0.9772056387940519,0.022794361205948147,0.045588722411896265,0.9316169163821556,210.7479491691338,0.004683287759314084,1.9538207000840293,-0.08384324272406737,421.67782581844904,0.25099855512732283,0.07816505432128906,1.0,heuristic_fallback
20260514_035650,232,1002,80.16,e2,Eval-Transferred-OSD+Fuzzy+OP-CBRS-e2,proxy,5.764326572418213,-1.24155855178833,9.137907981872559,24.047271728515625,-1.4874775409698486,-0.4751691222190857,-1.5359377508926437,-2.08474725993661,11,6.76255989074707,1.0,0.5650990860741483,0,0,27.0,1.0,1.0,0.9498002889745354,0.8624163965384165,1.3280204956730206,0.20637540519237518,0.4166666666666667,0.0,0.02611951157450676,1.0,0.0,0.0,0.9771053194999695,1.0,0.9773030923476173,0.9773030923476173,1.0,0.9773030923476173,0.02269690765238267,0.045393815304765314,0.931909277042852,210.73966151494562,0.004683103589221014,1.9693078565819648,-0.1093916368155533,421.67782581844904,0.25099855512732283,0.07817220687866211,1.0,heuristic_fallback
20260514_035650,232,1003,80.24,e2,Eval-Transferred-OSD+Fuzzy+OP-CBRS-e2,proxy,5.7670512199401855,-1.3196889162063599,9.138689994812012,24.021156311035156,-1.5554492473602295,-0.4448666274547577,-1.535938089392089,-2.0872575146424555,11,6.684381008148193,1.0,0.59084923326681,0,0,27.0,1.0,1.0,0.9498002889745354,0.8635315100351969,1.329414387543996,0.2047027349472046,0.4166666666666667,0.0,0.04676898196339607,1.0,0.0,0.0,0.9771863222122192,1.0,0.9774040359474963,0.9774040359474963,1.0,0.9774040359474963,0.02259596405250369,0.045191928105007384,0.9322121078424889,210.73255755681066,0.004682945723484682,1.954099532164493,-0.08172143253475488,421.67782581844904,0.25099855512732283,0.07817888259887695,1.0,heuristic_fallback
20260514_035650,232,1004,80.32,e2,Eval-Transferred-OSD+Fuzzy+OP-CBRS-e2,proxy,5.769775867462158,-1.3978270292282104,9.139421463012695,23.93550682067871,-1.648559808731079,-0.48251330852508545,-1.5359383665235746,-2.07084960258284,11,6.606194019317627,1.0,0.5835721627545207,0,0,26.0,1.0,1.0,0.9498002889745354,0.8646820982297262,1.3308526227871578,0.20297685265541077,0.4166666666666667,0.0,0.057390984147787094,1.0,0.0,0.0,0.9772723913192749,1.0,0.977508241492878,0.977508241492878,1.0,0.977508241492878,0.02249175850712191,0.044983517014243794,0.9325247244786342,210.72655842773793,0.004682812409505287,1.9464206775748318,-0.08809189280650523,421.67782581844904,0.25099855512732283,0.0781869888305664,1.0,heuristic_fallback
20260514_035650,232,1005,80.4,e2,Eval-Transferred-OSD+Fuzzy+OP-CBRS-e2,proxy,5.772500991821289,-1.4759732484817505,9.140105247497559,23.908676147460938,-1.7013585567474365,-0.4640728831291199,-1.5359385860514978,-2.080834749498851,11,6.5279998779296875,1.0,0.5563256590039248,0,0,26.0,1.0,1.0,0.9498002889745354,0.8658675650755564,1.3323344563444455,0.20119865238666534,0.4166666666666667,0.0,0.02230190485715866,1.0,0.0,0.0,0.977363109588623,1.0,0.9776156597601249,0.9776156597601249,1.0,0.9776156597601249,0.022384340239875074,0.04476868047975016,0.9328469792803747,210.72158689960634,0.004682701931102364,1.9730338537542609,-0.1190016139576122,421.67782581844904,0.25099855512732283,0.07819414138793945,1.0,heuristic_fallback
20260514_035650,232,1006,80.48,e2,Eval-Transferred-OSD+Fuzzy+OP-CBRS-e2,proxy,5.77522611618042,-1.5541276931762695,9.140745162963867,23.890762329101562,-1.7837951183319092,-0.4505833387374878,-1.5359387655125594,-2.073912114595537,11,6.449796676635742,1.0,0.5793154417894574,0,0,25.0,1.0,1.0,0.9498002889745354,0.8670840660730997,1.3338550825913746,0.19937390089035034,0.4166666666666667,0.0,0.022676056250929832,1.0,0.0,0.0,0.9774581789970398,1.0,0.9777259469865318,0.9777259469865318,1.0,0.9777259469865318,0.02227405301346821,0.04454810602693642,0.9331778409595954,210.71757832615287,0.004682612851692286,1.9730573654583183,-0.0961413656624861,421.67782581844904,0.25099855512732283,0.07820320129394531,1.0,heuristic_fallback
20260514_035650,232,1007,80.56,e2,Eval-Transferred-OSD+Fuzzy+OP-CBRS-e2,proxy,5.777951717376709,-1.6322907209396362,9.14134407043457,23.82978630065918,-1.854361891746521,-0.4487108290195465,-1.535938903741882,-2.084203952547992,11,6.371585369110107,1.0,0.5855957192193065,0,0,24.0,1.0,1.0,0.9498002889745354,0.8683297435442606,1.3354121794303258,0.197505384683609,0.4166666666666667,0.0,0.03336019814014435,1.0,0.0,0.0,0.9775573015213013,1.0,0.977838939077712,0.977838939077712,1.0,0.977838939077712,0.02216106092228805,0.04432212184457606,0.933516817233136,210.71446740387955,0.004682543720086212,1.9653556784091977,-0.08895777294927885,421.67782581844904,0.25099855512732283,0.07821130752563477,1.0,heuristic_fallback
20260514_035650,232,1008,80.64,e2,Eval-Transferred-OSD+Fuzzy+OP-CBRS-e2,proxy,5.780677795410156,-1.7104625701904297,9.1419038772583,23.846845626831055,-1.910578727722168,-0.48017266392707825,-1.5359390141301967,-2.0861637419609154,11,6.293365478515625,1.0,0.5672670506801892,0,0,24.0,1.0,1.0,0.9498002889745354,0.8696033159891764,1.3370041449864705,0.19559502601623535,0.4166666666666667,0.0,0.013885661959648132,1.0,0.0,0.0,0.9776601791381836,1.0,0.9779545239954203,0.9779545239954203,1.0,0.9779545239954203,0.02204547600457982,0.04409095200915968,0.9338635719862606,210.71219246278633,0.004682493165839696,1.9802799736557988,-0.10940416769517577,421.67782581844904,0.25099855512732283,0.07821989059448242,1.0,heuristic_fallback
20260514_035650,232,1009,80.72,e2,Eval-Transferred-OSD+Fuzzy+OP-CBRS-e2,proxy,5.7834038734436035,-1.7886433601379395,9.142427444458008,23.746971130371094,-1.9774386882781982,-0.45444729924201965,-1.5359391076415922,-2.07388375438467,11,6.215136528015137,1.0,0.6145478513123311,0,0,23.0,1.0,1.0,0.9498002889745354,0.8709028462568918,1.3386285578211148,0.19364573061466217,0.4166666666666667,0.0,0.07009626924991608,1.0,0.0,0.0,0.9777664542198181,1.0,0.9780725299933408,0.9780725299933408,1.0,0.9780725299933408,0.0219274700066593,0.04385494001331864,0.9342175899800221,210.71069455206282,0.00468245987893473,1.9384469007550267,-0.05667755889080798,421.67782581844904,0.25099855512732283,0.07822895050048828,1.0,heuristic_fallback
20260514_035650,232,1010,80.8,e2,Eval-Transferred-OSD+Fuzzy+OP-CBRS-e2,proxy,5.786130428314209,-1.8668333292007446,9.14291763305664,23.74284553527832,-2.066758394241333,-0.46031129360198975,-1.5359391777467226,-2.099814980135518,11,6.136898517608643,1.0,0.5457841397346301,0,0,22.0,1.0,1.0,0.9498002889745354,0.872227132320404,1.340283915400505,0.19165930151939392,0.4166666666666667,0.0,0.016162708401679993,1.0,0.0,0.0,0.9778758883476257,1.0,0.9781928518325371,0.9781928518325371,1.0,0.9781928518325371,0.02180714816746299,0.04361429633492593,0.9345785554976112,210.70992240884254,0.004682442720196501,1.9792281429070817,-0.131012354689713,421.67782581844904,0.25099855512732283,0.07823801040649414,1.0,heuristic_fallback
20260514_035650,232,1011,80.88,e2,Eval-Transferred-OSD+Fuzzy+OP-CBRS-e2,proxy,5.788857460021973,-1.9450327157974243,9.143375396728516,23.648460388183594,-2.1325888633728027,-0.4842630922794342,-1.5359392340397426,-2.09325470171921,11,6.058651447296143,1.0,0.5937871939390502,0,0,22.0,1.0,1.0,0.9498002889745354,0.8735729455947876,1.3419661819934845,0.1896405816078186,0.4166666666666667,0.0,0.038651369512081146,1.0,0.0,0.0,0.9779883623123169,1.0,0.9783151998181375,0.9783151998181375,1.0,0.9783151998181375,0.021684800181862453,0.04336960036372492,0.9349455994544126,210.7098323360192,0.004682440718578204,1.9626981003928767,-0.08094031523172046,421.67782581844904,0.25099855512732283,0.0782470703125,1.0,heuristic_fallback
20260514_035650,232,1012,80.96,e2,Eval-Transferred-OSD+Fuzzy+OP-CBRS-e2,proxy,5.791584491729736,-2.0232417583465576,9.143803596496582,23.594812393188477,-2.1914122104644775,-0.4411607086658478,-1.5359392838907167,-2.096114263087876,11,5.980393886566162,1.0,0.5756416348029073,0,0,21.0,1.0,1.0,0.9498002889745354,0.87494096159935,1.3436762019991875,0.18758855760097504,0.4166666666666667,0.0,0.033041611313819885,1.0,0.0,0.0,0.9781036376953125,1.0,0.9784396388758504,0.9784396388758504,1.0,0.9784396388758504,0.02156036112414968,0.04312072224829933,0.9353189166275511,210.71038142871112,0.004682452920638024,1.9672474230427133,-0.09983610387554802,421.67782581844904,0.25099855512732283,0.07825756072998047,1.0,heuristic_fallback
20260514_035650,232,1013,81.04,e2,Eval-Transferred-OSD+Fuzzy+OP-CBRS-e2,proxy,5.794312000274658,-2.1014604568481445,9.144204139709473,23.63490867614746,-2.2536447048187256,-0.44728055596351624,-1.5359393172453395,-2.0744802187650087,11,5.902127742767334,1.0,0.5815922431813201,0,0,21.0,1.0,1.0,0.9498002889745354,0.8763286372025808,1.345410796503226,0.18550704419612885,0.4166666666666667,0.0,0.036581750959157944,1.0,0.0,0.0,0.9782214760780334,1.0,0.9785659410989705,0.9785659410989705,1.0,0.9785659410989705,0.021434058901029424,0.04286811780205889,0.9356978232969116,210.71152405247824,0.004682478312277295,1.9649392372095174,-0.09371316443716284,421.67782581844904,0.25099855512732283,0.07826614379882812,1.0,heuristic_fallback
20260514_035650,232,1014,81.12,e2,Eval-Transferred-OSD+Fuzzy+OP-CBRS-e2,proxy,5.797039985656738,-2.1796891689300537,9.14457893371582,23.597070693969727,-2.3076257705688477,-0.43393993377685547,-1.5359393424988237,-2.078474846853644,11,5.823850631713867,1.0,0.586265557784364,0,0,20.0,1.0,1.0,0.9498002889745354,0.8777353366216024,1.347169170777003,0.18339699506759644,0.4166666666666667,0.0,0.04801100492477417,1.0,0.0,0.0,0.978341817855835,1.0,0.9786940518416968,0.9786940518416968,1.0,0.9786940518416968,0.021305948158303237,0.042611896316606425,0.9360821555250903,210.7132280599053,0.0046825161791090066,1.9567189715900606,-0.08809243065265285,421.67782581844904,0.25099855512732283,0.0782771110534668,1.0,heuristic_fallback
20260514_035650,232,1015,81.2,e2,Eval-Transferred-OSD+Fuzzy+OP-CBRS-e2,proxy,5.799768447875977,-2.257927894592285,9.144929885864258,23.541645050048828,-2.398953914642334,-0.4629676938056946,-1.5359393649312343,-2.093875633840542,11,5.7455644607543945,1.0,0.5844337721351966,0,0,19.0,1.0,1.0,0.9498002889745354,0.8791584968566895,1.3489481210708618,0.18126225471496582,0.4166666666666667,0.0,0.05735141038894653,1.0,0.0,0.0,0.9784643054008484,1.0,0.978823740691155,0.978823740691155,1.0,0.978823740691155,0.021176259308844963,0.04235251861768994,0.936471222073465,210.71544414897755,0.004682565425532834,1.9500694575507032,-0.08917779130894099,421.67782581844904,0.25099855512732283,0.07828617095947266,1.0,heuristic_fallback
20260514_035650,232,1016,81.28,e2,Eval-Transferred-OSD+Fuzzy+OP-CBRS-e2,proxy,5.802496910095215,-2.336176872253418,9.145257949829102,23.519834518432617,-2.4385619163513184,-0.4772641956806183,-1.5359393900724292,-2.0936561820591835,11,5.667267799377441,1.0,0.5629443304845562,0,0,19.0,1.0,1.0,0.9498002889745354,0.8805981278419495,1.3507476598024368,0.1791028082370758,0.4166666666666667,0.0,0.03080902434885502,1.0,0.0,0.0,0.9785889387130737,1.0,0.9789550113846113,0.9789550113846113,1.0,0.9789550113846113,0.021044988615388623,0.04208997723077729,0.936865034153834,210.71814640302227,0.004682625475622718,1.9703361548270868,-0.11351788674951895,421.67782581844904,0.25099855512732283,0.07829666137695312,1.0,heuristic_fallback
20260514_035650,232,1017,81.36,e2,Eval-Transferred-OSD+Fuzzy+OP-CBRS-e2,proxy,5.805225849151611,-2.4144363403320312,9.145565032958984,23.44610023498535,-2.5137181282043457,-0.44241613149642944,-1.5359394049440764,-2.0827861937215024,11,5.58896017074585,1.0,0.5981211433771575,0,0,18.0,1.0,1.0,0.9498002889745354,0.8820536533991495,1.352567066748937,0.17691951990127563,0.4166666666666667,0.0,0.06023905426263809,1.0,0.0,0.0,0.9787155389785767,1.0,0.9790878142048081,0.9790878142048081,1.0,0.9790878142048081,0.020912185795191916,0.041824371590383845,0.9372634426144242,210.72130244570553,0.0046826956099045676,1.9486275137810496,-0.07559845969445265,421.67782581844904,0.25099855512732283,0.0783076286315918,1.0,heuristic_fallback
20260514_035650,232,1018,81.44,e2,Eval-Transferred-OSD+Fuzzy+OP-CBRS-e2,proxy,5.807955265045166,-2.492706060409546,9.145852088928223,23.417678833007812,-2.5934877395629883,-0.445475697517395,-1.5359394153005477,-2.0680536781986136,11,5.5106425285339355,1.0,0.5605318362455538,0,0,18.0,1.0,1.0,0.9498002889745354,0.8835231065750122,1.3544038832187653,0.1747153401374817,0.4166666666666667,0.0,0.029164651408791542,1.0,0.0,0.0,0.9788440465927124,1.0,0.9792219723231216,0.9792219723231216,1.0,0.9792219723231216,0.020778027676878485,0.04155605535375693,0.9376659169693646,210.7248864165199,0.004682775253700443,1.9723006792154,-0.11649222033063862,421.67782581844904,0.25099855512732283,0.07831764221191406,1.0,heuristic_fallback
20260514_035650,232,1019,81.52,e2,Eval-Transferred-OSD+Fuzzy+OP-CBRS-e2,proxy,5.810685157775879,-2.57098650932312,9.146120071411133,23.3753604888916,-2.682339668273926,-0.4539267122745514,-1.5359394259278525,-2.095004413918063,11,5.432314395904541,1.0,0.5790793763703642,0,0,18.0,1.0,1.0,0.9498002889745354,0.8850058813889822,1.3562573517362277,0.1724911779165268,0.4166666666666667,0.0,0.026263674721121788,1.0,0.0,0.0,0.9789741635322571,1.0,0.9793574328588722,0.9793574328588722,1.0,0.9793574328588722,0.020642567141127662,0.041285134282255366,0.9380722985766169,210.7288609649014,0.004682863576997809,1.9748471054346448,-0.0984355074433945,421.67782581844904,0.25099855512732283,0.07832813262939453,1.0,heuristic_fallback
20260514_035650,232,1020,81.6,e2,Eval-Transferred-OSD+Fuzzy+OP-CBRS-e2,proxy,5.813415050506592,-2.649277687072754,9.146370887756348,23.328168869018555,-2.692394971847534,-0.4447178840637207,-1.5359394408426792,-2.077793643094585,11,5.353975772857666,1.0,0.5771979912077478,0,0,17.0,1.0,1.0,0.9498002889745354,0.8865013420581818,1.3581266775727272,0.17024798691272736,0.4166666666666667,0.0,0.019536538049578667,1.0,0.0,0.0,0.9791058301925659,1.0,0.9794941400907647,0.9794941400907647,1.0,0.9794941400907647,0.0205058599092352,0.04101171981847041,0.9384824202722943,210.73320595495943,0.004682960132332431,1.9802663231056021,-0.10119160442748756,421.67782581844904,0.25099855512732283,0.078338623046875,1.0,heuristic_fallback
20260514_035650,232,1021,81.68,e2,Eval-Transferred-OSD+Fuzzy+OP-CBRS-e2,proxy,5.816145420074463,-2.7275795936584473,9.146605491638184,23.285449981689453,-2.7868611812591553,-0.45032739639282227,-1.5359394460075009,-2.088541697908669,11,5.275626182556152,1.0,0.6011123810613932,0,0,16.0,1.0,1.0,0.9498002889745354,0.888008842865626,1.3600110535820324,0.16798673570156097,0.4166666666666667,0.0,0.051475945860147476,1.0,0.0,0.0,0.9792391657829285,1.0,0.9796320372626958,0.9796320372626958,1.0,0.9796320372626958,0.020367962737304176,0.040735925474608324,0.9388961117880874,210.7379098699522,0.004683064663776716,1.9566886424495367,-0.07428886014672306,421.67782581844904,0.25099855512732283,0.07834959030151367,1.0,heuristic_fallback
20260514_035650,232,1022,81.76,e2,Eval-Transferred-OSD+Fuzzy+OP-CBRS-e2,proxy,5.818876266479492,-2.8058924674987793,9.146824836730957,23.240001678466797,-2.878453493118286,-0.4323577582836151,-1.5359394466355145,-2.097616856863783,11,5.197265625,1.0,0.5640717353848682,0,0,16.0,1.0,1.0,0.9498002889745354,0.8895271122455597,1.3619088903069496,0.16570933163166046,0.4166666666666667,0.0,0.0243043452501297,1.0,0.0,0.0,0.9793738126754761,1.0,0.9797710101819348,0.9797710101819348,1.0,0.9797710101819348,0.020228989818065285,0.04045797963613055,0.9393130305458043,210.74293369424458,0.004683176304316546,1.9774469102520333,-0.11425332909543649,421.67782581844904,0.25099855512732283,0.07836055755615234,1.0,heuristic_fallback
20260514_035650,232,1023,81.84,e2,Eval-Transferred-OSD+Fuzzy+OP-CBRS-e2,proxy,5.82160758972168,-2.88421630859375,9.147029876708984,23.232515335083008,-2.955319881439209,-0.4469728469848633,-1.535939447067451,-2.090449620832936,11,5.118894100189209,1.0,0.5798431448530346,0,0,16.0,1.0,1.0,0.9498002889745354,0.8910555342833201,1.36381941785415,0.16341669857501984,0.4166666666666667,0.0,0.020900504663586617,1.0,0.0,0.0,0.9795098900794983,1.0,0.9799110044430908,0.9799110044430908,1.0,0.9799110044430908,0.02008899555690913,0.04017799111381823,0.9397330133292725,210.74826986414166,0.004683294885869815,1.9803818962013808,-0.09902998216289388,421.67782581844904,0.25099855512732283,0.07837152481079102,1.0,heuristic_fallback
20260514_035650,232,1024,81.92,e2,Eval-Transferred-OSD+Fuzzy+OP-CBRS-e2,proxy,5.824339389801025,-2.9625513553619385,9.147221565246582,23.179445266723633,-3.021749973297119,-0.43258029222488403,-1.535939450951766,-2.0858451142287366,11,5.040511608123779,1.0,0.5883305449480504,0,0,16.0,1.0,1.0,0.9498002889745354,0.8925941189130148,1.3657426486412685,0.1611088216304779,0.4166666666666667,0.0,0.031061837449669838,1.0,0.0,0.0,0.979647159576416,1.0,0.9800520228894114,0.9800520228894114,1.0,0.9800520228894114,0.0199479771105887,0.039895954221177414,0.940156068668234,210.75388944167207,0.00468341976537049,1.973145542769242,-0.08973514352543256,421.67782581844904,0.25099855512732283,0.07838249206542969,1.0,heuristic_fallback
20260514_035650,232,1025,82.0,e2,Eval-Transferred-OSD+Fuzzy+OP-CBRS-e2,proxy,5.827071189880371,-3.0408976078033447,9.147400856018066,23.14946174621582,-3.063302993774414,-0.46545830368995667,-1.5359394613902306,-2.084948738211993,11,4.962117671966553,1.0,0.5787644575925589,0,0,16.0,1.0,1.0,0.9498002889745354,0.8941415846347809,1.367676980793476,0.15878762304782867,0.4166666666666667,0.0,0.025932539254426956,1.0,0.0,0.0,0.9797855615615845,1.0,0.9801939498981164,0.9801939498981164,1.0,0.9801939498981164,0.019806050101883542,0.039612100203767084,0.9405818496943493,210.75977537667904,0.004683550563926201,1.9773793828461157,-0.10002612773160932,421.67782581844904,0.25099855512732283,0.07839393615722656,1.0,heuristic_fallback
20260514_035650,232,1026,82.08,e2,Eval-Transferred-OSD+Fuzzy+OP-CBRS-e2,proxy,5.829803466796875,-3.1192550659179688,9.147568702697754,23.096267700195312,-3.172729969024658,-0.4520968794822693,-1.5359394615761075,-2.0850570624328704,11,4.883711814880371,1.0,0.5867643754900036,0,0,15.0,1.0,1.0,0.9498002889745354,0.8956972857316335,1.369621607164542,0.15645407140254974,0.4166666666666667,0.0,0.03338233381509781,1.0,0.0,0.0,0.9799250364303589,1.0,0.9803367279160168,0.9803367279160168,1.0,0.9803367279160168,0.01966327208398341,0.03932654416796683,0.9410101837480499,210.7659110655809,0.004683686912568465,1.9721809621998256,-0.09149640513255818,421.67782581844904,0.25099855512732283,0.07840585708618164,1.0,heuristic_fallback
20260514_035650,232,1027,82.16,e2,Eval-Transferred-OSD+Fuzzy+OP-CBRS-e2,proxy,5.832536220550537,-3.1976237297058105,9.147726058959961,23.065597534179688,-3.1768994331359863,-0.46169212460517883,-1.5359394563747106,-2.076964874415629,11,4.805295944213867,1.0,0.5759243048588126,0,0,15.0,1.0,1.0,0.9498002889745354,0.8972612222035726,1.3715765277544658,0.1541081666946411,0.4166666666666667,0.0,0.023018743842840195,1.0,0.0,0.0,0.9800655841827393,1.0,0.9804803585644737,0.9804803585644737,1.0,0.9804803585644737,0.019519641435526362,0.03903928287105268,0.941441075693421,210.7722839391081,0.00468382853198018,1.9803446387970036,-0.1035792963097801,421.67782581844904,0.25099855512732283,0.0784158706665039,1.0,heuristic_fallback
20260514_035650,232,1028,82.24,e2,Eval-Transferred-OSD+Fuzzy+OP-CBRS-e2,proxy,5.835269451141357,-3.276003837585449,9.147872924804688,23.016340255737305,-3.276554584503174,-0.44269412755966187,-1.5359394505153128,-2.0810264796245597,11,4.72686767578125,1.0,0.5973327474491341,0,0,15.0,1.0,1.0,0.9498002889745354,0.8988321522871653,1.3735401903589566,0.15175177156925201,0.4166666666666667,0.0,0.04699083790183067,1.0,0.0,0.0,0.980207085609436,1.0,0.9806247293174851,0.9806247293174851,1.0,0.9806247293174851,0.019375270682514746,0.038750541365029464,0.9418741879524557,210.77887415099076,0.0046839749811331275,1.962758300773659,-0.07999272615248534,421.67782581844904,0.25099855512732283,0.07842826843261719,1.0,heuristic_fallback
20260514_035650,232,1029,82.32,e2,Eval-Transferred-OSD+Fuzzy+OP-CBRS-e2,proxy,5.838003158569336,-3.3543953895568848,9.14801025390625,22.9840145111084,-3.335561990737915,-0.46427252888679504,-1.5359394472940004,-2.085880050437186,11,4.648428440093994,1.0,0.5635951282133527,0,0,15.0,1.0,1.0,0.9498002889745354,0.9004106322924296,1.375513290365537,0.1493840515613556,0.4166666666666667,0.0,0.016082143411040306,1.0,0.0,0.0,0.9803495407104492,1.0,0.9807698927630033,0.9807698927630033,1.0,0.9807698927630033,0.019230107236996606,0.03846021447399319,0.9423096782890101,210.7856735443056,0.004684126078762347,1.986334441643068,-0.11703389911106554,421.67782581844904,0.25099855512732283,0.07843923568725586,1.0,heuristic_fallback
20260514_035650,232,1030,82.4,e2,Eval-Transferred-OSD+Fuzzy+OP-CBRS-e2,proxy,5.840737342834473,-3.4327986240386963,9.148138999938965,22.953187942504883,-3.4216856956481934,-0.4273799657821655,-1.5359394495211447,-2.091415930086205,11,4.569977760314941,1.0,0.5903409231524859,0,0,14.0,1.0,1.0,0.9498002889745354,0.9019955297311147,1.3774944121638935,0.14700670540332794,0.4166666666666667,0.0,0.027136191725730896,1.0,0.0,0.0,0.9804928302764893,1.0,0.9809157461697151,0.9809157461697151,1.0,0.9809157461697151,0.019084253830284875,0.03816850766056975,0.9427472385091453,210.79266517835094,0.004684281448407799,1.9784401297667211,-0.08939840954331608,421.67782581844904,0.25099855512732283,0.07845067977905273,1.0,heuristic_fallback
20260514_035650,232,1031,82.48,e2,Eval-Transferred-OSD+Fuzzy+OP-CBRS-e2,proxy,5.843471527099609,-3.5112133026123047,9.148259162902832,22.915027618408203,-3.498497486114502,-0.46192875504493713,-1.535939459627656,-2.075090340203833,11,4.491515636444092,1.0,0.5860976690934008,0,0,14.0,1.0,1.0,0.9498002889745354,0.9035860896110535,1.3794826120138168,0.1446208655834198,0.4166666666666667,0.0,0.03197740763425827,1.0,0.0,0.0,0.9806369543075562,1.0,0.9810622213043849,0.9810622213043849,1.0,0.9810622213043849,0.018937778695615085,0.03787555739123017,0.9431866639131548,210.79983872862476,0.0046844408606361064,1.9752068578053104,-0.09337381845852676,421.67782581844904,0.25099855512732283,0.07846212387084961,1.0,heuristic_fallback
20260514_035650,232,1032,82.56,e2,Eval-Transferred-OSD+Fuzzy+OP-CBRS-e2,proxy,5.846206188201904,-3.589639663696289,9.148371696472168,22.872119903564453,-3.5388498306274414,-0.45810770988464355,-1.5359394582307253,-2.0763615620084925,11,4.413041114807129,1.0,0.5783499282518076,0,0,14.0,1.0,1.0,0.9498002889745354,0.9051830073197683,1.3814787591497104,0.1422254890203476,0.4166666666666667,0.0,0.02391289360821247,1.0,0.0,0.0,0.9807817935943604,1.0,0.9812093834532116,0.9812093834532116,1.0,0.9812093834532116,0.01879061654678829,0.03758123309357656,0.9436281503596351,210.8071799062909,0.004684603997917576,1.9816544727520233,-0.10214969130416236,421.67782581844904,0.25099855512732283,0.07847452163696289,1.0,heuristic_fallback
20260514_035650,232,1033,82.64,e2,Eval-Transferred-OSD+Fuzzy+OP-CBRS-e2,proxy,5.848941326141357,-3.6680777072906494,9.148476600646973,22.846986770629883,-3.629361391067505,-0.4494453966617584,-1.535939450698361,-2.0876833527837735,11,4.334555625915527,1.0,0.5865604014391118,0,0,14.0,1.0,1.0,0.9498002889745354,0.9067850013573965,1.3834812516967456,0.13982249796390533,0.4166666666666667,0.0,0.02851197123527527,1.0,0.0,0.0,0.9809274673461914,1.0,0.9813571157193037,0.9813571157193037,1.0,0.9813571157193037,0.018642884280696187,0.037285768561392325,0.9440713471579114,210.81468762576696,0.004684770836128155,1.9786056630411333,-0.09369434603110818,421.67782581844904,0.25099855512732283,0.07848548889160156,1.0,heuristic_fallback
20260514_035650,232,1034,82.72,e2,Eval-Transferred-OSD+Fuzzy+OP-CBRS-e2,proxy,5.851676940917969,-3.746527671813965,9.148574829101562,22.821643829345703,-3.6845815181732178,-0.439302533864975,-1.5359394415154857,-2.086801017282594,11,4.2560577392578125,1.0,0.5847476845205447,0,0,14.0,1.0,1.0,0.9498002889745354,0.9083926975727081,1.3854908719658852,0.1374109536409378,0.4166666666666667,0.0,0.030228637158870697,1.0,0.0,0.0,0.981073796749115,1.0,0.9815054769586936,0.9815054769586936,1.0,0.9815054769586936,0.018494523041306495,0.03698904608261294,0.9445164308760806,210.8223450083443,0.0046849410001854296,1.9777200876522647,-0.09555815480941329,421.67782581844904,0.25099855512732283,0.07849788665771484,1.0,heuristic_fallback
20260514_035650,232,1035,82.8,e2,Eval-Transferred-OSD+Fuzzy+OP-CBRS-e2,proxy,5.854413032531738,-3.8249893188476562,9.148667335510254,22.729480743408203,-3.7464075088500977,-0.45676180720329285,-1.5359394329389837,-2.096630989747666,11,4.177548408508301,1.0,0.593875900124512,0,0,14.0,1.0,1.0,0.9498002889745354,0.9100048542022705,1.3875060677528381,0.13499271869659424,0.4166666666666667,0.0,0.0470128133893013,1.0,0.0,0.0,0.9812207818031311,1.0,0.98165435366692,0.98165435366692,1.0,0.98165435366692,0.018345646333079977,0.036691292666159905,0.9449630610007601,210.83014424584155,0.004685114316574257,1.9655349946368323,-0.08496995770434358,421.67782581844904,0.25099855512732283,0.07850933074951172,1.0,heuristic_fallback
20260514_035650,232,1036,82.88,e2,Eval-Transferred-OSD+Fuzzy+OP-CBRS-e2,proxy,5.857149600982666,-3.9034628868103027,9.14875316619873,22.72518539428711,-3.81889271736145,-0.45656538009643555,-1.535939428451689,-2.086448969278241,11,4.099027156829834,1.0,0.5687298725475454,0,0,13.0,1.0,1.0,0.9498002889745354,0.9116208056608835,1.3895260070761044,0.13256879150867462,0.4166666666666667,0.0,0.022671887651085854,1.0,0.0,0.0,0.9813684225082397,1.0,0.9818036852877904,0.9818036852877904,1.0,0.9818036852877904,0.018196314712209723,0.03639262942441945,0.9454110558633709,210.8380761031408,0.004685290580069796,1.984194676805147,-0.11277127764576828,421.67782581844904,0.25099855512732283,0.0785212516784668,1.0,heuristic_fallback
20260514_035650,232,1037,82.96,e2,Eval-Transferred-OSD+Fuzzy+OP-CBRS-e2,proxy,5.859886646270752,-3.9819483757019043,9.148834228515625,22.685380935668945,-3.9140594005584717,-0.4467995762825012,-1.535939430266175,-2.087788855952683,11,4.020493984222412,1.0,0.5886959417670485,0,0,13.0,1.0,1.0,0.9498002889745354,0.9132412175337473,1.3915515219171841,0.13013817369937897,0.4166666666666667,0.0,0.02936423569917679,1.0,0.0,0.0,0.9815165996551514,1.0,0.9819535342407772,0.9819535342407772,1.0,0.9819535342407772,0.018046465759222773,0.03609293151844559,0.9458606027223316,210.8461310904113,0.0046854695797869175,1.9795805187372948,-0.09235761945351795,421.67782581844904,0.25099855512732283,0.07853317260742188,1.0,heuristic_fallback
20260514_035650,232,1038,83.04,e2,Eval-Transferred-OSD+Fuzzy+OP-CBRS-e2,proxy,5.862624168395996,-4.060445785522461,9.148909568786621,22.62619972229004,-3.979024887084961,-0.44259512424468994,-1.5359394403379962,-2.0861708387930293,11,3.941948890686035,1.0,0.5826483675414461,0,0,13.0,1.0,1.0,0.9498002889745354,0.9148660004138947,1.3935825005173683,0.12770099937915802,0.4166666666666667,0.0,0.026269935071468353,1.0,0.0,0.0,0.981665313243866,1.0,0.9821038932301374,0.9821038932301374,1.0,0.9821038932301374,0.017896106769862537,0.035792213539725094,0.9463116796904123,210.85429971888436,0.004685651104864097,1.982307439928113,-0.09893670667468135,421.67782581844904,0.25099855512732283,0.07854509353637695,1.0,heuristic_fallback
20260514_035650,232,1039,83.12,e2,Eval-Transferred-OSD+Fuzzy+OP-CBRS-e2,proxy,5.86536169052124,-4.138955116271973,9.148980140686035,22.609546661376953,-4.028301239013672,-0.45172119140625,-1.5359394604301952,-2.099027322233065,11,3.863391637802124,1.0,0.5765074830964124,0,0,13.0,1.0,1.0,0.9498002889745354,0.9164940019448599,1.3956175024310749,0.12525899708271027,0.4166666666666667,0.0,0.011985535733401775,1.0,0.0,0.0,0.9818146228790283,1.0,0.9822546564704344,0.9822546564704344,1.0,0.9822546564704344,0.01774534352956558,0.03549068705913111,0.9467639694113033,210.86258356047801,0.004685835190232844,1.9934277398144045,-0.10672962794428907,421.67782581844904,0.25099855512732283,0.07855725288391113,1.0,heuristic_fallback
20260514_035650,232,1040,83.2,e2,Eval-Transferred-OSD+Fuzzy+OP-CBRS-e2,proxy,5.868099689483643,-4.2174763679504395,9.149045944213867,22.548782348632812,-4.112534999847412,-0.4587905704975128,-1.5359394679901066,-2.084704085536075,11,3.784822702407837,1.0,0.5951289898175238,0,0,12.0,1.0,1.0,0.9498002889745354,0.918125793337822,1.3976572416722775,0.12281130999326706,0.4166666666666667,0.0,0.027217816561460495,1.0,0.0,0.0,0.9819643497467041,1.0,0.9824058776606063,0.9824058776606063,1.0,0.9824058776606063,0.01759412233939383,0.03518824467878764,0.9472176329818186,210.87096586462758,0.004686021463658391,1.9824114770416008,-0.08680648483154786,421.67782581844904,0.25099855512732283,0.07856893539428711,1.0,heuristic_fallback
20260514_035650,232,1041,83.28,e2,Eval-Transferred-OSD+Fuzzy+OP-CBRS-e2,proxy,5.870838165283203,-4.2960100173950195,9.149107933044434,22.521352767944336,-4.1441144943237305,-0.434824138879776,-1.5359394682816876,-2.0681342958472833,11,3.7062413692474365,1.0,0.5749131643317146,0,0,12.0,1.0,1.0,0.9498002889745354,0.9197608083486557,1.3997010104358196,0.12035878747701645,0.4166666666666667,0.0,0.009580845013260841,1.0,0.0,0.0,0.9821146130561829,1.0,0.982557505130439,0.982557505130439,1.0,0.982557505130439,0.0174424948695609,0.03488498973912182,0.9476725153913172,210.87945048804352,0.004686210010845412,1.996047959455459,-0.1090114978038269,421.67782581844904,0.25099855512732283,0.07858133316040039,1.0,heuristic_fallback
20260514_035650,232,1042,83.36,e2,Eval-Transferred-OSD+Fuzzy+OP-CBRS-e2,proxy,5.873577117919922,-4.374555587768555,9.149165153503418,22.492721557617188,-4.277532577514648,-0.4432181119918823,-1.5359394648368556,-2.0840260879131987,11,3.627648115158081,1.0,0.6040321522328107,0,0,12.0,1.0,1.0,0.9498002889745354,0.9213989228010178,1.4017486535012722,0.11790161579847336,0.4166666666666667,0.0,0.03851160407066345,1.0,0.0,0.0,0.9822653532028198,1.0,0.982709528103626,0.982709528103626,1.0,0.982709528103626,0.0172904718963739,0.03458094379274784,0.9481285843108782,210.88802720423018,0.004686400604538448,1.9747594187754975,-0.07722285008700205,421.67782581844904,0.25099855512732283,0.07859325408935547,1.0,heuristic_fallback
20260514_035650,232,1043,83.44,e2,Eval-Transferred-OSD+Fuzzy+OP-CBRS-e2,proxy,5.876316547393799,-4.453113079071045,9.149219512939453,22.431358337402344,-4.318997859954834,-0.4396604895591736,-1.5359394615300257,-2.084541539233889,11,3.5490429401397705,1.0,0.586724519557877,0,0,12.0,1.0,1.0,0.9498002889745354,0.9230402857065201,1.40380035713315,0.11543957144021988,0.4166666666666667,0.0,0.041582223027944565,1.0,0.0,0.0,0.9824163913726807,1.0,0.9828619611536904,0.9828619611536904,1.0,0.9828619611536904,0.01713803884630957,0.03427607769261917,0.9485858834610712,210.89668458400592,0.004686592990755687,1.9728667952839123,-0.09444716180153334,421.67782581844904,0.25099855512732283,0.07860517501831055,1.0,heuristic_fallback
20260514_035650,232,1044,83.52,e2,Eval-Transferred-OSD+Fuzzy+OP-CBRS-e2,proxy,5.879056453704834,-4.531682968139648,9.149270057678223,22.42527198791504,-4.377531051635742,-0.45567238330841064,-1.535939461684965,-2.091677710511282,11,3.4704253673553467,1.0,0.568165414258838,0,0,12.0,1.0,1.0,0.9498002889745354,0.9246835112571716,1.4058543890714645,0.11297473311424255,0.4166666666666667,0.0,0.012745163403451443,1.0,0.0,0.0,0.9825679659843445,1.0,0.9830146762051721,0.9830146762051721,1.0,0.9830146762051721,0.016985323794827804,0.03397064758965565,0.9490440286155165,210.90542932443816,0.004686787318320848,1.994905396389945,-0.11611628444865311,421.67782581844904,0.25099855512732283,0.07861757278442383,1.0,heuristic_fallback
20260514_035650,232,1045,83.6,e2,Eval-Transferred-OSD+Fuzzy+OP-CBRS-e2,proxy,5.881796836853027,-4.610264778137207,9.149316787719727,22.370351791381836,-4.456821441650391,-0.4379686415195465,-1.5359394672631803,-2.0881148756022774,11,3.3917956352233887,1.0,0.6002005890499137,0,0,11.0,1.0,1.0,0.9498002889745354,0.9263298859198889,1.407912357399861,0.11050517112016678,0.4166666666666667,0.0,0.03473331406712532,1.0,0.0,0.0,0.9827200174331665,1.0,0.9831677934338732,0.9831677934338732,1.0,0.9831677934338732,0.016832206566126887,0.033664413132253726,0.9495033803016194,210.9142562988677,0.004686983473308172,1.978825877057869,-0.08210772879515268,421.67782581844904,0.25099855512732283,0.07862973213195801,1.0,heuristic_fallback
20260514_035650,232,1046,83.68,e2,Eval-Transferred-OSD+Fuzzy+OP-CBRS-e2,proxy,5.884537696838379,-4.688858985900879,9.149360656738281,22.34735107421875,-4.520542144775391,-0.4563086926937103,-1.5359394809856348,-2.0848261113550546,11,3.3131535053253174,1.0,0.5789374706574266,0,0,11.0,1.0,1.0,0.9498002889745354,0.9279788235823313,1.409973529477914,0.10803176462650299,0.4166666666666667,0.0,0.023114314302802086,1.0,0.0,0.0,0.9828723669052124,1.0,0.9833212590182834,0.9833212590182834,1.0,0.9833212590182834,0.01667874098171655,0.03335748196343308,0.9499637770548502,210.92315335112335,0.004687181185580519,1.9879523612967218,-0.10475962976088277,421.67782581844904,0.25099855512732283,0.07864212989807129,1.0,heuristic_fallback
20260514_035650,232,1047,83.76,e2,Eval-Transferred-OSD+Fuzzy+OP-CBRS-e2,proxy,5.8872785568237305,-4.767465591430664,9.149401664733887,22.319438934326172,-4.571740627288818,-0.4153335690498352,-1.5359395043264228,-2.0878590183326726,11,3.234499216079712,1.0,0.5933931082772081,0,0,10.0,1.0,1.0,0.9498002889745354,0.9296302795410156,1.4120378494262695,0.10555458068847656,0.4166666666666667,0.0,0.03427658975124359,1.0,0.0,0.0,0.9830250144004822,1.0,0.9834750694255076,0.9834750694255076,1.0,0.9834750694255076,0.016524930574492464,0.03304986114898489,0.9504252082765227,210.93211579710453,0.004687380351046767,1.979993518700062,-0.08941370692979642,421.67782581844904,0.25099855512732283,0.07865428924560547,1.0,heuristic_fallback
20260514_035650,232,1048,83.84,e2,Eval-Transferred-OSD+Fuzzy+OP-CBRS-e2,proxy,5.89001989364624,-4.846084117889404,9.14944076538086,22.248414993286133,-4.6565680503845215,-0.43960484862327576,-1.5359395098176007,-2.076782723148505,11,3.1558327674865723,1.0,0.6009518968877063,0,0,10.0,1.0,1.0,0.9498002889745354,0.9312836776177088,1.414104597022136,0.10307448357343674,0.4166666666666667,0.0,0.058758966624736786,1.0,0.0,0.0,0.9831781387329102,1.0,0.9836291715596841,0.9836291715596841,1.0,0.9836291715596841,0.01637082844031585,0.03274165688063167,0.9508875146790524,210.9411518010602,0.004687581151134671,1.9620450855641152,-0.07963281717728915,421.67782581844904,0.25099855512732283,0.07866644859313965,1.0,heuristic_fallback
20260514_035650,232,1049,83.92,e2,Eval-Transferred-OSD+Fuzzy+OP-CBRS-e2,proxy,5.892761707305908,-4.924715042114258,9.149477005004883,22.2078857421875,-4.684220314025879,-0.43369799852371216,-1.5359395040910737,-2.0916490240879786,11,3.0771541595458984,1.0,0.560535185395344,0,0,10.0,1.0,1.0,0.9498002889745354,0.932938332358996,1.416172915448745,0.10059250146150589,0.4166666666666667,0.0,0.016529040411114693,1.0,0.0,0.0,0.983331561088562,1.0,0.9837835019761075,0.9837835019761075,1.0,0.9837835019761075,0.016216498023892436,0.03243299604778487,0.9513505059283227,210.95024399230942,0.004687783199829099,1.9941311939096535,-0.12449878350281324,421.67782581844904,0.25099855512732283,0.07867860794067383,1.0,heuristic_fallback
20260514_035650,232,1050,84.0,e2,Eval-Transferred-OSD+Fuzzy+OP-CBRS-e2,proxy,5.8954339027404785,-5.001339435577393,9.149510383605957,22.164411544799805,-4.824491500854492,-0.4505663216114044,-1.535939491660619,-2.072117616081313,11,3.000483274459839,1.0,0.7078798820488706,0,0,9.0,0.8,1.0,0.9498002889745354,0.9345955202976862,1.4182444003721077,0.09810671955347061,0.3916666666666667,0.0,0.044104646891355515,1.0,0.0,0.0,0.9834852814674377,1.0,0.9096612448396361,0.9096612448396361,1.0,0.9096612448396361,0.09033875516036381,0.18067751032072762,0.7289837345189084,210.95939242049292,0.004687986498233176,1.8338637860341456,0.059963607928557705,421.67782581844904,0.25099855512732283,0.07667088508605957,1.0,heuristic_fallback
20260514_035650,232,1051,84.08,e2,Eval-Transferred-OSD+Fuzzy+OP-CBRS-e2,proxy,5.898059844970703,-5.076642036437988,9.149541854858398,22.118871688842773,-4.875216960906982,-0.46160998940467834,-1.5359394963839315,-2.089720474071125,11,2.9251348972320557,1.0,0.5475213993741957,0,0,9.0,0.8,1.0,0.9498002889745354,0.9362118740876516,1.4202648426095645,0.09568218886852264,0.3916666666666667,0.0,0.03450268134474754,1.0,0.0,0.0,0.9583851099014282,1.0,0.9097704347577493,0.9097704347577493,1.0,0.9097704347577493,0.0902295652422507,0.18045913048450138,0.7293113042732479,209.39918101233025,0.0046533151336073395,1.8414693486415927,-0.09671758118889531,421.67782581844904,0.25099855512732283,0.0753483772277832,1.0,heuristic_fallback
20260514_035650,232,1052,84.16,e2,Eval-Transferred-OSD+Fuzzy+OP-CBRS-e2,proxy,5.900655269622803,-5.15107536315918,9.149571418762207,22.1036376953125,-4.8915934562683105,-0.44438374042510986,-1.5359395048783535,-2.07280087346961,11,2.850656270980835,1.0,0.5443312160650963,0,0,9.0,0.8,1.0,0.9498002889745354,0.9378007650375366,1.4222509562969208,0.09329885244369507,0.3916666666666667,0.0,0.022594112902879715,1.0,0.0,0.0,0.9418561458587646,1.0,0.9098778351240756,0.9098778351240756,1.0,0.9098778351240756,0.09012216487592437,0.1802443297518488,0.7296335053722268,208.39363387244703,0.004630969641609934,1.850797997710465,-0.09865708536017541,421.67782581844904,0.25099855512732283,0.0744786262512207,1.0,heuristic_fallback
20260514_035650,232,1053,84.24,e2,Eval-Transferred-OSD+Fuzzy+OP-CBRS-e2,proxy,5.903231143951416,-5.224937915802002,9.149599075317383,22.075735092163086,-4.98305606842041,-0.4498520493507385,-1.5359395025516294,-2.0771387742564014,11,2.7767488956451416,1.0,0.558486926343382,0,0,9.0,0.8,1.0,0.9498002889745354,0.9393724054098129,1.4242155067622662,0.09094139188528061,0.3916666666666667,0.0,0.03469162806868553,1.0,0.0,0.0,0.9309835433959961,1.0,0.9099841335368464,0.9099841335368464,1.0,0.9099841335368464,0.09001586646315365,0.1800317329263073,0.729952400610539,207.74160007262253,0.004616480001613834,1.8421177714291797,-0.08229095569015711,421.67782581844904,0.25099855512732283,0.07390737533569336,1.0,heuristic_fallback
20260514_035650,232,1054,84.32,e2,Eval-Transferred-OSD+Fuzzy+OP-CBRS-e2,proxy,5.905738830566406,-5.296853542327881,9.149624824523926,22.0553035736084,-5.024912357330322,-0.4549713134765625,-1.5359395159453093,-2.070373907425673,11,2.704789400100708,1.0,0.6504019752003468,0,0,8.0,0.6,1.0,0.9498002889745354,0.9409332126379013,1.4261665157973766,0.08860018104314804,0.3666666666666667,0.0,0.026454010978341103,1.0,0.0,0.0,0.9238438010215759,1.0,0.8522116725179392,0.8522116725179392,1.0,0.8522116725179392,0.14778832748206097,0.2955766549641219,0.5566350175538173,207.31742261048032,0.004607053835788451,1.70868618605396,0.04113471664859738,421.67782581844904,0.25099855512732283,0.0719594955444336,1.0,heuristic_fallback
20260514_035650,232,1055,84.4,e2,Eval-Transferred-OSD+Fuzzy+OP-CBRS-e2,proxy,5.908201694488525,-5.367486000061035,9.149648666381836,21.979032516479492,-5.116006851196289,-0.43326103687286377,-1.5359395213152867,-2.0877895371743125,11,2.6341140270233154,1.0,0.5334684103010803,0,0,8.0,0.6,1.0,0.9498002889745354,0.9424538264671961,1.428067283083995,0.08631926029920578,0.3666666666666667,0.0,0.047449029982089996,1.0,0.0,0.0,0.8994889259338379,1.0,0.8522882443788191,0.8522882443788191,1.0,0.8522882443788191,0.1477117556211808,0.2954235112423616,0.5568647331364576,205.8960218063512,0.004575467151252249,1.693320075258472,-0.06914690125410919,421.67782581844904,0.25099855512732283,0.07067537307739258,1.0,heuristic_fallback
20260514_035650,232,1056,84.48,e2,Eval-Transferred-OSD+Fuzzy+OP-CBRS-e2,proxy,5.910635471343994,-5.4372735023498535,9.14967155456543,21.9470272064209,-5.158634185791016,-0.4359987676143646,-1.535939514183729,-2.072342274431769,11,2.564284086227417,1.0,0.49946557012573045,0,0,8.0,0.6,1.0,0.9498002889745354,0.9439482688903809,1.429935336112976,0.08407759666442871,0.3666666666666667,0.0,0.01841481402516365,1.0,0.0,0.0,0.8834407329559326,1.0,0.8523635368793405,0.8523635368793405,1.0,0.8523635368793405,0.14763646312065948,0.295272926241319,0.5570906106380216,204.98006226342295,0.004555112494742732,1.715469347831963,-0.10361811982840066,421.67782581844904,0.25099855512732283,0.06982994079589844,1.0,heuristic_fallback
20260514_035650,232,1057,84.56,e2,Eval-Transferred-OSD+Fuzzy+OP-CBRS-e2,proxy,5.913005828857422,-5.505245685577393,9.14969253540039,21.946331024169922,-5.2281341552734375,-0.42610037326812744,-1.5359395251983525,-2.086481917790793,11,2.4962706565856934,1.0,0.6248291326994636,0,0,7.0,0.4,1.0,0.9498002889745354,0.9454254607359568,1.431781825919946,0.08186180889606476,0.34166666666666673,0.0,0.01838870905339718,1.0,0.0,0.0,0.8728744983673096,1.0,0.8060939606506445,0.8060939606506445,1.0,0.8060939606506445,0.1939060393493555,0.387812078698711,0.4182818819519336,204.3858887919505,0.004541908639821121,1.5758582245221822,0.053417015979205576,421.67782581844904,0.25099855512732283,0.06801342964172363,1.0,heuristic_fallback
20260514_035650,232,1058,84.64,e2,Eval-Transferred-OSD+Fuzzy+OP-CBRS-e2,proxy,5.915334224700928,-5.572021484375,9.149712562561035,21.93593406677246,-5.272769927978516,-0.46901261806488037,-1.53593954250181,-2.0855735999100866,11,2.4294543266296387,1.0,0.504442430927935,0,0,7.0,0.4,1.0,0.9498002889745354,0.9468643367290497,1.433580420911312,0.07970349490642548,0.34166666666666673,0.0,0.04269079118967056,1.0,0.0,0.0,0.8501691818237305,1.0,0.8061490623360001,0.8061490623360001,1.0,0.8061490623360001,0.19385093766399988,0.38770187532799977,0.4184471870080004,203.1336696795479,0.004514081548434398,1.5579913819182503,-0.06031804488462452,421.67782581844904,0.25099855512732283,0.06681632995605469,1.0,heuristic_fallback
20260514_035650,232,1059,84.72,e2,Eval-Transferred-OSD+Fuzzy+OP-CBRS-e2,proxy,5.917635440826416,-5.6380085945129395,9.149730682373047,21.896453857421875,-5.32575798034668,-0.4941655695438385,-1.5359395457585125,-2.0747663428412055,11,2.363426923751831,1.0,0.49771563492481286,0,0,7.0,0.4,1.0,0.9498002889745354,0.9482790132363638,1.4353487665454547,0.0775814801454544,0.34166666666666673,0.0,0.0623394176363945,1.0,0.0,0.0,0.8352023959159851,1.0,0.8062032609376968,0.8062032609376968,1.0,0.8062032609376968,0.1937967390623032,0.3875934781246064,0.4186097828130903,202.32619417641865,0.004496137648364859,1.5436085812100357,-0.06282855216319352,421.67782581844904,0.25099855512732283,0.06602740287780762,1.0,heuristic_fallback
20260514_035650,232,1060,84.8,e2,Eval-Transferred-OSD+Fuzzy+OP-CBRS-e2,proxy,5.922556400299072,-5.702352523803711,9.149747848510742,21.813154220581055,-5.378365993499756,-0.43412280082702637,-1.5359395638563862,-2.094206509915575,11,2.298952341079712,1.0,0.5965600993760398,0,0,6.0,0.2,1.0,0.9498002889745354,0.9496777007977167,1.437097125997146,0.07548344880342484,0.3166666666666667,0.0,0.06970299780368805,1.0,0.0,0.0,0.8253427147865295,1.0,0.768315566632594,0.768315566632594,1.0,0.768315566632594,0.23168443336740607,0.46336886673481215,0.30494669989778195,201.8020079282743,0.004484489065072762,1.3984355679749039,0.06714998396462471,421.67782581844904,0.25099855512732283,0.06447458267211914,1.0,heuristic_fallback
20260514_035650,232,1061,84.88,e2,Eval-Transferred-OSD+Fuzzy+OP-CBRS-e2,proxy,5.92915153503418,-5.7656145095825195,9.149764060974121,21.82813835144043,-5.469126224517822,-0.42603909969329834,-1.5361676907202013,-2.0632955588364186,11,2.235508441925049,1.0,0.4318431615677896,0,0,6.0,0.2,1.0,0.9498002889745354,0.9508724212646484,1.4385905265808105,0.07369136810302734,0.3166666666666667,0.0,0.028896920382976532,1.0,0.0,0.0,0.8066472411155701,1.0,0.7683509006449647,0.7683509006449647,1.0,0.7683509006449647,0.23164909935503517,0.46329819871007033,0.3050527019348944,200.82541110116665,0.004462786913359259,1.4293388061571703,-0.09812559229096447,421.67782581844904,0.25099855512732283,0.06344389915466309,1.0,heuristic_fallback
20260514_035650,232,1062,84.96,e2,Eval-Transferred-OSD+Fuzzy+OP-CBRS-e2,proxy,5.936771392822266,-5.828166484832764,9.149779319763184,21.817495346069336,-5.536800384521484,-0.44627031683921814,-1.5367421669698806,-2.0867588000543797,11,2.1727535724639893,1.0,0.46874977443032817,0,0,6.0,0.2,1.0,0.9498002889745354,0.9517914106448492,1.4397392633060615,0.07231288403272629,0.3166666666666667,0.0,0.04712846875190735,1.0,0.0,0.0,0.7950615286827087,1.0,0.768378087861608,0.768378087861608,1.0,0.768378087861608,0.23162191213839198,0.46324382427678396,0.30513426358482404,200.23135437976282,0.0044495856528836185,1.4158948922255223,-0.05749725593695956,421.67782581844904,0.25099855512732283,0.06275486946105957,1.0,heuristic_fallback
20260514_035650,232,1063,85.04,e2,Eval-Transferred-OSD+Fuzzy+OP-CBRS-e2,proxy,5.9449663162231445,-5.890255451202393,9.14979362487793,21.764638900756836,-5.594971179962158,-0.41672369837760925,-1.537712243962436,-2.0727489978845797,11,2.110462188720703,1.0,0.4625152031715634,0,0,6.0,0.2,1.0,0.9498002889745354,0.9523388048013052,1.4404235060016315,0.0714917927980423,0.3166666666666667,0.0,0.05849846825003624,1.0,0.0,0.0,0.7876813411712646,1.0,0.7683942851735637,0.7683942851735637,1.0,0.7683942851735637,0.23160571482643627,0.46321142965287254,0.3051828555206912,199.8573440354976,0.004441274311899946,1.4075042411410397,-0.06175112078460182,421.67782581844904,0.25099855512732283,0.06229138374328613,1.0,heuristic_fallback
20260514_035650,232,1064,85.12,e2,Eval-Transferred-OSD+Fuzzy+OP-CBRS-e2,proxy,5.9534010887146,-5.9511847496032715,9.14980697631836,21.796628952026367,-5.5887274742126465,-0.480785608291626,-1.5390851307409854,-2.086520388417421,11,2.049345016479492,1.0,0.5577718172733731,0,0,5.0,0.0,1.0,0.9498002889745354,0.9524544725815455,1.4405680907269318,0.07131829112768173,0.2916666666666667,0.0,0.048091012984514236,1.0,0.0,0.0,0.7828403115272522,1.0,0.7367748260006124,0.7367748260006124,1.0,0.7367748260006124,0.2632251739993876,0.5264503479987752,0.21032447800183712,199.61384322048082,0.0044358631826773515,1.2753387495352413,0.06115623025295122,421.67782581844904,0.25099855512732283,0.06111717224121094,1.0,heuristic_fallback
20260514_035650,232,1065,85.2,e2,Eval-Transferred-OSD+Fuzzy+OP-CBRS-e2,proxy,5.961864948272705,-6.011355400085449,9.149819374084473,21.734745025634766,-5.6904616355896,-0.4390934407711029,-1.5408434067495056,-2.093075371031099,12,1.989010214805603,1.0,83.46335820703158,1,0,5.0,0.0,1.0,0.9498002889745354,0.9521117955446243,1.4401397444307804,0.07183230668306351,0.2916666666666667,0.0,0.09871124476194382,1.0,0.0,0.0,0.7688778042793274,1.0,0.7367669133975184,0.7367669133975184,1.0,0.7367669133975184,0.2632330866024815,0.526466173204963,0.21030074019255537,198.9203416033389,0.0044204520356297535,1.2372879064429387,-0.025669917895555467,421.67782581844904,0.25099855512732283,0.06033480167388916,1.0,heuristic_fallback
