run_id,episode,sim_env_id,policy_name,slam_mode,Psucc_episode,tau_i_sec,Dinc_episode,Aloc_episode,Econ_Wh_episode,Etime_sec_episode,coverage_C,mu_cvg_final,waypoints_reached,pre_drift_alerts,mean_speed_mps,mean_mu_T,mean_mu_L,mean_mu_W,mean_mu_A,reward_sum,op_cbrs_lib_hits,op_cbrs_lib_misses,op_cbrs_lib_misses_no_lib,op_cbrs_lib_hit_ratio,terminated,truncated
20260516_234115,2,e1,Uniform-Speed-OffPolicy-Tasks,proxy,1,304.8,7,0.9766404199475066,15.42978907153026,304.8,0.5,0.39375000000000004,16,74,0.2515591172760553,0.5540333239595048,1.0,0.287621250357213,0.9152711432989796,1398.330730182515,0,0,3810,0.0,1,0
20260516_234115,4,e1,Uniform-Speed-OffPolicy-Tasks,proxy,1,304.8,5,0.9748031496062992,15.42978907153026,304.8,0.5,0.39375000000000004,16,88,0.2515591172760553,0.5540333239595048,1.0,0.2809907049063235,0.9152711432989796,1399.9419208118652,0,0,3810,0.0,1,0
20260516_234115,6,e1,Uniform-Speed-OffPolicy-Tasks,proxy,1,304.8,4,0.9779527559055118,15.42978907153026,304.8,0.5,0.39375000000000004,16,61,0.2515591172760553,0.5540333239595048,1.0,0.8469561543929627,0.9152711432989796,1379.8911632467657,0,0,3810,0.0,1,0
20260516_234115,8,e1,Uniform-Speed-OffPolicy-Tasks,proxy,1,304.8,5,0.958005249343832,15.42978907153026,304.8,0.5,0.39375000000000004,16,84,0.2515591172760553,0.5540333239595048,1.0,0.5259970243492352,0.9152711432989796,1389.91485284362,0,0,3810,0.0,1,0
20260516_234115,10,e1,Uniform-Speed-OffPolicy-Tasks,proxy,1,304.8,4,0.9721784776902888,15.42978907153026,304.8,0.5,0.39375000000000004,16,103,0.2515591172760553,0.5540333239595048,1.0,0.805165808738482,0.9152711432989796,1380.7558087792484,0,0,3810,0.0,1,0
20260516_234115,12,e1,Uniform-Speed-OffPolicy-Tasks,proxy,1,304.8,2,0.9766404199475066,15.42978907153026,304.8,0.5,0.39375000000000004,16,79,0.2515591172760553,0.5540333239595048,1.0,0.6613220291719693,0.9152711432989796,1387.2171429443838,0,0,3810,0.0,1,0
20260516_234115,14,e1,Uniform-Speed-OffPolicy-Tasks,proxy,1,304.8,8,0.9674540682414698,15.42978907153026,304.8,0.5,0.39375000000000004,16,106,0.2515591172760553,0.5540333239595048,1.0,0.5099550503720788,0.9152711432989796,1389.3420442798413,0,0,3810,0.0,1,0
20260516_234115,16,e1,Uniform-Speed-OffPolicy-Tasks,proxy,1,304.8,5,0.968241469816273,15.42978907153026,304.8,0.5,0.39375000000000004,16,90,0.2515591172760553,0.5540333239595048,1.0,0.36511964575112804,0.9152711432989796,1396.2281759253237,0,0,3810,0.0,1,0
20260516_234115,18,e1,Uniform-Speed-OffPolicy-Tasks,proxy,1,304.8,8,0.974015748031496,15.42978907153026,304.8,0.5,0.39375000000000004,16,87,0.2515591172760553,0.5540333239595048,1.0,0.8191204951337153,0.9152711432989796,1379.1689718210364,0,0,3810,0.0,1,0
20260516_234115,20,e1,Uniform-Speed-OffPolicy-Tasks,proxy,1,304.8,2,0.9850393700787402,15.42978907153026,304.8,0.5,0.39375000000000004,16,100,0.2515591172760553,0.5540333239595048,1.0,0.5091663516050654,0.9152711432989796,1393.2226674388637,0,0,3810,0.0,1,0
20260516_234115,22,e1,Uniform-Speed-OffPolicy-Tasks,proxy,1,304.8,1,0.9805774278215224,15.42978907153026,304.8,0.5,0.39375000000000004,16,63,0.2515591172760553,0.5540333239595048,1.0,0.5264235205318619,0.9152711432989796,1392.9023383587992,0,0,3810,0.0,1,0
20260516_234115,24,e1,Uniform-Speed-OffPolicy-Tasks,proxy,1,304.8,5,0.9664041994750656,15.42978888102645,304.8,0.5,0.39375000000000004,16,81,0.25155897328234095,0.5540333239595048,1.0,0.1679418692321745,0.9152706894001384,1403.3496375311986,0,0,3810,0.0,1,0
20260516_234115,26,e1,Uniform-Speed-OffPolicy-Tasks,proxy,1,153.28,3,0.9895615866388309,8.022018155585304,153.28,0.5,0.39375000000000004,16,45,0.49915050422006707,0.5496216075156575,1.0,0.7914985705531269,0.9192652829959848,1063.5685661167283,0,0,1916,0.0,1,0
20260516_234115,28,e1,Uniform-Speed-OffPolicy-Tasks,proxy,1,153.28,4,0.9780793319415448,8.022018155585304,153.28,0.5,0.39375000000000004,16,42,0.49915050422006707,0.5496216075156575,1.0,0.44078296480305296,0.9192652829959848,1069.3228978738475,0,0,1916,0.0,1,0
20260516_234115,30,e1,Uniform-Speed-OffPolicy-Tasks,proxy,1,153.28,2,0.9832985386221295,8.022018155585304,153.28,0.5,0.39375000000000004,16,48,0.49915050422006707,0.5496216075156575,1.0,0.5844147999748913,0.9192652829959848,1067.6521343716345,0,0,1916,0.0,1,0
20260516_234115,32,e1,Uniform-Speed-OffPolicy-Tasks,proxy,1,153.28,4,0.9796450939457203,8.022018155585304,153.28,0.5,0.39375000000000004,16,55,0.49915050422006707,0.5496216075156575,1.0,0.5642714771252095,0.9192652829959848,1067.1974316855656,0,0,1916,0.0,1,0
20260516_234115,34,e1,Uniform-Speed-OffPolicy-Tasks,proxy,1,153.28,3,0.9806889352818372,8.022018155585304,153.28,0.5,0.39375000000000004,16,54,0.49915050422006707,0.5496216075156575,1.0,0.6813000877768899,0.9192652829959848,1065.3420076365053,0,0,1916,0.0,1,0
20260516_234115,36,e1,Uniform-Speed-OffPolicy-Tasks,proxy,1,153.28,0,0.9879958246346555,8.022018155585304,153.28,0.5,0.39375000000000004,16,38,0.49915050422006707,0.5496216075156575,1.0,0.47884635371829215,0.9192652829959848,1070.6276920450916,0,0,1916,0.0,1,0
20260516_234115,38,e1,Uniform-Speed-OffPolicy-Tasks,proxy,1,153.28,1,0.9916492693110647,8.022018155585304,153.28,0.5,0.39375000000000004,16,37,0.49915050422006707,0.5496216075156575,1.0,0.7452695081381702,0.9192652829959848,1065.344948718935,0,0,1916,0.0,1,0
20260516_234115,40,e1,Uniform-Speed-OffPolicy-Tasks,proxy,1,153.28,3,0.9806889352818372,8.022018155585304,153.28,0.5,0.39375000000000004,16,35,0.49915050422006707,0.5496216075156575,1.0,0.4221891876792032,0.9192652829959848,1070.0913414701915,0,0,1916,0.0,1,0
20260516_234115,42,e1,Uniform-Speed-OffPolicy-Tasks,proxy,1,153.28,1,0.9822546972860126,8.022018155585304,153.28,0.5,0.39375000000000004,16,29,0.49915050422006707,0.5496216075156575,1.0,0.5294382663895479,0.9192652829959848,1069.0228093636156,0,0,1916,0.0,1,0
20260516_234115,44,e1,Uniform-Speed-OffPolicy-Tasks,proxy,1,153.28,4,0.9733820459290188,8.022018155585304,153.28,0.5,0.39375000000000004,16,57,0.49915050422006707,0.5496216075156575,1.0,0.13833540110977252,0.9192652829959848,1074.6949877659522,0,0,1916,0.0,1,0
20260516_234115,46,e1,Uniform-Speed-OffPolicy-Tasks,proxy,1,153.28,3,0.9932150313152401,8.022018155585304,153.28,0.5,0.39375000000000004,16,40,0.49915050422006707,0.5496216075156575,1.0,0.7711926836045637,0.9192652829959848,1064.4092447663188,0,0,1916,0.0,1,0
20260516_234115,48,e1,Uniform-Speed-OffPolicy-Tasks,proxy,1,153.28,1,0.9686847599164927,8.022018155585304,153.28,0.5,0.39375000000000004,16,45,0.49915050422006707,0.5496216075156575,1.0,0.7091004068933481,0.9192652829959848,1065.2691452357444,0,0,1916,0.0,1,0
20260516_234115,50,e1,Uniform-Speed-OffPolicy-Tasks,proxy,1,104.4,4,0.9908045977011494,5.737758782118389,104.4,0.5,0.39375000000000004,16,23,0.731977426012357,0.5430685550082103,1.0,0.822638749985801,0.926955607643536,958.2885284143027,0,0,1305,0.0,1,0
20260516_234115,52,e1,Uniform-Speed-OffPolicy-Tasks,proxy,1,104.4,1,0.9954022988505747,5.737758782118389,104.4,0.5,0.39375000000000004,16,25,0.731977426012357,0.5430685550082103,1.0,0.7759874441277644,0.926955607643536,959.8932457897556,0,0,1305,0.0,1,0
20260516_234115,54,e1,Uniform-Speed-OffPolicy-Tasks,proxy,1,104.56,1,0.9854628921193573,5.746167350158079,104.56,0.5,0.39375000000000004,16,21,0.7317412612017732,0.5440041261340037,1.0,0.8123274710257059,0.9244110918417018,959.9076954558201,0,0,1307,0.0,1,0
20260516_234115,56,e1,Uniform-Speed-OffPolicy-Tasks,proxy,1,104.4,2,0.978544061302682,5.737758782118389,104.4,0.4856662603417369,0.37762454288445396,16,22,0.731977426012357,0.5430685550082103,0.8088834712231412,0.33389994064378825,0.926955607643536,969.0422824048642,0,0,1305,0.0,1,0
20260516_234115,58,e1,Uniform-Speed-OffPolicy-Tasks,proxy,1,104.4,1,0.9831417624521073,5.737758782118389,104.4,0.5,0.39375000000000004,16,7,0.731977426012357,0.5430685550082103,1.0,0.9461583383754072,0.926955607643536,957.6920596079389,0,0,1305,0.0,1,0
20260516_234115,60,e1,Uniform-Speed-OffPolicy-Tasks,proxy,1,104.4,2,0.9823754789272031,5.737758782118389,104.4,0.5,0.39375000000000004,16,43,0.731977426012357,0.5430685550082103,1.0,0.7713033386091811,0.926955607643536,959.2691312664923,0,0,1305,0.0,1,0
20260516_234115,62,e1,Uniform-Speed-OffPolicy-Tasks,proxy,1,104.4,4,0.9908045977011494,5.737758782118389,104.4,0.5,0.39375000000000004,16,31,0.731977426012357,0.5430685550082103,1.0,0.8348256419104784,0.926955607643536,957.830720521716,0,0,1305,0.0,1,0
20260516_234115,64,e1,Uniform-Speed-OffPolicy-Tasks,proxy,1,104.4,1,0.98544061302682,5.737758782118389,104.4,0.48500000000000004,0.376875,16,40,0.731977426012357,0.5430685550082103,0.7999999999999808,0.7698664184429145,0.926955607643536,964.5441170281453,0,0,1305,0.0,1,0
20260516_234115,66,e1,Uniform-Speed-OffPolicy-Tasks,proxy,1,104.4,2,0.9831417624521073,5.737758782118389,104.4,0.5,0.39375000000000004,16,30,0.731977426012357,0.5430685550082103,1.0,0.5937338894696894,0.926955607643536,961.1976457574023,0,0,1305,0.0,1,0
20260516_234115,68,e1,Uniform-Speed-OffPolicy-Tasks,proxy,1,104.4,2,0.9816091954022989,5.737758782118389,104.4,0.5,0.39375000000000004,16,12,0.731977426012357,0.5430685550082103,1.0,0.3851310476098772,0.926955607643536,963.8846063944615,0,0,1305,0.0,1,0
20260516_234115,70,e1,Uniform-Speed-OffPolicy-Tasks,proxy,1,104.4,1,0.9448275862068966,5.737758782118389,104.4,0.5,0.39375000000000004,16,39,0.731977426012357,0.5430685550082103,1.0,0.6100181467640685,0.926955607643536,960.7884217097933,0,0,1305,0.0,1,0
20260516_234115,72,e1,Uniform-Speed-OffPolicy-Tasks,proxy,1,104.4,0,0.98544061302682,5.737758782118389,104.4,0.5,0.39375000000000004,16,40,0.731977426012357,0.5430685550082103,1.0,0.6549912483121444,0.926955607643536,961.5266117420852,0,0,1305,0.0,1,0
20260516_234115,74,e1,Uniform-Speed-OffPolicy-Tasks,proxy,1,79.92,2,0.983983983983984,4.6716073629001444,79.92,0.5,0.39375000000000004,16,15,0.957120416042683,0.536670599170599,1.0,0.555527196926492,0.934204654372444,906.0899602178807,0,0,999,0.0,1,0
20260516_234115,76,e1,Uniform-Speed-OffPolicy-Tasks,proxy,1,79.92,2,0.968968968968969,4.6716073629001444,79.92,0.5,0.39375000000000004,16,48,0.957120416042683,0.536670599170599,1.0,0.1679388151577832,0.934204654372444,908.8929650866787,0,0,999,0.0,1,0
20260516_234115,78,e1,Uniform-Speed-OffPolicy-Tasks,proxy,1,79.92,0,0.983983983983984,4.6716073629001444,79.92,0.5,0.39375000000000004,16,35,0.957120416042683,0.536670599170599,1.0,0.5933053327600059,0.934204654372444,906.5996806139664,0,0,999,0.0,1,0
20260516_234115,80,e1,Uniform-Speed-OffPolicy-Tasks,proxy,1,79.92,1,0.991991991991992,4.6716073629001444,79.92,0.5,0.39375000000000004,16,19,0.957120416042683,0.536670599170599,1.0,0.6645775029153005,0.934204654372444,905.5321579911988,0,0,999,0.0,1,0
20260516_234115,82,e1,Uniform-Speed-OffPolicy-Tasks,proxy,1,79.92,2,0.9719719719719719,4.6716073629001444,79.92,0.5,0.39375000000000004,16,40,0.957120416042683,0.536670599170599,1.0,0.7048986630660485,0.934204654372444,904.5133827742819,0,0,999,0.0,1,0
20260516_234115,84,e1,Uniform-Speed-OffPolicy-Tasks,proxy,1,79.92,1,0.984984984984985,4.6716073629001444,79.92,0.5,0.39375000000000004,16,12,0.957120416042683,0.536670599170599,1.0,0.5922523491088897,0.934204654372444,906.0967154365061,0,0,999,0.0,1,0
20260516_234115,86,e1,Uniform-Speed-OffPolicy-Tasks,proxy,1,79.92,2,0.9219219219219219,4.6716073629001444,79.92,0.5,0.39375000000000004,16,18,0.957120416042683,0.536670599170599,1.0,0.11574029995326225,0.934204654372444,909.0449765786834,0,0,999,0.0,1,0
20260516_234115,88,e1,Uniform-Speed-OffPolicy-Tasks,proxy,1,79.92,5,0.9569569569569569,4.6716073629001444,79.92,0.5,0.39375000000000004,16,41,0.957120416042683,0.536670599170599,1.0,0.491742738557605,0.934204654372444,905.1787768757027,0,0,999,0.0,1,0
20260516_234115,90,e1,Uniform-Speed-OffPolicy-Tasks,proxy,1,79.84,1,0.9869739478957916,4.667942969842668,79.84,0.5,0.39375000000000004,16,18,0.9579676437473488,0.5375706770684224,1.0,0.4856734554885513,0.9340468208569472,907.0355966644373,0,0,998,0.0,1,0
20260516_234115,92,e1,Uniform-Speed-OffPolicy-Tasks,proxy,1,79.92,2,0.987987987987988,4.6716073629001444,79.92,0.5,0.39375000000000004,16,31,0.957120416042683,0.536670599170599,1.0,0.9636823956529103,0.934204654372444,902.7641409422431,0,0,999,0.0,1,0
20260516_234115,94,e1,Uniform-Speed-OffPolicy-Tasks,proxy,1,79.92,3,0.974974974974975,4.6716073629001444,79.92,0.5,0.39375000000000004,16,34,0.957120416042683,0.536670599170599,1.0,0.5604619742749323,0.934204654372444,905.6121661898261,0,0,999,0.0,1,0
20260516_234115,96,e1,Uniform-Speed-OffPolicy-Tasks,proxy,1,79.92,3,0.9679679679679679,4.6716073629001444,79.92,0.5,0.39375000000000004,16,25,0.957120416042683,0.536670599170599,1.0,0.1735609905586578,0.934204654372444,908.7334083066264,0,0,999,0.0,1,0
20260517_001713,2,e1,PPO+Fuzzy+OP-CBRS-w/o-OSD-Source-e1,proxy,1,126.32000000000001,0,0.9841671944268524,6.75616786006748,126.32000000000001,0.5,0.39375000000000004,16,34,0.6048619083923354,0.5452654256762872,1.0,0.28762125035719166,0.9250997560022475,1013.2505626533103,0,1579,0,0.0,1,0
20260517_001713,3,e1,PPO+Fuzzy+OP-CBRS-w/o-OSD-Source-e1,proxy,1,123.60000000000001,1,0.9870550161812298,6.6309107949839,123.60000000000001,0.5,0.39375000000000004,16,27,0.6181582134132633,0.5495070503929729,1.0,0.5328146301150148,0.9250314048635079,1004.1904830124563,0,1545,0,0.0,1,0
20260517_001713,4,e1,PPO+Fuzzy+OP-CBRS-w/o-OSD-Source-e1,proxy,1,119.44,2,0.9825853985264568,6.437212410245334,119.44,0.5,0.39375000000000004,16,61,0.6401351959271792,0.542533609223998,1.0,0.7890815108306896,0.9244241856185568,990.1389670834437,0,1493,0,0.0,1,0
20260517_001713,5,e1,PPO+Fuzzy+OP-CBRS-w/o-OSD-Source-e1,proxy,1,114.08,2,0.97054698457223,6.188797360409345,114.08,0.5,0.39375000000000004,16,39,0.6699339636871892,0.5419955920657185,1.0,0.3214517948249532,0.9251218472478779,983.7637089799358,0,1426,0,0.0,1,0
20260517_001713,6,e1,PPO+Fuzzy+OP-CBRS-w/o-OSD-Source-e1,proxy,1,115.92,2,0.9848171152518979,6.283791122837395,115.92,0.5,0.39375000000000004,16,45,0.6645609175360886,0.552617568766637,1.0,0.4145384482515425,0.9104701008396802,988.6237448262857,0,1449,0,0.0,1,0
20260517_001713,7,e1,PPO+Fuzzy+OP-CBRS-w/o-OSD-Source-e1,proxy,1,110.0,4,0.9658181818181818,6.002492205838007,110.0,0.5,0.39375000000000004,16,36,0.6948832471912557,0.5461344155844159,1.0,0.41364048078758325,0.9249807453304534,973.4512779323765,0,1375,0,0.0,1,0
20260517_001713,8,e1,PPO+Fuzzy+OP-CBRS-w/o-OSD-Source-e1,proxy,1,108.96000000000001,4,0.9493392070484582,5.954978269607779,108.96000000000001,0.5,0.39375000000000004,16,49,0.701653928461754,0.542836165303126,1.0,0.2774884740964628,0.927000826750977,972.4161995053581,0,1362,0,0.0,1,0
20260517_001713,9,e1,PPO+Fuzzy+OP-CBRS-w/o-OSD-Source-e1,proxy,1,107.52,4,0.9739583333333334,5.889262946386482,107.52,0.5,0.39375000000000004,16,40,0.7108285907168119,0.5430106026785716,1.0,0.4577202988168552,0.9264994421164213,967.9171814500588,0,1344,0,0.0,1,0
20260517_001713,10,e1,PPO+Fuzzy+OP-CBRS-w/o-OSD-Source-e1,proxy,1,105.2,2,0.9749049429657795,5.782097466097856,105.2,0.5,0.39375000000000004,16,32,0.7264204441821167,0.5443373166757199,1.0,0.17602948571926083,0.9279483650443932,967.1175591363727,0,1315,0,0.0,1,0
20260517_001713,11,e1,PPO+Fuzzy+OP-CBRS-w/o-OSD-Source-e1,proxy,1,103.28,1,0.9860573199070488,5.695945953155039,103.28,0.4941013827206348,0.38711405556071415,16,12,0.7398343910365766,0.5395360739183358,0.9213517696084637,0.5850826421529949,0.9285207051409741,959.2954017773678,0,1291,0,0.0,1,0
20260517_001713,12,e1,PPO+Fuzzy+OP-CBRS-w/o-OSD-Source-e1,proxy,1,106.24000000000001,4,0.9698795180722891,5.83034162702205,106.24000000000001,0.5,0.39375000000000004,16,56,0.7191324959318321,0.5405127205249572,1.0,0.5589079136414371,0.9273986932283915,962.9958951864857,0,1328,0,0.0,1,0
20260517_001713,13,e1,PPO+Fuzzy+OP-CBRS-w/o-OSD-Source-e1,proxy,1,102.56,2,0.9859594383775351,5.664188611474248,102.56,0.5,0.39375000000000004,16,55,0.7454608254332252,0.5412518107867175,1.0,0.29451782637734925,0.9282027850156632,959.5899443794634,0,1282,0,0.0,1,0
20260517_001713,14,e1,PPO+Fuzzy+OP-CBRS-w/o-OSD-Source-e1,proxy,1,100.88,0,0.9817605075337034,5.587354651577581,100.88,0.5,0.39375000000000004,16,49,0.7577521078979846,0.5403145179562707,1.0,0.4348310446691914,0.9288700535898848,954.5132154637936,0,1261,0,0.0,1,0
20260517_001713,15,e1,PPO+Fuzzy+OP-CBRS-w/o-OSD-Source-e1,proxy,1,99.84,0,0.9479166666666666,5.540845062922318,99.84,0.5,0.39375000000000004,16,49,0.765388268356522,0.5446371336996338,1.0,0.0,0.9296080885741319,957.0023296998976,0,1248,0,0.0,1,0
20260517_001713,16,e1,PPO+Fuzzy+OP-CBRS-w/o-OSD-Source-e1,proxy,1,103.2,2,0.9914728682170543,5.69155496896878,103.2,0.5,0.39375000000000004,16,27,0.7388001924337343,0.5466777408637875,1.0,0.4896911296014646,0.9131684140092886,954.3963675024988,0,1290,0,0.0,1,0
20260517_001713,17,e1,PPO+Fuzzy+OP-CBRS-w/o-OSD-Source-e1,proxy,1,100.72,1,0.9872915011914217,5.579776536808766,100.72,0.5,0.39375000000000004,16,33,0.7578186593281077,0.5488844604561444,1.0,0.48324230523872147,0.9286136465138624,954.0997486463853,0,1259,0,0.0,1,0
20260517_001713,18,e1,PPO+Fuzzy+OP-CBRS-w/o-OSD-Source-e1,proxy,1,98.56,1,0.9829545454545454,5.483660836782391,98.56,0.5,0.39375000000000004,16,12,0.7758712712070578,0.5426252319109464,1.0,0.1590948838588899,0.9287249442025881,952.2236870935843,0,1232,0,0.0,1,0
20260517_001713,19,e1,PPO+Fuzzy+OP-CBRS-w/o-OSD-Source-e1,proxy,1,96.24000000000001,5,0.9817123857024106,5.378856784839661,96.24000000000001,0.5,0.39375000000000004,16,35,0.7938144281692339,0.546884277401734,1.0,0.6324676139734037,0.9296476069725417,941.5065789531125,0,1203,0,0.0,1,0
20260517_001713,20,e1,PPO+Fuzzy+OP-CBRS-w/o-OSD-Source-e1,proxy,1,94.72,1,0.9898648648648649,5.311781717021089,94.72,0.5,0.39375000000000004,16,34,0.8065134137617173,0.5432206201737453,1.0,0.8992575796348772,0.9305120263780811,936.3589482178855,0,1184,0,0.0,1,0
20260517_001713,21,e1,PPO+Fuzzy+OP-CBRS-w/o-OSD-Source-e1,proxy,1,94.8,2,0.9864978902953586,5.315996795191172,94.8,0.5,0.39375000000000004,16,59,0.8057890073156558,0.542029083785413,1.0,0.6023595103528954,0.929620093091178,938.9351872084561,0,1185,0,0.0,1,0
20260517_001713,22,e1,PPO+Fuzzy+OP-CBRS-w/o-OSD-Source-e1,proxy,1,93.84,3,0.989769820971867,5.272130610279546,93.84,0.5,0.39375000000000004,16,22,0.8140878758670322,0.5367053343076362,1.0,0.5666840953336201,0.93066040375626,936.4214019145195,0,1173,0,0.0,1,0
20260517_001713,23,e1,PPO+Fuzzy+OP-CBRS-w/o-OSD-Source-e1,proxy,1,93.84,2,0.9735720375106565,5.277236671581303,93.84,0.5,0.39375000000000004,16,24,0.8176679653889688,0.5486451102180003,1.0,0.8377617449208177,0.9196381957904585,934.3683377249639,0,1173,0,0.0,1,0
20260517_001713,24,e1,PPO+Fuzzy+OP-CBRS-w/o-OSD-Source-e1,proxy,1,92.0,2,0.9773913043478261,5.190544167795451,92.0,0.492010965592138,0.38476233629115525,16,50,0.8305199456733207,0.5430427018633541,0.8934795412285211,0.3756083395349621,0.9292006224607103,937.0540439269396,0,1150,0,0.0,1,0
20260517_001713,25,e1,PPO+Fuzzy+OP-CBRS-w/o-OSD-Source-e1,proxy,1,90.08,0,0.9769094138543517,5.107853424600714,90.08,0.5,0.39375000000000004,16,16,0.8490356340554426,0.5439601306774933,1.0,0.609177861564117,0.9292510766633183,929.4824029424772,0,1126,0,0.0,1,0
20260517_001713,26,e1,PPO+Fuzzy+OP-CBRS-w/o-OSD-Source-e1,proxy,1,90.64,2,0.9867608120035305,5.131375771027385,90.64,0.5,0.39375000000000004,16,22,0.843011708040734,0.5386206026982728,1.0,0.6019584670794579,0.9309673154479748,929.3418937818348,0,1133,0,0.0,1,0
20260517_001713,27,e1,PPO+Fuzzy+OP-CBRS-w/o-OSD-Source-e1,proxy,1,87.52,2,0.9524680073126143,4.995271876587673,87.52,0.5,0.39375000000000004,16,31,0.8729823815076181,0.5401026704100289,1.0,0.6480545198185147,0.9317588018567567,921.9984219213605,0,1094,0,0.0,1,0
20260517_001713,28,e1,PPO+Fuzzy+OP-CBRS-w/o-OSD-Source-e1,proxy,1,87.04,1,0.9420955882352942,4.975774469436994,87.04,0.5,0.39375000000000004,16,34,0.8786202213891289,0.5391847754726888,1.0,0.34037890488809686,0.9323907137896804,924.249564363486,0,1088,0,0.0,1,0
20260517_001713,29,e1,PPO+Fuzzy+OP-CBRS-w/o-OSD-Source-e1,proxy,1,86.24,1,0.9814471243042672,4.940117778750667,86.24,0.5,0.39375000000000004,16,30,0.8861855529870748,0.5383473032069971,1.0,0.26274088029860193,0.9322505806625724,923.3511936815688,0,1078,0,0.0,1,0
20260517_001713,30,e1,PPO+Fuzzy+OP-CBRS-w/o-OSD-Source-e1,proxy,1,86.96000000000001,3,0.9770009199632015,4.971526849410495,86.96000000000001,0.5,0.39375000000000004,16,45,0.87899864759046,0.538286075699829,1.0,0.3229249637150451,0.9322042083192772,923.7350610952608,0,1087,0,0.0,1,0
20260517_001713,31,e1,PPO+Fuzzy+OP-CBRS-w/o-OSD-Source-e1,proxy,1,87.76,2,0.9808568824065633,5.005665533316018,87.76,0.5,0.39375000000000004,16,28,0.870828236029598,0.543303164474541,1.0,0.7093723976121582,0.9311639514307577,922.3102435278461,0,1097,0,0.0,1,0
20260517_001713,32,e1,PPO+Fuzzy+OP-CBRS-w/o-OSD-Source-e1,proxy,1,88.08,2,0.971843778383288,5.020224709145304,88.08,0.5,0.39375000000000004,16,34,0.867559060549108,0.5394333073828987,1.0,0.06460822001684442,0.9315996599599918,928.9736594734057,0,1101,0,0.0,1,0
20260517_001713,33,e1,PPO+Fuzzy+OP-CBRS-w/o-OSD-Source-e1,proxy,1,87.12,1,0.9797979797979798,4.97740887970342,87.12,0.5,0.39375000000000004,16,21,0.8768573309764389,0.5368637675455856,1.0,0.19425665773591402,0.9325356320021196,925.3906120586573,0,1089,0,0.0,1,0
20260517_001713,34,e1,PPO+Fuzzy+OP-CBRS-w/o-OSD-Source-e1,proxy,1,87.04,2,0.9862132352941176,4.974675319473355,87.04,0.5,0.39375000000000004,16,27,0.8783917106030619,0.5392463235294117,1.0,0.6392851666616619,0.931702185510707,921.5555066936797,0,1088,0,0.0,1,0
20260517_001713,35,e1,PPO+Fuzzy+OP-CBRS-w/o-OSD-Source-e1,proxy,1,85.04,2,0.9746001881467544,4.888388587201096,85.04,0.4998624792238417,0.3935952891268219,16,39,0.8984661222569581,0.5432149576669801,0.998166389651238,0.2783065221033827,0.9323410142918244,920.1388977089349,0,1063,0,0.0,1,0
20260517_001713,36,e1,PPO+Fuzzy+OP-CBRS-w/o-OSD-Source-e1,proxy,1,84.72,0,0.9848914069877243,4.8713005303795756,84.72,0.5,0.39375000000000004,16,14,0.8995810767127389,0.541145622554971,1.0,0.19268796290268145,0.924815820286307,918.3337152072473,0,1059,0,0.0,1,0
20260517_001713,37,e1,PPO+Fuzzy+OP-CBRS-w/o-OSD-Source-e1,proxy,1,84.0,2,0.9828571428571429,4.843644313595215,84.0,0.5,0.39375000000000004,16,22,0.9096371185779571,0.5366513605442178,1.0,0.1904970335172254,0.9327992675802296,918.0044823856324,0,1050,0,0.0,1,0
20260517_001713,38,e1,PPO+Fuzzy+OP-CBRS-w/o-OSD-Source-e1,proxy,1,84.16,0,0.9885931558935361,4.849977571168692,84.16,0.5,0.39375000000000004,16,5,0.9078363141066221,0.5356786393264529,1.0,0.2855649931016714,0.9322618418584174,918.1495738948788,0,1052,0,0.0,1,0
20260517_001713,39,e1,PPO+Fuzzy+OP-CBRS-w/o-OSD-Source-e1,proxy,1,84.0,2,0.9933333333333333,4.842378507189341,84.0,0.5,0.39375000000000004,16,50,0.9093851382391793,0.537221088435374,1.0,0.6001223381691277,0.9330998270884743,914.6246392339367,0,1050,0,0.0,1,0
20260517_001713,40,e1,PPO+Fuzzy+OP-CBRS-w/o-OSD-Source-e1,proxy,1,84.08,1,0.9847764034253093,4.844272371033626,84.08,0.5,0.39375000000000004,16,39,0.9071700914375675,0.5394615672148974,1.0,0.7761155129976554,0.92982774056768,912.2393126958784,0,1051,0,0.0,1,0
20260517_001713,41,e1,PPO+Fuzzy+OP-CBRS-w/o-OSD-Source-e1,proxy,1,83.60000000000001,2,0.9799043062200957,4.825915094953597,83.60000000000001,0.5,0.39375000000000004,16,28,0.9138688703473105,0.5375008544087492,1.0,0.6407954281214642,0.9329831924250844,913.364667776034,0,1045,0,0.0,1,0
20260517_001713,42,e1,PPO+Fuzzy+OP-CBRS-w/o-OSD-Source-e1,proxy,1,84.56,2,0.9763481551561022,4.868992060795319,84.56,0.5,0.39375000000000004,16,24,0.9048481307846257,0.5351829639140423,1.0,0.7684218630200875,0.9329325299508415,914.5866022000595,0,1057,0,0.0,1,0
20260517_001713,43,e1,PPO+Fuzzy+OP-CBRS-w/o-OSD-Source-e1,proxy,1,83.84,0,0.9895038167938931,4.8358774998256076,83.84,0.5,0.39375000000000004,16,2,0.9108309864940989,0.5410978394220283,1.0,0.3861934192831927,0.9326553799837156,917.0345808681227,0,1048,0,0.0,1,0
20260517_001713,44,e1,PPO+Fuzzy+OP-CBRS-w/o-OSD-Source-e1,proxy,1,84.24,0,0.9715099715099715,4.85432029294805,84.24,0.5,0.39375000000000004,16,0,0.9070996469751722,0.5380104463437795,1.0,0.3366371784787806,0.9325092731142604,918.110907233934,0,1053,0,0.0,1,0
20260517_001713,45,e1,PPO+Fuzzy+OP-CBRS-w/o-OSD-Source-e1,proxy,1,84.08,0,0.9419600380589914,4.845946067362028,84.08,0.5,0.39375000000000004,16,6,0.9086248509436987,0.5402575778170448,1.0,0.7042991837014763,0.931857912744789,914.109583018647,0,1051,0,0.0,1,0
20260517_001713,46,e1,PPO+Fuzzy+OP-CBRS-w/o-OSD-Source-e1,proxy,1,84.56,0,0.9914853358561968,4.867272868727313,84.56,0.5,0.39375000000000004,16,9,0.9037556059538698,0.5400898770104067,1.0,0.5728260720735172,0.9321959616601829,917.0710214326698,0,1057,0,0.0,1,0
20260517_001713,47,e1,PPO+Fuzzy+OP-CBRS-w/o-OSD-Source-e1,proxy,1,84.48,0,0.9715909090909091,4.863571489833845,84.48,0.4883262698460681,0.38061705357682657,16,11,0.9042416724630378,0.5391986268939394,0.8443502646142556,0.6437768137811873,0.9315352339832277,918.3476055867561,0,1056,0,0.0,1,0
20260517_001713,48,e1,PPO+Fuzzy+OP-CBRS-w/o-OSD-Source-e1,proxy,1,83.76,2,0.9961795606494747,4.832834357515233,83.76,0.5,0.39375000000000004,16,25,0.912273471938391,0.5362148656024013,1.0,0.9871967489643578,0.9327688767860555,910.6157485924291,0,1047,0,0.0,1,0
20260517_001713,49,e1,PPO+Fuzzy+OP-CBRS-w/o-OSD-Source-e1,proxy,1,84.72,3,0.9858356940509915,4.874200228141805,84.72,0.5,0.39375000000000004,16,41,0.9018316769847564,0.5405562862538783,1.0,0.5815654956127686,0.9322490433618232,916.3080629325702,0,1059,0,0.0,1,0
20260517_001713,50,e1,PPO+Fuzzy+OP-CBRS-w/o-OSD-Source-e1,proxy,1,85.76,1,0.9440298507462687,4.917891032850447,85.76,0.5,0.39375000000000004,16,21,0.8904229107020951,0.5423915578358208,1.0,0.3603069133537291,0.9316463702758947,920.8648873219364,0,1072,0,0.0,1,0
20260517_001713,51,e1,PPO+Fuzzy+OP-CBRS-w/o-OSD-Source-e1,proxy,1,88.16,6,0.9773139745916516,5.029137816745682,88.16,0.5,0.39375000000000004,16,54,0.870552628989012,0.5406606494684989,1.0,0.16189690748512917,0.9234722616824673,926.8712448874616,0,1102,0,0.0,1,0
20260517_001713,52,e1,PPO+Fuzzy+OP-CBRS-w/o-OSD-Source-e1,proxy,1,88.56,2,0.9566395663956639,5.043640737702753,88.56,0.5,0.39375000000000004,16,23,0.8649424836914499,0.5394776745386499,1.0,0.5846055967589675,0.9246634825706135,923.9808002315374,0,1107,0,0.0,1,0
20260517_001713,53,e1,PPO+Fuzzy+OP-CBRS-w/o-OSD-Source-e1,proxy,1,87.04,0,0.9917279411764706,4.9744832205379526,87.04,0.5,0.39375000000000004,16,21,0.8782328238491627,0.5406906512605041,1.0,0.676936576462563,0.9310648988219178,922.0650053177342,0,1088,0,0.0,1,0
20260517_001713,54,e1,PPO+Fuzzy+OP-CBRS-w/o-OSD-Source-e1,proxy,1,88.48,2,0.9837251356238698,5.037482219234298,88.48,0.5,0.39375000000000004,16,27,0.8637053247601818,0.5361720162748643,1.0,0.5810586897224971,0.931584975546276,924.2550607146059,0,1106,0,0.0,1,0
20260517_001713,55,e1,PPO+Fuzzy+OP-CBRS-w/o-OSD-Source-e1,proxy,1,86.8,0,0.9686635944700461,4.964598681956511,86.8,0.5,0.39375000000000004,16,13,0.8803670884140076,0.5356344634628046,1.0,0.7826801675867023,0.9316208470059134,919.0172931053758,0,1085,0,0.0,1,0
20260517_001713,56,e1,PPO+Fuzzy+OP-CBRS-w/o-OSD-Source-e1,proxy,1,88.32000000000001,0,0.9646739130434783,5.0299787172727175,88.32000000000001,0.5,0.39375000000000004,16,21,0.8652969887885062,0.5403807582815734,1.0,0.1377188316392716,0.9315387037738628,929.1566129324593,0,1104,0,0.0,1,0
20260517_001713,57,e1,PPO+Fuzzy+OP-CBRS-w/o-OSD-Source-e1,proxy,1,87.60000000000001,2,0.9744292237442922,4.998547611393834,87.60000000000001,0.5,0.39375000000000004,16,25,0.8717664296496405,0.5397374429223742,1.0,0.1352597242312353,0.9323859279979555,926.8819652706195,0,1095,0,0.0,1,0
20260517_001713,58,e1,PPO+Fuzzy+OP-CBRS-w/o-OSD-Source-e1,proxy,1,86.24,3,0.9888682745825603,4.9377562033087345,86.24,0.5,0.39375000000000004,16,30,0.8846436569774748,0.5379282069970847,1.0,0.8462876018182064,0.9302815821683571,916.0315798126829,0,1078,0,0.0,1,0
20260517_001713,59,e1,PPO+Fuzzy+OP-CBRS-w/o-OSD-Source-e1,proxy,1,87.36,3,0.9844322344322345,4.987464964802571,87.36,0.5,0.39375000000000004,16,18,0.8743313519018037,0.5414949633699633,1.0,1.0,0.9320422982643801,918.1049645664237,0,1092,0,0.0,1,0
20260517_001713,60,e1,PPO+Fuzzy+OP-CBRS-w/o-OSD-Source-e1,proxy,1,85.52,3,0.9850327408793265,4.907695237495537,85.52,0.5,0.39375000000000004,16,9,0.893352089806959,0.5379460109581718,1.0,0.6436417367441097,0.9321079352950584,917.1092473035807,0,1069,0,0.0,1,0
20260517_001713,61,e1,PPO+Fuzzy+OP-CBRS-w/o-OSD-Source-e1,proxy,1,86.64,2,0.9889196675900277,4.956000844579758,86.64,0.5,0.39375000000000004,16,29,0.8813658231458286,0.5407696873763354,1.0,0.5052658192461326,0.9317197881209172,921.4401572654034,0,1083,0,0.0,1,0
20260517_001713,62,e1,PPO+Fuzzy+OP-CBRS-w/o-OSD-Source-e1,proxy,1,85.04,2,0.973659454374412,4.887781878318134,85.04,0.5,0.39375000000000004,16,22,0.8981549496484722,0.539367188549926,1.0,0.5480123673503416,0.9324274104761405,917.0923453387998,0,1063,0,0.0,1,0
20260517_001713,63,e1,PPO+Fuzzy+OP-CBRS-w/o-OSD-Source-e1,proxy,1,84.32000000000001,2,0.9800759013282733,4.8566924116979475,84.32000000000001,0.5,0.39375000000000004,16,27,0.9057213314004822,0.538335253456221,1.0,0.5690472333757246,0.932566650053499,915.2594363434414,0,1054,0,0.0,1,0
20260517_001713,64,e1,PPO+Fuzzy+OP-CBRS-w/o-OSD-Source-e1,proxy,1,84.48,1,0.990530303030303,4.86429184398009,84.48,0.5,0.39375000000000004,16,12,0.9046891181108853,0.5383869385822511,1.0,0.7015046684704109,0.9320798357759775,915.4094263396825,0,1056,0,0.0,1,0
20260517_001713,65,e1,PPO+Fuzzy+OP-CBRS-w/o-OSD-Source-e1,proxy,1,83.2,4,0.9721153846153846,4.809315080272266,83.2,0.5,0.39375000000000004,16,37,0.918340495458016,0.539252232142857,1.0,0.5707499840341854,0.9325034505969753,911.950748502694,0,1040,0,0.0,1,0
20260517_001713,66,e1,PPO+Fuzzy+OP-CBRS-w/o-OSD-Source-e1,proxy,1,82.4,0,0.9699029126213592,4.774829181727458,82.4,0.5,0.39375000000000004,16,14,0.927512576684211,0.5394408807212204,1.0,0.5057819775417871,0.9326891089485903,912.3543020750103,0,1030,0,0.0,1,0
20260517_001713,67,e1,PPO+Fuzzy+OP-CBRS-w/o-OSD-Source-e1,proxy,1,82.24,2,0.9708171206225681,4.767776011381627,82.24,0.4977162443482195,0.3911807748917469,16,27,0.9288297065675026,0.5404704002223455,0.9695499246429321,0.43377400239542524,0.9287811253644431,911.9027048451113,0,1028,0,0.0,1,0
20260517_001713,68,e1,PPO+Fuzzy+OP-CBRS-w/o-OSD-Source-e1,proxy,1,82.0,3,0.9765853658536585,4.758280922309138,82.0,0.5,0.39375000000000004,16,52,0.9322666711342044,0.5400243902439023,1.0,0.7509998261458292,0.9329204745889016,908.7737578063046,0,1025,0,0.0,1,0
20260517_001713,69,e1,PPO+Fuzzy+OP-CBRS-w/o-OSD-Source-e1,proxy,1,81.44,2,0.9675834970530451,4.734089701384141,81.44,0.5,0.39375000000000004,16,31,0.9382979535225098,0.5400057886612404,1.0,0.36038151692474674,0.9327102132295888,910.3275407636289,0,1018,0,0.0,1,0
20260517_001713,70,e1,PPO+Fuzzy+OP-CBRS-w/o-OSD-Source-e1,proxy,1,81.2,3,0.9950738916256158,4.723899106515642,81.2,0.5,0.39375000000000004,16,39,0.9410233521696382,0.5393499296270232,1.0,1.0,0.9334622045897091,904.8601739003545,0,1015,0,0.0,1,0
20260517_001713,71,e1,PPO+Fuzzy+OP-CBRS-w/o-OSD-Source-e1,proxy,1,81.36,2,0.9665683382497542,4.730951937026481,81.36,0.5,0.39375000000000004,16,36,0.939599810624193,0.5372717376035959,1.0,0.21814105394457012,0.9337298960906645,911.8177734424867,0,1017,0,0.0,1,0
20260517_001713,72,e1,PPO+Fuzzy+OP-CBRS-w/o-OSD-Source-e1,proxy,1,80.8,2,0.9920792079207921,4.705428088029627,80.8,0.5,0.39375000000000004,16,29,0.9448718541919595,0.5374823196605374,1.0,0.7781199304375481,0.9330345101604587,905.4683761222624,0,1010,0,0.0,1,0
20260517_001713,73,e1,PPO+Fuzzy+OP-CBRS-w/o-OSD-Source-e1,proxy,1,80.64,1,0.9692460317460317,4.699301050737109,80.64,0.5,0.39375000000000004,16,33,0.9469158956337542,0.5395204435941042,1.0,0.010511446192073412,0.9335449275952737,911.8651941684379,0,1008,0,0.0,1,0
20260517_001713,74,e1,PPO+Fuzzy+OP-CBRS-w/o-OSD-Source-e1,proxy,1,81.44,1,0.9734774066797642,4.734850084011426,81.44,0.5,0.39375000000000004,16,17,0.9387014040719783,0.5389980353634576,1.0,0.744788519651829,0.9336213406329217,908.1312173779455,0,1018,0,0.0,1,0
20260517_001713,75,e1,PPO+Fuzzy+OP-CBRS-w/o-OSD-Source-e1,proxy,1,81.28,1,0.9832677165354331,4.726595171457499,81.28,0.5,0.39375000000000004,16,36,0.9397249718116024,0.5380843996062993,1.0,0.3848132224791242,0.9333224783200383,910.5809091475351,0,1016,0,0.0,1,0
20260517_001713,76,e1,PPO+Fuzzy+OP-CBRS-w/o-OSD-Source-e1,proxy,1,81.76,1,0.9911937377690803,4.747295910136981,81.76,0.5,0.39375000000000004,16,13,0.9341125459120465,0.5399575412356722,1.0,0.5750258617520482,0.9330866281431436,910.3526485636601,0,1022,0,0.0,1,0
20260517_001713,77,e1,PPO+Fuzzy+OP-CBRS-w/o-OSD-Source-e1,proxy,1,81.60000000000001,1,0.9774509803921568,4.740160068394778,81.60000000000001,0.5,0.39375000000000004,16,19,0.9359971122414458,0.5377897408963583,1.0,0.3122784184367687,0.9334556766314689,911.4569492613801,0,1020,0,0.0,1,0
20260517_001713,78,e1,PPO+Fuzzy+OP-CBRS-w/o-OSD-Source-e1,proxy,1,81.60000000000001,2,0.9803921568627451,4.739647613488879,81.60000000000001,0.5,0.39375000000000004,16,42,0.9357549584379383,0.5381696428571429,1.0,0.6471276694783235,0.9327214311864646,908.5155852650933,0,1020,0,0.0,1,0
20260517_001713,79,e1,PPO+Fuzzy+OP-CBRS-w/o-OSD-Source-e1,proxy,1,81.92,1,0.990234375,4.755650972916157,81.92,0.5,0.39375000000000004,16,0,0.9336385187343694,0.5397914341517854,1.0,1.0,0.9327980605101707,907.3829385017368,0,1024,0,0.0,1,0
20260517_001713,80,e1,PPO+Fuzzy+OP-CBRS-w/o-OSD-Source-e1,proxy,1,81.52,1,0.9931305201177625,4.737045125241857,81.52,0.5,0.39375000000000004,16,19,0.9371277825638169,0.5377681200056077,1.0,0.4485307010556883,0.9329704244457041,910.5997490604473,0,1019,0,0.0,1,0
20260517_001713,81,e1,PPO+Fuzzy+OP-CBRS-w/o-OSD-Source-e1,proxy,1,82.24,0,0.9883268482490273,4.767815174035147,82.24,0.5,0.39375000000000004,16,9,0.9288925017567228,0.5406293426903833,1.0,0.4711323371325157,0.9332830797521979,912.7766318832665,0,1028,0,0.0,1,0
20260517_001713,82,e1,PPO+Fuzzy+OP-CBRS-w/o-OSD-Source-e1,proxy,1,82.48,3,0.9941804073714839,4.7767381172112096,82.48,0.5,0.39375000000000004,16,32,0.9253958707637399,0.54100734377165,1.0,0.8624493201060597,0.9318761934099138,908.2484783237068,0,1031,0,0.0,1,0
20260517_001713,83,e1,PPO+Fuzzy+OP-CBRS-w/o-OSD-Source-e1,proxy,1,83.52,0,0.9818007662835249,4.832365518140142,83.52,0.5,0.39375000000000004,16,19,0.921584973390075,0.5453236179529282,1.0,0.7167584285052719,0.9138271379404104,912.9980439669775,0,1044,0,0.0,1,0
20260517_001713,84,e1,PPO+Fuzzy+OP-CBRS-w/o-OSD-Source-e1,proxy,1,81.60000000000001,0,0.9911764705882353,4.7405700968875655,81.60000000000001,0.5,0.39375000000000004,16,23,0.9363945986418163,0.5404648109243697,1.0,0.8831761296200649,0.9326271922483556,907.8316074036287,0,1020,0,0.0,1,0
20260517_001713,85,e1,PPO+Fuzzy+OP-CBRS-w/o-OSD-Source-e1,proxy,1,81.44,2,0.9764243614931237,4.7318217045020985,81.44,0.5,0.39375000000000004,16,28,0.9367822488305142,0.5353003087285996,1.0,0.5877891016810306,0.9335425688912429,907.9557959052107,0,1018,0,0.0,1,0
20260517_001713,86,e1,PPO+Fuzzy+OP-CBRS-w/o-OSD-Source-e1,proxy,1,81.68,1,0.9578844270323212,4.743260493273427,81.68,0.5,0.39375000000000004,16,18,0.9346994445910066,0.5366202602490554,1.0,0.9556526659745035,0.9332075954483787,906.0329375309879,0,1021,0,0.0,1,0
20260517_001713,87,e1,PPO+Fuzzy+OP-CBRS-w/o-OSD-Source-e1,proxy,1,81.60000000000001,1,0.9833333333333333,4.740448726692191,81.60000000000001,0.5,0.39375000000000004,16,11,0.9361142121109308,0.5380497198879551,1.0,0.7832424528207524,0.9328888622613241,907.405254265572,0,1020,0,0.0,1,0
20260517_001713,88,e1,PPO+Fuzzy+OP-CBRS-w/o-OSD-Source-e1,proxy,1,81.76,1,0.9911937377690803,4.747353047803728,81.76,0.5,0.39375000000000004,16,21,0.9344720775133943,0.5372134470226445,1.0,0.8149454272053507,0.9329945890840295,907.9722172186142,0,1022,0,0.0,1,0
20260517_001713,89,e1,PPO+Fuzzy+OP-CBRS-w/o-OSD-Source-e1,proxy,1,81.60000000000001,3,0.9862745098039216,4.739507685832843,81.60000000000001,0.5,0.39375000000000004,16,33,0.9358079031694169,0.5370719537815127,1.0,0.818724393561069,0.9328324683989834,906.4348449955912,0,1020,0,0.0,1,0
20260517_001713,90,e1,PPO+Fuzzy+OP-CBRS-w/o-OSD-Source-e1,proxy,1,81.44,0,0.9803536345776032,4.73379048207371,81.44,0.5,0.39375000000000004,16,17,0.9381504798919138,0.5373710707269157,1.0,0.6193710804220591,0.9338488464784849,909.2320647619431,0,1018,0,0.0,1,0
20260517_001713,91,e1,PPO+Fuzzy+OP-CBRS-w/o-OSD-Source-e1,proxy,1,81.92,0,0.9765625,4.754790785133875,81.92,0.5,0.39375000000000004,16,9,0.9327625628211536,0.5359505789620534,1.0,0.19989914776994,0.9333604542268101,913.9240619162817,0,1024,0,0.0,1,0
20260517_001713,92,e1,PPO+Fuzzy+OP-CBRS-w/o-OSD-Source-e1,proxy,1,81.92,1,0.986328125,4.753665623280946,81.92,0.5,0.39375000000000004,16,48,0.9320008116192184,0.5367675781250001,1.0,0.5564856797241313,0.9335436812026883,910.1179226485808,0,1024,0,0.0,1,0
20260517_001713,93,e1,PPO+Fuzzy+OP-CBRS-w/o-OSD-Source-e1,proxy,1,81.92,0,0.994140625,4.753711246190604,81.92,0.5,0.39375000000000004,16,20,0.9321548372972757,0.5374965122767857,1.0,0.7501820809503368,0.9327781999061238,909.0824981751321,0,1024,0,0.0,1,0
20260517_001713,94,e1,PPO+Fuzzy+OP-CBRS-w/o-OSD-Source-e1,proxy,1,82.72,1,0.9816247582205029,4.788465018351986,82.72,0.5,0.39375000000000004,16,17,0.9235393952585512,0.5402865087040618,1.0,0.5335916300354665,0.932458881342059,912.3394819324479,0,1034,0,0.0,1,0
20260517_001713,95,e1,PPO+Fuzzy+OP-CBRS-w/o-OSD-Source-e1,proxy,1,82.08,2,0.9746588693957114,4.760898739957892,82.08,0.5,0.39375000000000004,16,44,0.9306410260019247,0.5367246240601503,1.0,0.7968104138157327,0.9330421553342537,907.9073924911145,0,1026,0,0.0,1,0
20260517_001713,96,e1,PPO+Fuzzy+OP-CBRS-w/o-OSD-Source-e1,proxy,1,83.12,0,0.9740134744947064,4.805523334698543,83.12,0.5,0.39375000000000004,16,11,0.9193588309958075,0.5349082221916678,1.0,0.6581940941346066,0.9329015231940188,912.4877201856935,0,1039,0,0.0,1,0
20260517_001713,97,e1,PPO+Fuzzy+OP-CBRS-w/o-OSD-Source-e1,proxy,1,83.28,0,0.9865513928914506,4.812797472879807,83.28,0.5,0.39375000000000004,16,11,0.9176002421937919,0.5398963908329903,1.0,0.84109335667446,0.9329144894148415,911.8373846029916,0,1041,0,0.0,1,0
20260517_001713,98,e1,PPO+Fuzzy+OP-CBRS-w/o-OSD-Source-e1,proxy,1,83.60000000000001,2,0.9942583732057416,4.826913597401249,83.60000000000001,0.5,0.39375000000000004,16,36,0.9144652326996817,0.5374393369788105,1.0,1.0,0.9330414944207296,910.0756786165792,0,1045,0,0.0,1,0
20260517_001713,99,e1,PPO+Fuzzy+OP-CBRS-w/o-OSD-Source-e1,proxy,1,83.52,1,0.9693486590038314,4.823403354240652,83.52,0.5,0.39375000000000004,16,20,0.9155777785855691,0.5360914408866996,1.0,0.7570335460279717,0.9327143899902255,912.2427369210455,0,1044,0,0.0,1,0
20260517_001713,100,e1,PPO+Fuzzy+OP-CBRS-w/o-OSD-Source-e1,proxy,1,82.96000000000001,2,0.9681774349083896,4.7989818092575725,82.96000000000001,0.5,0.39375000000000004,16,29,0.9209874714352011,0.5384057721449235,1.0,1.0,0.9324978195838541,908.3686466548015,0,1037,0,0.0,1,0
20260517_001713,101,e1,PPO+Fuzzy+OP-CBRS-w/o-OSD-Source-e1,proxy,1,82.08,1,0.9736842105263158,4.7602535857830235,82.08,0.5,0.39375000000000004,16,37,0.9306357978147838,0.5390516221108326,1.0,1.0,0.9325391383195039,906.629097990599,0,1026,0,0.0,1,0
20260517_001713,102,e1,PPO+Fuzzy+OP-CBRS-w/o-OSD-Source-e1,proxy,1,82.32000000000001,1,0.9883381924198251,4.770373848800663,82.32000000000001,0.5,0.39375000000000004,16,20,0.9275859633733974,0.5385481743717894,1.0,0.4567387651567894,0.9325655849211846,912.1300650332155,0,1029,0,0.0,1,0
20260517_001713,103,e1,PPO+Fuzzy+OP-CBRS-w/o-OSD-Source-e1,proxy,1,82.4,0,0.9805825242718447,4.775592378029534,82.4,0.5,0.39375000000000004,16,15,0.927541809869044,0.5375329403606104,1.0,0.9219955067268011,0.9331754394118232,908.8612934355077,0,1030,0,0.0,1,0
20260517_001713,104,e1,PPO+Fuzzy+OP-CBRS-w/o-OSD-Source-e1,proxy,1,81.28,1,0.9832677165354331,4.726490726515297,81.28,0.5,0.39375000000000004,16,15,0.9394083334587691,0.5372926040494939,1.0,0.5304969429580491,0.9331354324014138,908.8122604830199,0,1016,0,0.0,1,0
20260517_001713,105,e1,PPO+Fuzzy+OP-CBRS-w/o-OSD-Source-e1,proxy,1,81.44,2,0.9764243614931237,4.733898460601095,81.44,0.5,0.39375000000000004,16,15,0.9379823315003063,0.5411942183553184,1.0,0.1255797907737277,0.9330869990709888,913.0751590087832,0,1018,0,0.0,1,0
20260517_001713,106,e1,PPO+Fuzzy+OP-CBRS-w/o-OSD-Source-e1,proxy,1,81.52,1,0.9803729146221786,4.737789869262142,81.52,0.5,0.39375000000000004,16,11,0.937317032282907,0.5380940698163466,1.0,0.3036016558696136,0.9336556698639517,911.7959600782485,0,1019,0,0.0,1,0
20260517_001713,107,e1,PPO+Fuzzy+OP-CBRS-w/o-OSD-Source-e1,proxy,1,81.52,0,0.971540726202159,4.737604128836355,81.52,0.5,0.39375000000000004,16,17,0.937205404101691,0.5367236786765737,1.0,0.07259020701309404,0.9334523141185178,914.0312892972737,0,1019,0,0.0,1,0
20260517_001713,108,e1,PPO+Fuzzy+OP-CBRS-w/o-OSD-Source-e1,proxy,1,81.92,1,0.9755859375,4.754193203938881,81.92,0.5,0.39375000000000004,16,15,0.9321311754902126,0.5401646205357142,1.0,0.2740705901263454,0.9326284591359882,912.6647315302288,0,1024,0,0.0,1,0
20260517_001713,109,e1,PPO+Fuzzy+OP-CBRS-w/o-OSD-Source-e1,proxy,1,82.24,1,0.9795719844357976,4.768558855390539,82.24,0.5,0.39375000000000004,16,17,0.9290837232704756,0.5400309199555307,1.0,0.43634059362226396,0.9332066568624966,912.3300655201396,0,1028,0,0.0,1,0
20260517_001713,110,e1,PPO+Fuzzy+OP-CBRS-w/o-OSD-Source-e1,proxy,1,82.16,0,0.9844206426484907,4.761960078457199,82.16,0.5,0.39375000000000004,16,16,0.9283244385807516,0.538268535262206,1.0,0.7922488857136611,0.9328886536318792,908.8075512160957,0,1027,0,0.0,1,0
20260517_001713,111,e1,PPO+Fuzzy+OP-CBRS-w/o-OSD-Source-e1,proxy,1,82.32000000000001,2,0.956268221574344,4.7725154216693575,82.32000000000001,0.5,0.39375000000000004,16,20,0.9288240289433242,0.5374548799111482,1.0,0.0,0.9333436797616006,915.6507435684113,0,1029,0,0.0,1,0
20260517_001713,112,e1,PPO+Fuzzy+OP-CBRS-w/o-OSD-Source-e1,proxy,1,82.64,2,0.9757986447241046,4.784458750737737,82.64,0.5,0.39375000000000004,16,34,0.9243263295578472,0.5403298298990458,1.0,0.3568376651724683,0.9322955615787091,913.4491579406001,0,1033,0,0.0,1,0
20260517_001713,113,e1,PPO+Fuzzy+OP-CBRS-w/o-OSD-Source-e1,proxy,1,83.36,0,0.9952015355086372,4.815379278019406,83.36,0.5,0.39375000000000004,16,17,0.9161808265376686,0.5333236221551959,1.0,0.7604801794783521,0.9325160745359866,911.4116083085154,0,1042,0,0.0,1,0
20260517_001713,114,e1,PPO+Fuzzy+OP-CBRS-w/o-OSD-Source-e1,proxy,1,83.68,1,0.9588910133843213,4.828235600675725,83.68,0.5,0.39375000000000004,16,23,0.9124098119840567,0.5397825047801146,1.0,0.0891069104364265,0.9326042211779257,918.4951168773891,0,1046,0,0.0,1,0
20260517_001713,115,e1,PPO+Fuzzy+OP-CBRS-w/o-OSD-Source-e1,proxy,1,83.76,0,0.9856733524355301,4.8326462876466065,83.76,0.5,0.39375000000000004,16,16,0.9121516908820516,0.5389633647155136,1.0,0.8731608046290675,0.933368929470787,912.386409847435,0,1047,0,0.0,1,0
20260517_001713,116,e1,PPO+Fuzzy+OP-CBRS-w/o-OSD-Source-e1,proxy,1,84.4,0,0.9725118483412323,4.860649383345382,84.4,0.5,0.39375000000000004,16,13,0.9053024413743855,0.5386238997968855,1.0,0.5630458302432055,0.9295307701463129,915.6643011330482,0,1055,0,0.0,1,0
20260517_001713,117,e1,PPO+Fuzzy+OP-CBRS-w/o-OSD-Source-e1,proxy,1,83.28,1,0.9798270893371758,4.812339803559598,83.28,0.48500000000000004,0.376875,16,8,0.9172836324838809,0.536219466172636,0.7999999999999874,0.4672941591216469,0.9323821925283645,917.617817069887,0,1041,0,0.0,1,0
20260517_001713,118,e1,PPO+Fuzzy+OP-CBRS-w/o-OSD-Source-e1,proxy,1,83.60000000000001,0,0.9665071770334929,4.8248294746062355,83.60000000000001,0.5,0.39375000000000004,16,23,0.9126924799389816,0.5422940874914557,1.0,0.5790662773323545,0.9325746292772715,914.1309462240883,0,1045,0,0.0,1,0
20260517_001713,119,e1,PPO+Fuzzy+OP-CBRS-w/o-OSD-Source-e1,proxy,1,84.0,0,0.9628571428571429,4.841839444620358,84.0,0.5,0.39375000000000004,16,32,0.9086181037482761,0.5402278911564625,1.0,0.25177990703199593,0.9325528635435723,918.0541045979425,0,1050,0,0.0,1,0
20260517_001713,120,e1,PPO+Fuzzy+OP-CBRS-w/o-OSD-Source-e1,proxy,1,84.56,2,0.9829706717123936,4.867692002764428,84.56,0.5,0.39375000000000004,16,45,0.9038686127513788,0.5380017569941885,1.0,0.6899942865952634,0.9323502125948937,914.8464936297398,0,1057,0,0.0,1,0
20260517_001713,121,e1,PPO+Fuzzy+OP-CBRS-w/o-OSD-Source-e1,proxy,1,83.76,1,0.9818529130850048,4.83253771137892,83.76,0.5,0.39375000000000004,16,30,0.9119091165441496,0.538793662164006,1.0,0.39440201128969865,0.9330121757561508,916.2056536752139,0,1047,0,0.0,1,0
20260517_001713,122,e1,PPO+Fuzzy+OP-CBRS-w/o-OSD-Source-e1,proxy,1,84.08,1,0.9923882017126546,4.847898219733147,84.08,0.5,0.39375000000000004,16,25,0.9094800285562575,0.5363463368220741,1.0,0.8122377981356099,0.932868952355831,913.6714175353726,0,1051,0,0.0,1,0
20260517_001713,123,e1,PPO+Fuzzy+OP-CBRS-w/o-OSD-Source-e1,proxy,1,84.4,2,0.9744075829383886,4.860477479331015,84.4,0.5,0.39375000000000004,16,32,0.9050767988955241,0.5368026404874745,1.0,0.5236033281759803,0.9331632063574767,915.9201907837711,0,1055,0,0.0,1,0
20260517_001713,124,e1,PPO+Fuzzy+OP-CBRS-w/o-OSD-Source-e1,proxy,1,83.92,0,0.9752144899904671,4.840028771983509,83.92,0.5,0.39375000000000004,16,20,0.9103407727694716,0.5352623246629442,1.0,0.3549394025959414,0.9338533799273495,916.8616137292587,0,1049,0,0.0,1,0
20260517_001713,125,e1,PPO+Fuzzy+OP-CBRS-w/o-OSD-Source-e1,proxy,1,84.88,2,0.9764373232799246,4.886322811464058,84.88,0.49656828460960356,0.38988932018580397,16,23,0.9039046693027974,0.5423842062744042,0.954243794794707,0.3960193483046485,0.9265700807855494,919.9369464684743,0,1061,0,0.0,1,0
20260517_001713,126,e1,PPO+Fuzzy+OP-CBRS-w/o-OSD-Source-e1,proxy,1,83.2,1,0.9798076923076923,4.808450874876335,83.2,0.5,0.39375000000000004,16,16,0.9182979991229681,0.5411246565934065,1.0,0.8315615305356552,0.9319879952553989,911.000759110764,0,1040,0,0.0,1,0
20260517_001713,127,e1,PPO+Fuzzy+OP-CBRS-w/o-OSD-Source-e1,proxy,1,83.60000000000001,2,0.9885167464114832,4.8266085859342285,83.60000000000001,0.5,0.39375000000000004,16,24,0.91399661234121,0.5425589542036908,1.0,0.7604590829521404,0.9329429796284168,912.8043089075619,0,1045,0,0.0,1,0
20260517_001713,128,e1,PPO+Fuzzy+OP-CBRS-w/o-OSD-Source-e1,proxy,1,83.36,4,0.982725527831094,4.815714385230327,83.36,0.5,0.39375000000000004,16,24,0.9166441687352369,0.5383345900740334,1.0,0.5986893441314206,0.9316607508170821,912.3031498466208,0,1042,0,0.0,1,0
20260517_001713,129,e1,PPO+Fuzzy+OP-CBRS-w/o-OSD-Source-e1,proxy,1,83.28,2,0.9769452449567724,4.811713480484665,83.28,0.5,0.39375000000000004,16,51,0.9169956564788745,0.5368550157815286,1.0,0.49957632779831157,0.9330272224451873,913.3454844580705,0,1041,0,0.0,1,0
20260517_001713,130,e1,PPO+Fuzzy+OP-CBRS-w/o-OSD-Source-e1,proxy,1,83.28,0,0.9779058597502401,4.812161643643668,83.28,0.5,0.39375000000000004,16,12,0.9172263986553628,0.5393560450116646,1.0,0.5415219549460188,0.9329524904290764,913.9738545551963,0,1041,0,0.0,1,0
20260517_001713,131,e1,PPO+Fuzzy+OP-CBRS-w/o-OSD-Source-e1,proxy,1,82.72,3,0.9796905222437138,4.788001081458982,82.72,0.5,0.39375000000000004,16,33,0.9235604295301714,0.5406414064658744,1.0,0.4953008078010697,0.9321033607347681,912.0922010271747,0,1034,0,0.0,1,0
20260517_001713,132,e1,PPO+Fuzzy+OP-CBRS-w/o-OSD-Source-e1,proxy,1,82.56,1,0.9932170542635659,4.781418548601004,82.56,0.5,0.39375000000000004,16,12,0.9250861802824246,0.5386749031007751,1.0,0.9459888358231623,0.9325117020046846,908.5187707095128,0,1032,0,0.0,1,0
20260517_001713,133,e1,PPO+Fuzzy+OP-CBRS-w/o-OSD-Source-e1,proxy,1,82.08,1,0.9775828460038987,4.760740380227459,82.08,0.5,0.39375000000000004,16,27,0.9304794421670033,0.5391342940685045,1.0,0.34235975782632944,0.9330566510377492,912.5876507837335,0,1026,0,0.0,1,0
20260517_001713,134,e1,PPO+Fuzzy+OP-CBRS-w/o-OSD-Source-e1,proxy,1,82.4,3,0.9854368932038835,4.775139541349559,82.4,0.5,0.39375000000000004,16,41,0.9271728482639905,0.5395284327323163,1.0,0.41975366141639475,0.9338023113602218,912.6073472007105,0,1030,0,0.0,1,0
20260517_001713,135,e1,PPO+Fuzzy+OP-CBRS-w/o-OSD-Source-e1,proxy,1,81.92,0,0.9541015625,4.753732937517271,81.92,0.5,0.39375000000000004,16,18,0.9321060109941754,0.5379237583705356,1.0,0.0,0.9328561040141112,915.1009771660271,0,1024,0,0.0,1,0
20260517_001713,136,e1,PPO+Fuzzy+OP-CBRS-w/o-OSD-Source-e1,proxy,1,81.84,1,0.978494623655914,4.749982798641341,81.84,0.5,0.39375000000000004,16,18,0.9328624838608102,0.5394724898757157,1.0,0.34963094315065363,0.9328402283730582,911.9375345973597,0,1023,0,0.0,1,0
20260517_001713,137,e1,PPO+Fuzzy+OP-CBRS-w/o-OSD-Source-e1,proxy,1,82.0,1,0.9873170731707317,4.758272963532196,82.0,0.5,0.39375000000000004,16,25,0.9322480522132501,0.5403597560975608,1.0,0.6361756269454766,0.9334649070686979,910.7450358151584,0,1025,0,0.0,1,0
20260517_001713,138,e1,PPO+Fuzzy+OP-CBRS-w/o-OSD-Source-e1,proxy,1,82.32000000000001,0,0.9834791059280855,4.772157399399232,82.32000000000001,0.5,0.39375000000000004,16,28,0.9285226730580928,0.5403616548660278,1.0,0.5340943525659017,0.9331350217075247,912.3820195341417,0,1029,0,0.0,1,0
20260517_001713,139,e1,PPO+Fuzzy+OP-CBRS-w/o-OSD-Source-e1,proxy,1,81.36,0,0.9783677482792527,4.729279312092777,81.36,0.5,0.39375000000000004,16,21,0.9383080933415198,0.5391865079365079,1.0,0.682981936738511,0.9330517094372767,908.4303179754378,0,1017,0,0.0,1,0
20260517_001713,140,e1,PPO+Fuzzy+OP-CBRS-w/o-OSD-Source-e1,proxy,1,81.36,1,0.9665683382497542,4.7306859643924755,81.36,0.5,0.39375000000000004,16,21,0.938954603795105,0.5367326871751651,1.0,0.22309509542697017,0.9331452532187413,911.6302015183627,0,1017,0,0.0,1,0
20260517_001713,141,e1,PPO+Fuzzy+OP-CBRS-w/o-OSD-Source-e1,proxy,1,80.88,1,0.9772502472799208,4.709364157779733,80.88,0.5,0.39375000000000004,16,19,0.9439895375310254,0.5384069874240497,1.0,0.5665845901021359,0.9335774358440572,907.7139357843455,0,1011,0,0.0,1,0
20260517_001713,142,e1,PPO+Fuzzy+OP-CBRS-w/o-OSD-Source-e1,proxy,1,80.4,1,0.982089552238806,4.68822459174311,80.4,0.5,0.39375000000000004,16,40,0.9492975590833977,0.5387348969438519,1.0,0.5350682381830542,0.9333733773780251,906.9107252750205,0,1005,0,0.0,1,0
20260517_001713,143,e1,PPO+Fuzzy+OP-CBRS-w/o-OSD-Source-e1,proxy,1,80.4,1,0.9900497512437811,4.689296415624717,80.4,0.5,0.39375000000000004,16,30,0.949744746281733,0.5398951670220327,1.0,0.5384013863003937,0.9331826596824327,907.3030362342605,0,1005,0,0.0,1,0
20260517_001713,144,e1,PPO+Fuzzy+OP-CBRS-w/o-OSD-Source-e1,proxy,1,80.48,2,0.9781312127236581,4.693247758081962,80.48,0.5,0.39375000000000004,16,16,0.9490960554680815,0.5391614598125533,1.0,0.788466763957556,0.9334529920898051,904.914741867626,0,1006,0,0.0,1,0
20260517_001713,145,e1,PPO+Fuzzy+OP-CBRS-w/o-OSD-Source-e1,proxy,1,80.08,0,0.9790209790209791,4.676247168327875,80.08,0.5,0.39375000000000004,16,28,0.9540917890055196,0.5368274582560296,1.0,0.3437805763014287,0.9334276030855783,908.1002835559625,0,1001,0,0.0,1,0
20260517_001713,146,e1,PPO+Fuzzy+OP-CBRS-w/o-OSD-Source-e1,proxy,1,80.16,1,0.9920159680638723,4.679362274748934,80.16,0.5,0.39375000000000004,16,13,0.9529474457342944,0.5391957157114341,1.0,0.5746177714300346,0.9333323690652532,906.4600855335714,0,1002,0,0.0,1,0
20260517_001713,147,e1,PPO+Fuzzy+OP-CBRS-w/o-OSD-Source-e1,proxy,1,80.24,1,0.9870388833499502,4.683379244636707,80.24,0.5,0.39375000000000004,16,5,0.9522992388557936,0.5387044224469447,1.0,0.6614518466045616,0.9329944962078355,905.962211233989,0,1003,0,0.0,1,0
20260517_001713,148,e1,PPO+Fuzzy+OP-CBRS-w/o-OSD-Source-e1,proxy,1,80.16,4,0.9810379241516967,4.67906076843359,80.16,0.5,0.39375000000000004,16,24,0.9526040947246932,0.5386895851154831,1.0,0.26791041011603023,0.9337397154828199,907.6977355447119,0,1002,0,0.0,1,0
20260517_001713,149,e1,PPO+Fuzzy+OP-CBRS-w/o-OSD-Source-e1,proxy,1,80.16,1,0.9870259481037924,4.680095116013751,80.16,0.5,0.39375000000000004,16,42,0.9533788721242589,0.5386485956658111,1.0,0.33131312747582886,0.9334012890846962,908.6536571066704,0,1002,0,0.0,1,0
20260517_001713,150,e1,PPO+Fuzzy+OP-CBRS-w/o-OSD-Source-e1,proxy,1,80.24,1,0.9022931206380858,4.683531619885109,80.24,0.5,0.39375000000000004,16,33,0.9525366805248698,0.5395910482837201,1.0,0.33193411788454213,0.9326792569060646,907.7241580469738,0,1003,0,0.0,1,0
20260517_001713,151,e1,PPO+Fuzzy+OP-CBRS-w/o-OSD-Source-e1,proxy,1,80.08,0,0.983016983016983,4.676544094236193,80.08,0.5,0.39375000000000004,16,11,0.9542357467271231,0.5383741258741258,1.0,0.7928526415707544,0.9338211761095948,904.9522312537492,0,1001,0,0.0,1,0
20260517_001713,152,e1,PPO+Fuzzy+OP-CBRS-w/o-OSD-Source-e1,proxy,1,80.08,1,0.9920079920079921,4.675414966515115,80.08,0.5,0.39375000000000004,16,32,0.95326482171898,0.5380012844298557,1.0,0.9298796705748212,0.9339029602986322,902.9342960550254,0,1001,0,0.0,1,0
20260517_001713,153,e1,PPO+Fuzzy+OP-CBRS-w/o-OSD-Source-e1,proxy,1,80.0,2,0.982,4.671833539328469,80.0,0.5,0.39375000000000004,16,20,0.9541558044552803,0.536967857142857,1.0,0.29326485810068853,0.9340020975921468,907.833971525492,0,1000,0,0.0,1,0
20260517_001713,154,e1,PPO+Fuzzy+OP-CBRS-w/o-OSD-Source-e1,proxy,1,80.08,2,0.9590409590409591,4.674895978173739,80.08,0.5,0.39375000000000004,16,9,0.9532545032082024,0.5381439988582845,1.0,0.5837013340628824,0.9334287861030421,905.2049732178439,0,1001,0,0.0,1,0
20260517_001713,155,e1,PPO+Fuzzy+OP-CBRS-w/o-OSD-Source-e1,proxy,1,80.48,3,0.974155069582505,4.693414824887032,80.48,0.5,0.39375000000000004,16,33,0.9494156564324798,0.5388978628230615,1.0,0.3530391412781609,0.9335530526743799,908.3322702588134,0,1006,0,0.0,1,0
20260517_001713,156,e1,PPO+Fuzzy+OP-CBRS-w/o-OSD-Source-e1,proxy,1,80.16,1,0.9790419161676647,4.6796594153199065,80.16,0.5,0.39375000000000004,16,37,0.9530013034681598,0.5375285143997718,1.0,0.6423286950726699,0.9337625591439408,905.3266511204929,0,1002,0,0.0,1,0
20260517_001713,157,e1,PPO+Fuzzy+OP-CBRS-w/o-OSD-Source-e1,proxy,1,80.0,2,0.968,4.6716261297165635,80.0,0.5,0.39375000000000004,16,27,0.9541632643342018,0.538055357142857,1.0,0.11607608951254712,0.9331817990884492,908.9755338917377,0,1000,0,0.0,1,0
20260517_001713,158,e1,PPO+Fuzzy+OP-CBRS-w/o-OSD-Source-e1,proxy,1,80.16,0,0.9930139720558883,4.679593391849349,80.16,0.5,0.39375000000000004,16,19,0.952731350224889,0.5365420943826632,1.0,0.6920815633145934,0.9338750108891835,905.8159086793785,0,1002,0,0.0,1,0
20260517_001713,159,e1,PPO+Fuzzy+OP-CBRS-w/o-OSD-Source-e1,proxy,1,80.16,2,0.9840319361277445,4.678801731203706,80.16,0.5,0.39375000000000004,16,12,0.952360731934359,0.537409110350727,1.0,0.5843991141121512,0.9336447991342931,905.5997878736293,0,1002,0,0.0,1,0
20260517_001713,160,e1,PPO+Fuzzy+OP-CBRS-w/o-OSD-Source-e1,proxy,1,80.24,1,0.9750747756729811,4.682737753519264,80.24,0.5,0.39375000000000004,16,10,0.9518032276618517,0.5391958054408204,1.0,0.8071372598963943,0.933631630033985,904.3380913330833,0,1003,0,0.0,1,0
20260517_001713,161,e1,PPO+Fuzzy+OP-CBRS-w/o-OSD-Source-e1,proxy,1,80.24,0,0.9820538384845464,4.683415344039052,80.24,0.5,0.39375000000000004,16,13,0.9523598201134625,0.538021649337701,1.0,0.5380917857831433,0.9335396069122263,907.4802964749124,0,1003,0,0.0,1,0
20260517_001713,162,e1,PPO+Fuzzy+OP-CBRS-w/o-OSD-Source-e1,proxy,1,80.32000000000001,2,0.9810756972111554,4.6854026586683455,80.32000000000001,0.5,0.39375000000000004,16,6,0.9506744167125557,0.5376947566875355,1.0,0.5155164136639744,0.9331509708399067,906.4131110571105,0,1004,0,0.0,1,0
20260517_001713,163,e1,PPO+Fuzzy+OP-CBRS-w/o-OSD-Source-e1,proxy,1,80.72,1,0.9831516352824579,4.702252761929615,80.72,0.5,0.39375000000000004,16,22,0.9456866343678284,0.5378504176695456,1.0,0.7681697303532911,0.933635805608126,905.3886552232311,0,1009,0,0.0,1,0
20260517_001713,164,e1,PPO+Fuzzy+OP-CBRS-w/o-OSD-Source-e1,proxy,1,80.4,1,0.9850746268656716,4.688842127558381,80.4,0.5,0.39375000000000004,16,18,0.9495917491058805,0.5390742714996446,1.0,0.44671310400370784,0.9332257533222783,907.908749074698,0,1005,0,0.0,1,0
20260517_001713,165,e1,PPO+Fuzzy+OP-CBRS-w/o-OSD-Source-e1,proxy,1,80.08,1,0.996003996003996,4.675192306293152,80.08,0.5,0.39375000000000004,16,14,0.9533814793223744,0.5391108891108891,1.0,0.5436275253560396,0.932884694998551,906.246029437864,0,1001,0,0.0,1,0
20260517_001713,166,e1,PPO+Fuzzy+OP-CBRS-w/o-OSD-Source-e1,proxy,1,80.0,1,0.976,4.672147493492159,80.0,0.5,0.39375000000000004,16,23,0.954554333627224,0.5366151785714284,1.0,0.27778622945365716,0.9333944070705515,908.0423982663581,0,1000,0,0.0,1,0
20260517_001713,167,e1,PPO+Fuzzy+OP-CBRS-w/o-OSD-Source-e1,proxy,1,79.92,2,0.983983983983984,4.669279271151947,79.92,0.5,0.39375000000000004,16,32,0.9556448237077372,0.537295331045331,1.0,0.791068932282456,0.9339395987164685,903.7469882580629,0,999,0,0.0,1,0
20260517_001713,168,e1,PPO+Fuzzy+OP-CBRS-w/o-OSD-Source-e1,proxy,1,79.92,1,0.965965965965966,4.668848552320894,79.92,0.5,0.39375000000000004,16,30,0.9553679427704415,0.5384071571571571,1.0,0.46770163243236706,0.9335484267013573,906.1711091702464,0,999,0,0.0,1,0
20260517_001713,169,e1,PPO+Fuzzy+OP-CBRS-w/o-OSD-Source-e1,proxy,1,79.92,1,0.9719719719719719,4.669656751136154,79.92,0.5,0.39375000000000004,16,35,0.9559419424803527,0.5380219505219506,1.0,0.45554195495782623,0.933903496032367,906.5806929250737,0,999,0,0.0,1,0
20260517_001713,170,e1,PPO+Fuzzy+OP-CBRS-w/o-OSD-Source-e1,proxy,1,80.08,0,0.991008991008991,4.674688542265992,80.08,0.5,0.39375000000000004,16,4,0.9527415363462297,0.5377363707720848,1.0,0.7339860962513262,0.9339382872790243,904.9277625754114,0,1001,0,0.0,1,0
20260517_001713,171,e1,PPO+Fuzzy+OP-CBRS-w/o-OSD-Source-e1,proxy,1,80.56,1,0.9731876861966237,4.6963298430080105,80.56,0.5,0.39375000000000004,16,21,0.9481948283246636,0.5361682508157183,1.0,0.4157080532635128,0.933661958668305,908.1216858207013,0,1007,0,0.0,1,0
20260517_001713,172,e1,PPO+Fuzzy+OP-CBRS-w/o-OSD-Source-e1,proxy,1,80.56,1,0.9731876861966237,4.695837289813735,80.56,0.5,0.39375000000000004,16,20,0.9478958401211205,0.5380585898709036,1.0,0.5660517562645283,0.9331621324010126,907.1852413240432,0,1007,0,0.0,1,0
20260517_001713,173,e1,PPO+Fuzzy+OP-CBRS-w/o-OSD-Source-e1,proxy,1,80.72,1,0.9890981169474727,4.702745987109136,80.72,0.5,0.39375000000000004,16,18,0.9458767388927924,0.5365213082259662,1.0,0.3315537057962953,0.9336313593399325,909.3540862864852,0,1009,0,0.0,1,0
20260517_001713,174,e1,PPO+Fuzzy+OP-CBRS-w/o-OSD-Source-e1,proxy,1,81.04,4,0.9743336623889437,4.716417194201125,81.04,0.5,0.39375000000000004,16,37,0.9424726752985383,0.5375625793259061,1.0,0.23023280413124003,0.9333184156119435,910.0347574234988,0,1013,0,0.0,1,0
20260517_001713,175,e1,PPO+Fuzzy+OP-CBRS-w/o-OSD-Source-e1,proxy,1,80.64,1,0.9851190476190477,4.69965058805833,80.64,0.5,0.39375000000000004,16,19,0.9471234047105388,0.5381669855442175,1.0,0.4945785387508827,0.933314532541858,907.894507370069,0,1008,0,0.0,1,0
20260517_001713,176,e1,PPO+Fuzzy+OP-CBRS-w/o-OSD-Source-e1,proxy,1,80.96000000000001,2,0.9792490118577075,4.712928322976144,80.96000000000001,0.5,0.39375000000000004,16,22,0.9432626973263359,0.5379067264257481,1.0,0.5493766321914632,0.9331265641525925,907.8059713943004,0,1012,0,0.0,1,0
20260517_001713,177,e1,PPO+Fuzzy+OP-CBRS-w/o-OSD-Source-e1,proxy,1,80.8,1,0.9663366336633663,4.705260435145963,80.8,0.5,0.39375000000000004,16,25,0.9446355921797233,0.5382010254596886,1.0,0.36606761539678667,0.9336627635329481,908.9307451437438,0,1010,0,0.0,1,0
20260517_001713,178,e1,PPO+Fuzzy+OP-CBRS-w/o-OSD-Source-e1,proxy,1,80.56,1,0.9841112214498511,4.6959665109735464,80.56,0.5,0.39375000000000004,16,30,0.9479470635952045,0.5357683714001987,1.0,0.4380842297882739,0.9334953027622152,908.2585006059069,0,1007,0,0.0,1,0
20260517_001713,179,e1,PPO+Fuzzy+OP-CBRS-w/o-OSD-Source-e1,proxy,1,80.4,2,0.9930348258706467,4.6898649903380605,80.4,0.5,0.39375000000000004,16,27,0.9502069683810371,0.5387002487562188,1.0,0.8649956463145894,0.9332687248011725,904.145410950214,0,1005,0,0.0,1,0
20260517_001713,180,e1,PPO+Fuzzy+OP-CBRS-w/o-OSD-Source-e1,proxy,1,80.56,0,0.9811320754716981,4.695762518653673,80.56,0.49671661985655347,0.3900561973386226,16,22,0.9478324984367696,0.538298872180451,0.9562215980873815,0.2882470316677039,0.9333575623803106,910.6795766368595,0,1007,0,0.0,1,0
20260517_001713,181,e1,PPO+Fuzzy+OP-CBRS-w/o-OSD-Source-e1,proxy,1,80.0,1,0.982,4.6726883329836335,80.0,0.5,0.39375000000000004,16,26,0.9549448307156563,0.5375714285714285,1.0,0.7703229733467724,0.9334103742179768,904.0130203930139,0,1000,0,0.0,1,0
20260517_001713,182,e1,PPO+Fuzzy+OP-CBRS-w/o-OSD-Source-e1,proxy,1,80.0,1,0.98,4.671383863504654,80.0,0.5,0.39375000000000004,16,46,0.9538012273311615,0.5385160714285714,1.0,0.20504777579306768,0.9337303304468126,908.5728048992339,0,1000,0,0.0,1,0
20260517_001713,183,e1,PPO+Fuzzy+OP-CBRS-w/o-OSD-Source-e1,proxy,1,80.08,2,0.983016983016983,4.675393030498468,80.08,0.5,0.39375000000000004,16,39,0.9535595064277534,0.5378585700014272,1.0,0.3749256310335862,0.9329268018651642,907.2704884791369,0,1001,0,0.0,1,0
20260517_001713,184,e1,PPO+Fuzzy+OP-CBRS-w/o-OSD-Source-e1,proxy,1,80.08,3,0.916083916083916,4.67648995435306,80.08,0.5,0.39375000000000004,16,44,0.9540846156669068,0.5386916654773797,1.0,0.30608775579170344,0.9336329170253371,907.0835332939071,0,1001,0,0.0,1,0
20260517_001713,185,e1,PPO+Fuzzy+OP-CBRS-w/o-OSD-Source-e1,proxy,1,80.16,0,0.9850299401197605,4.678893373633317,80.16,0.5,0.39375000000000004,16,6,0.9524710563842408,0.53767375962361,1.0,0.5795708578994995,0.9334906672409636,906.3352440596659,0,1002,0,0.0,1,0
20260517_001713,186,e1,PPO+Fuzzy+OP-CBRS-w/o-OSD-Source-e1,proxy,1,79.92,0,0.9669669669669669,4.669001491015058,79.92,0.5,0.39375000000000004,16,10,0.9555556046234833,0.5381184756184756,1.0,0.5281341893260822,0.9336049442560476,906.2086843249767,0,999,0,0.0,1,0
20260517_001713,187,e1,PPO+Fuzzy+OP-CBRS-w/o-OSD-Source-e1,proxy,1,80.24,1,0.9830508474576272,4.68153536911571,80.24,0.5,0.39375000000000004,16,13,0.9509149282309017,0.5378587451929924,1.0,0.804173333482256,0.933629052768065,904.1515031688696,0,1003,0,0.0,1,0
20260517_001713,188,e1,PPO+Fuzzy+OP-CBRS-w/o-OSD-Source-e1,proxy,1,80.0,3,0.989,4.6733599133211845,80.0,0.5,0.39375000000000004,16,28,0.9551804607510567,0.5377696428571427,1.0,0.8316024201748172,0.9340190309805328,903.4748352028444,0,1000,0,0.0,1,0
20260517_001713,189,e1,PPO+Fuzzy+OP-CBRS-w/o-OSD-Source-e1,proxy,1,80.0,1,0.991,4.674033155486389,80.0,0.5,0.39375000000000004,16,11,0.9557081612348557,0.5372767857142857,1.0,0.7417887525338837,0.9339754931824281,904.8871956218693,0,1000,0,0.0,1,0
20260517_001713,190,e1,PPO+Fuzzy+OP-CBRS-w/o-OSD-Source-e1,proxy,1,79.84,0,0.9779559118236473,4.6650461122379285,79.84,0.5,0.39375000000000004,16,49,0.9563087364117464,0.538043945032923,1.0,0.8111400374709431,0.9331484559298023,903.6156897693534,0,998,0,0.0,1,0
20260517_001713,191,e1,PPO+Fuzzy+OP-CBRS-w/o-OSD-Source-e1,proxy,1,79.92,2,0.963963963963964,4.6700160992265936,79.92,0.5,0.39375000000000004,16,55,0.9561395172600273,0.5374731874731874,1.0,0.360461543204735,0.9339387359823661,906.7446884997236,0,999,0,0.0,1,0
20260517_001713,192,e1,PPO+Fuzzy+OP-CBRS-w/o-OSD-Source-e1,proxy,1,79.92,1,0.973973973973974,4.669485790638959,79.92,0.5,0.39375000000000004,16,15,0.9557311059953691,0.5378351565851563,1.0,0.6667475518479827,0.9336555914143534,904.706287504636,0,999,0,0.0,1,0
20260517_001713,193,e1,PPO+Fuzzy+OP-CBRS-w/o-OSD-Source-e1,proxy,1,79.92,1,0.986986986986987,4.670013384159047,79.92,0.5,0.39375000000000004,16,14,0.9560923778616989,0.5374937437437437,1.0,0.6856311306153181,0.9338999553808864,904.803558332525,0,999,0,0.0,1,0
20260517_001713,194,e1,PPO+Fuzzy+OP-CBRS-w/o-OSD-Source-e1,proxy,1,80.0,1,0.975,4.673730473467325,80.0,0.5,0.39375000000000004,16,32,0.9555099929571151,0.5382419642857141,1.0,0.09167959570369409,0.9335898971330997,910.254498606361,0,1000,0,0.0,1,0
20260517_001713,195,e1,PPO+Fuzzy+OP-CBRS-w/o-OSD-Source-e1,proxy,1,80.0,2,0.988,4.672766267821436,80.0,0.5,0.39375000000000004,16,22,0.9546012928485871,0.5380901785714284,1.0,0.8933907420610337,0.9340992592869644,902.8138468875982,0,1000,0,0.0,1,0
20260517_001713,196,e1,PPO+Fuzzy+OP-CBRS-w/o-OSD-Source-e1,proxy,1,79.92,1,0.98998998998999,4.669682336311698,79.92,0.5,0.39375000000000004,16,22,0.9559278458327025,0.5382757757757757,1.0,0.7313798340954082,0.9337079614428988,904.8105693418725,0,999,0,0.0,1,0
20260517_001713,197,e1,PPO+Fuzzy+OP-CBRS-w/o-OSD-Source-e1,proxy,1,80.08,2,0.978021978021978,4.676931291014836,80.08,0.5,0.39375000000000004,16,18,0.9544672041863471,0.5374099115170543,1.0,0.06462389375616351,0.9339066222948933,910.0887322622876,0,1001,0,0.0,1,0
20260517_001713,198,e1,PPO+Fuzzy+OP-CBRS-w/o-OSD-Source-e1,proxy,1,79.76,1,0.9899699097291875,4.661387551448126,79.76,0.5,0.39375000000000004,16,17,0.9569106919236982,0.538437634331566,1.0,0.5739187578206563,0.9337539004397186,905.226621808348,0,997,0,0.0,1,0
20260517_001713,199,e1,PPO+Fuzzy+OP-CBRS-w/o-OSD-Source-e1,proxy,1,80.0,1,0.987,4.672678728248044,80.0,0.5,0.39375000000000004,16,38,0.9548424024283886,0.5374839285714285,1.0,0.47380839637981265,0.9337101065151703,906.8923523066386,0,1000,0,0.0,1,0
20260517_001713,200,e1,PPO+Fuzzy+OP-CBRS-w/o-OSD-Source-e1,proxy,1,79.92,1,0.97997997997998,4.669320674772145,79.92,0.5,0.39375000000000004,16,25,0.9557485285702649,0.5371523309023308,1.0,0.6860766263028719,0.9339466271486156,904.5998781561951,0,999,0,0.0,1,0
20260517_001713,201,e1,PPO+Fuzzy+OP-CBRS-w/o-OSD-Source-e1,proxy,1,79.84,5,0.9859719438877755,4.664581942383365,79.84,0.5,0.39375000000000004,16,38,0.955708819484424,0.5371734540509591,1.0,0.5076919218332733,0.9338547540181569,904.3381485520327,0,998,0,0.0,1,0
20260517_001713,202,e1,PPO+Fuzzy+OP-CBRS-w/o-OSD-Source-e1,proxy,1,80.08,0,0.991008991008991,4.6764502903847935,80.08,0.5,0.39375000000000004,16,22,0.9539789768246623,0.5377595618667047,1.0,0.7743968052035299,0.9337240278818087,905.0455059206716,0,1001,0,0.0,1,0
20260517_001713,203,e1,PPO+Fuzzy+OP-CBRS-w/o-OSD-Source-e1,proxy,1,79.92,1,0.993993993993994,4.669818990201223,79.92,0.5,0.39375000000000004,16,23,0.9559508613399319,0.5372837122837121,1.0,0.649545435386088,0.9340704641216193,905.3699789551088,0,999,0,0.0,1,0
20260517_001713,204,e1,PPO+Fuzzy+OP-CBRS-w/o-OSD-Source-e1,proxy,1,79.84,3,0.9729458917835672,4.666648926133277,79.84,0.5,0.39375000000000004,16,24,0.9572370423821505,0.5374713713140566,1.0,0.2845417594573973,0.9338460732675234,907.3078976238421,0,998,0,0.0,1,0
20260517_001713,205,e1,PPO+Fuzzy+OP-CBRS-w/o-OSD-Source-e1,proxy,1,79.92,0,0.9459459459459459,4.669771554069568,79.92,0.4972048229825311,0.39060542585534747,16,25,0.9559798649958782,0.5371639496639495,0.9627309731004076,0.21216982442916837,0.9340491943031987,909.5647434294953,0,999,0,0.0,1,0
20260517_001713,206,e1,PPO+Fuzzy+OP-CBRS-w/o-OSD-Source-e1,proxy,1,79.92,2,0.982982982982983,4.669438630632987,79.92,0.5,0.39375000000000004,16,34,0.9556174457252204,0.5369887744887744,1.0,0.5228741808041829,0.9340457360923333,905.630977225775,0,999,0,0.0,1,0
20260517_001713,207,e1,PPO+Fuzzy+OP-CBRS-w/o-OSD-Source-e1,proxy,1,80.48,2,0.9860834990059643,4.69859359397599,80.48,0.5,0.39375000000000004,16,20,0.9528945543568129,0.5395643993183754,1.0,0.9012247492044031,0.9249379454931089,904.2673303206914,0,1006,0,0.0,1,0
20260517_001713,208,e1,PPO+Fuzzy+OP-CBRS-w/o-OSD-Source-e1,proxy,1,79.84,2,0.9789579158316634,4.6669619672502565,79.84,0.5,0.39375000000000004,16,26,0.9573301619183802,0.5370857787002574,1.0,0.10236376683434371,0.9338547255656144,909.2193495571399,0,998,0,0.0,1,0
20260517_001713,209,e1,PPO+Fuzzy+OP-CBRS-w/o-OSD-Source-e1,proxy,1,79.92,1,0.938938938938939,4.671150756762318,79.92,0.5,0.39375000000000004,16,26,0.9568383815410259,0.5381095381095381,1.0,0.6178635684947379,0.9340813406775733,905.216370827303,0,999,0,0.0,1,0
20260517_001713,210,e1,PPO+Fuzzy+OP-CBRS-w/o-OSD-Source-e1,proxy,1,79.84,2,0.9889779559118237,4.66666132361232,79.84,0.5,0.39375000000000004,16,27,0.9570514021631711,0.5366885556827939,1.0,0.9013059451759835,0.9337568798387221,902.7077105317896,0,998,0,0.0,1,0
20260517_001713,211,e1,PPO+Fuzzy+OP-CBRS-w/o-OSD-Source-e1,proxy,1,79.76,0,0.9618856569709128,4.663170854416221,79.76,0.5,0.39375000000000004,16,28,0.9579878821894302,0.5378788150164778,1.0,0.40068073546751315,0.9341548939408478,907.1433652793298,0,997,0,0.0,1,0
20260517_001713,212,e1,PPO+Fuzzy+OP-CBRS-w/o-OSD-Source-e1,proxy,1,79.68,0,0.9588353413654619,4.659660640158433,79.68,0.49678428695219173,0.3901323228212157,16,3,0.9590571708229172,0.5363785499139413,0.9571238260292358,0.3929151618385871,0.9338968311870658,907.5508470130184,0,996,0,0.0,1,0
20260517_001713,213,e1,PPO+Fuzzy+OP-CBRS-w/o-OSD-Source-e1,proxy,1,79.84,0,0.9899799599198397,4.66735482595602,79.84,0.5,0.39375000000000004,16,12,0.9575956842464531,0.5374713713140566,1.0,0.6638919598489023,0.9339095277036891,905.5740997445699,0,998,0,0.0,1,0
20260517_001713,214,e1,PPO+Fuzzy+OP-CBRS-w/o-OSD-Source-e1,proxy,1,79.84,2,0.9759519038076152,4.666910943546309,79.84,0.5,0.39375000000000004,16,5,0.9572291350914147,0.5376467220154594,1.0,0.791921909627954,0.9341182336068894,903.4393448470245,0,998,0,0.0,1,0
20260517_001713,215,e1,PPO+Fuzzy+OP-CBRS-w/o-OSD-Source-e1,proxy,1,79.84,3,0.968937875751503,4.6668968004896305,79.84,0.5,0.39375000000000004,16,31,0.9572316925367994,0.5360515674205553,1.0,0.34926200048084377,0.9337712463188067,906.694774583243,0,998,0,0.0,1,0
20260517_001713,216,e1,PPO+Fuzzy+OP-CBRS-w/o-OSD-Source-e1,proxy,1,79.92,1,0.97997997997998,4.671449798628023,79.92,0.5,0.39375000000000004,16,44,0.9570081686830377,0.5367143929643928,1.0,0.5863812293103382,0.9341854798205252,905.8864507451683,0,999,0,0.0,1,0
20260517_001713,217,e1,PPO+Fuzzy+OP-CBRS-w/o-OSD-Source-e1,proxy,1,79.92,0,0.982982982982983,4.671511505911565,79.92,0.5,0.39375000000000004,16,14,0.9570527712742726,0.536670599170599,1.0,0.4150956211495502,0.9342009437336174,907.9867403850957,0,999,0,0.0,1,0
20260517_001713,218,e1,PPO+Fuzzy+OP-CBRS-w/o-OSD-Source-e1,proxy,1,79.84,1,0.9729458917835672,4.667226366121529,79.84,0.49303513190091486,0.38591452338852916,16,28,0.9574188605279388,0.5372289221299741,0.9071350920121725,0.4391228660229433,0.9324411241247901,907.808448347919,0,998,0,0.0,1,0
20260517_001713,219,e1,PPO+Fuzzy+OP-CBRS-w/o-OSD-Source-e1,proxy,1,79.92,0,0.984984984984985,4.6716073629001444,79.92,0.48990755271560754,0.3823959968050585,16,25,0.957120416042683,0.536670599170599,0.865434036208089,0.49298980068557485,0.934204654372444,909.7168591074214,0,999,0,0.0,1,0
20260517_001713,220,e1,PPO+Fuzzy+OP-CBRS-w/o-OSD-Source-e1,proxy,1,79.92,0,0.985985985985986,4.671500369691084,79.92,0.5,0.39375000000000004,16,9,0.9570446847914694,0.5365713928213928,1.0,0.4039029952388488,0.9341977895970874,907.9271178296349,0,999,0,0.0,1,0
20260517_001713,221,e1,PPO+Fuzzy+OP-CBRS-w/o-OSD-Source-e1,proxy,1,79.92,0,0.980980980980981,4.671582864045563,79.92,0.5,0.39375000000000004,16,20,0.9571030189444473,0.5369011869011868,1.0,0.38475249688131513,0.9341787839505552,908.1702495018305,0,999,0,0.0,1,0
20260517_001713,222,e1,PPO+Fuzzy+OP-CBRS-w/o-OSD-Source-e1,proxy,1,79.92,1,0.975975975975976,4.671586599670856,79.92,0.4977079199546267,0.39117140994895505,16,18,0.9571057854591308,0.536670599170599,0.9694389327283702,0.0655675478574052,0.93420373885361,910.9302462816747,0,999,0,0.0,1,0
20260517_001713,223,e1,PPO+Fuzzy+OP-CBRS-w/o-OSD-Source-e1,proxy,1,79.92,0,0.964964964964965,4.671442500456924,79.92,0.5,0.39375000000000004,16,16,0.956998804190734,0.536670599170599,1.0,0.4682118301841602,0.9341939687905233,907.4443882626973,0,999,0,0.0,1,0
20260517_001713,224,e1,PPO+Fuzzy+OP-CBRS-w/o-OSD-Source-e1,proxy,1,79.92,0,0.988988988988989,4.671514895390721,79.92,0.5,0.39375000000000004,16,5,0.9570538626538144,0.536670599170599,1.0,0.7978381208137062,0.9342042427047159,904.985545799849,0,999,0,0.0,1,0
20260517_001713,225,e1,PPO+Fuzzy+OP-CBRS-w/o-OSD-Source-e1,proxy,1,79.92,1,0.9819819819819819,4.6715043755722485,79.92,0.5,0.39375000000000004,16,33,0.9570474513061531,0.536670599170599,1.0,1.0,0.9342021304453834,902.8873105779205,0,999,0,0.0,1,0
20260517_001713,226,e1,PPO+Fuzzy+OP-CBRS-w/o-OSD-Source-e1,proxy,1,79.92,2,0.977977977977978,4.6716073629001444,79.92,0.5,0.39375000000000004,16,24,0.957120416042683,0.536670599170599,1.0,0.6855874574997664,0.934204654372444,904.7907835103404,0,999,0,0.0,1,0
20260517_001713,227,e1,PPO+Fuzzy+OP-CBRS-w/o-OSD-Source-e1,proxy,1,79.92,1,0.970970970970971,4.6716073629001444,79.92,0.5,0.39375000000000004,16,22,0.957120416042683,0.536670599170599,1.0,0.17425963851812362,0.934204654372444,909.3682993001119,0,999,0,0.0,1,0
20260517_001713,228,e1,PPO+Fuzzy+OP-CBRS-w/o-OSD-Source-e1,proxy,1,79.92,1,0.9769769769769769,4.671418930167875,79.92,0.5,0.39375000000000004,16,37,0.9569864515905027,0.5368019805519805,1.0,0.3290051365323512,0.934191220610184,908.2826251355277,0,999,0,0.0,1,0
20260517_001713,229,e1,PPO+Fuzzy+OP-CBRS-w/o-OSD-Source-e1,proxy,1,79.92,1,0.987987987987988,4.6716073629001444,79.92,0.5,0.39375000000000004,16,28,0.957120416042683,0.536670599170599,1.0,0.7549365932194497,0.934204654372444,904.7765841933208,0,999,0,0.0,1,0
20260517_001713,230,e1,PPO+Fuzzy+OP-CBRS-w/o-OSD-Source-e1,proxy,1,79.92,2,0.991991991991992,4.6715917919320145,79.92,0.5,0.39375000000000004,16,36,0.9571094450888572,0.536670599170599,1.0,0.6373818099277848,0.9342026549335042,905.6589531948572,0,999,0,0.0,1,0
20260517_001713,231,e1,PPO+Fuzzy+OP-CBRS-w/o-OSD-Source-e1,proxy,1,79.92,0,0.975975975975976,4.6716073629001444,79.92,0.5,0.39375000000000004,16,18,0.957120416042683,0.536670599170599,1.0,0.37196544046230917,0.934204654372444,908.4466482508312,0,999,0,0.0,1,0
20260517_001713,232,e1,PPO+Fuzzy+OP-CBRS-w/o-OSD-Source-e1,proxy,1,79.92,0,0.986986986986987,4.671523868845933,79.92,0.5,0.39375000000000004,16,14,0.9570616435956907,0.536670599170599,1.0,0.361937108367273,0.9342026714525944,908.3931361683408,0,999,0,0.0,1,0
20260517_001713,233,e1,PPO+Fuzzy+OP-CBRS-w/o-OSD-Source-e1,proxy,1,79.92,0,0.985985985985986,4.6716073629001444,79.92,0.5,0.39375000000000004,16,11,0.957120416042683,0.536670599170599,1.0,0.47263532428525334,0.934204654372444,907.4717496544348,0,999,0,0.0,1,0
20260517_001713,234,e1,PPO+Fuzzy+OP-CBRS-w/o-OSD-Source-e1,proxy,1,79.92,2,0.953953953953954,4.6716073629001444,79.92,0.5,0.39375000000000004,16,30,0.957120416042683,0.536670599170599,1.0,0.41253152382328667,0.934204654372444,906.6966147704356,0,999,0,0.0,1,0
20260517_001713,235,e1,PPO+Fuzzy+OP-CBRS-w/o-OSD-Source-e1,proxy,1,79.92,0,0.9629629629629629,4.6716073629001444,79.92,0.5,0.39375000000000004,16,14,0.957120416042683,0.536670599170599,1.0,0.36713545606739256,0.934204654372444,908.117362993321,0,999,0,0.0,1,0
20260517_001713,236,e1,PPO+Fuzzy+OP-CBRS-w/o-OSD-Source-e1,proxy,1,79.92,2,0.983983983983984,4.6716073629001444,79.92,0.5,0.39375000000000004,16,28,0.957120416042683,0.536670599170599,1.0,0.4783772714445035,0.934204654372444,906.8622581048786,0,999,0,0.0,1,0
20260517_001713,237,e1,PPO+Fuzzy+OP-CBRS-w/o-OSD-Source-e1,proxy,1,79.92,0,0.987987987987988,4.671607358219914,79.92,0.5,0.39375000000000004,16,4,0.9571204124031601,0.536670599170599,1.0,0.658471949801922,0.9342046298081508,906.1278898122423,0,999,0,0.0,1,0
20260517_001713,238,e1,PPO+Fuzzy+OP-CBRS-w/o-OSD-Source-e1,proxy,1,79.92,2,0.987987987987988,4.6716073629001444,79.92,0.5,0.39375000000000004,16,23,0.957120416042683,0.536670599170599,1.0,1.0,0.934204654372444,902.3406246430633,0,999,0,0.0,1,0
20260517_001713,239,e1,PPO+Fuzzy+OP-CBRS-w/o-OSD-Source-e1,proxy,1,79.92,0,0.972972972972973,4.6716073629001444,79.92,0.5,0.39375000000000004,16,3,0.957120416042683,0.536670599170599,1.0,0.0,0.934204654372444,911.5175198096431,0,999,0,0.0,1,0
20260517_001713,240,e1,PPO+Fuzzy+OP-CBRS-w/o-OSD-Source-e1,proxy,1,79.92,1,0.970970970970971,4.6716073629001444,79.92,0.4990285075341495,0.3926570709759182,16,23,0.957120416042683,0.536670599170599,0.9870467671220018,0.8335828606115806,0.934204654372444,904.178225672002,0,999,0,0.0,1,0
20260517_001713,241,e1,PPO+Fuzzy+OP-CBRS-w/o-OSD-Source-e1,proxy,1,79.92,2,0.9819819819819819,4.6716073629001444,79.92,0.5,0.39375000000000004,16,20,0.957120416042683,0.536670599170599,1.0,0.7495567584007475,0.934204654372444,904.5239522362599,0,999,0,0.0,1,0
20260517_001713,242,e1,PPO+Fuzzy+OP-CBRS-w/o-OSD-Source-e1,proxy,1,79.92,1,0.986986986986987,4.6716073629001444,79.92,0.5,0.39375000000000004,16,33,0.957120416042683,0.536670599170599,1.0,0.28468051187789023,0.934204654372444,908.6219039854968,0,999,0,0.0,1,0
20260517_001713,243,e1,PPO+Fuzzy+OP-CBRS-w/o-OSD-Source-e1,proxy,1,79.84,3,0.9859719438877755,4.667845874601993,79.84,0.5,0.39375000000000004,16,28,0.957897742728671,0.5370097337532205,1.0,0.9150587839467255,0.9341877346441407,902.5077866507113,0,998,0,0.0,1,0
20260517_001713,244,e1,PPO+Fuzzy+OP-CBRS-w/o-OSD-Source-e1,proxy,1,79.92,1,0.977977977977978,4.671593984021092,79.92,0.5,0.39375000000000004,16,15,0.9571099386916863,0.536670599170599,1.0,0.30868517154912545,0.9342039028168805,908.2730348052795,0,999,0,0.0,1,0
20260517_001713,245,e1,PPO+Fuzzy+OP-CBRS-w/o-OSD-Source-e1,proxy,1,79.92,0,0.975975975975976,4.671264589473256,79.92,0.5,0.39375000000000004,16,9,0.9568768578606683,0.536527599027599,1.0,0.7002741695718805,0.9341904364990363,905.42314823694,0,999,0,0.0,1,0
20260517_001713,246,e1,PPO+Fuzzy+OP-CBRS-w/o-OSD-Source-e1,proxy,1,79.92,2,0.982982982982983,4.671485026784925,79.92,0.5,0.39375000000000004,16,26,0.957034309048791,0.5371433933933932,1.0,0.2977031151956961,0.93420007430453,908.2511044327023,0,999,0,0.0,1,0
20260517_001713,247,e1,PPO+Fuzzy+OP-CBRS-w/o-OSD-Source-e1,proxy,1,79.92,0,0.990990990990991,4.67141719641851,79.92,0.5,0.39375000000000004,16,21,0.9569852558580844,0.536527599027599,1.0,0.7126590429175692,0.9341994808401184,905.3859401017636,0,999,0,0.0,1,0
20260517_001713,248,e1,PPO+Fuzzy+OP-CBRS-w/o-OSD-Source-e1,proxy,1,79.92,0,0.963963963963964,4.671900222344101,79.92,0.5,0.39375000000000004,16,37,0.9574086821831025,0.5370236307736306,1.0,0.0,0.9324701761637779,911.2832608535366,0,999,0,0.0,1,0
20260517_001713,249,e1,PPO+Fuzzy+OP-CBRS-w/o-OSD-Source-e1,proxy,1,79.84,1,0.9879759519038076,4.667197128348841,79.84,0.5,0.39375000000000004,16,18,0.9573735121137393,0.5362501789292871,1.0,1.0,0.9340674726078776,902.2509698639947,0,998,0,0.0,1,0
20260517_001713,250,e1,PPO+Fuzzy+OP-CBRS-w/o-OSD-Source-e1,proxy,1,79.92,1,0.987987987987988,4.671229440432228,79.92,0.5,0.39375000000000004,16,35,0.956849342888898,0.5367143929643927,1.0,0.6292457220842361,0.9341907592666353,905.7784610702064,0,999,0,0.0,1,0
20260517_001713,251,e1,PPO+Fuzzy+OP-CBRS-w/o-OSD-Source-e1,proxy,1,79.84,2,0.9899799599198397,4.664594680428355,79.84,0.5,0.39375000000000004,16,16,0.9555951799443346,0.5368987975951902,1.0,0.7461968742425161,0.9305222436228753,902.4162951846718,0,998,0,0.0,1,0
20260517_001713,252,e1,PPO+Fuzzy+OP-CBRS-w/o-OSD-Source-e1,proxy,1,79.92,0,0.977977977977978,4.671603877251311,79.92,0.5,0.39375000000000004,16,15,0.9571179016693696,0.536670599170599,1.0,0.8626579265731977,0.9342043761037011,904.142866711532,0,999,0,0.0,1,0
20260517_001713,253,e1,PPO+Fuzzy+OP-CBRS-w/o-OSD-Source-e1,proxy,1,81.12,0,0.9714003944773175,4.732385446441866,81.12,0.5,0.39375000000000004,16,13,0.9489199750610358,0.5433176599041982,1.0,0.5226101510748976,0.9149396126140938,909.1262065267738,0,1014,0,0.0,1,0
20260517_001713,254,e1,PPO+Fuzzy+OP-CBRS-w/o-OSD-Source-e1,proxy,1,79.84,3,0.9799599198396793,4.6673888933230225,79.84,0.5,0.39375000000000004,16,41,0.9575370015027767,0.5372843902089893,1.0,0.9749960471307584,0.9341453317457622,901.6356598519408,0,998,0,0.0,1,0
20260517_001713,255,e1,PPO+Fuzzy+OP-CBRS-w/o-OSD-Source-e1,proxy,1,79.92,1,0.964964964964965,4.671230325890988,79.92,0.49927013478159543,0.39292890162929484,16,20,0.9568486324063054,0.5366151866151865,0.9902684637546306,0.29660477874540575,0.9341950511760596,908.339363535762,0,999,0,0.0,1,0
20260517_001713,256,e1,PPO+Fuzzy+OP-CBRS-w/o-OSD-Source-e1,proxy,1,79.68,0,0.9849397590361446,4.659576468699023,79.68,0.5,0.39375000000000004,16,22,0.9589158941105188,0.5366654116465862,1.0,0.9390851337776905,0.9339573793834014,902.341499817346,0,996,0,0.0,1,0
20260517_001713,257,e1,PPO+Fuzzy+OP-CBRS-w/o-OSD-Source-e1,proxy,1,80.88,1,0.9515331355093967,4.72199081062493,80.88,0.5,0.39375000000000004,16,22,0.9528578334698927,0.5422336441995195,1.0,0.1550176998065266,0.9162402838914403,911.3940919430902,0,1011,0,0.0,1,0
20260517_001713,258,e1,PPO+Fuzzy+OP-CBRS-w/o-OSD-Source-e1,proxy,1,79.84,1,0.9819639278557114,4.667683939391149,79.84,0.5,0.39375000000000004,16,46,0.9578275495994545,0.5373604351560263,1.0,0.5910546506474442,0.9342018416094312,905.8223411089192,0,998,0,0.0,1,0
20260517_001713,259,e1,PPO+Fuzzy+OP-CBRS-w/o-OSD-Source-e1,proxy,1,79.76,0,0.9889669007021064,4.663571145071816,79.76,0.5,0.39375000000000004,16,26,0.9583156945832156,0.5367325189855279,1.0,1.0,0.9339828701364927,902.342550832739,0,997,0,0.0,1,0
20260517_001713,260,e1,PPO+Fuzzy+OP-CBRS-w/o-OSD-Source-e1,proxy,1,80.0,0,0.989,4.67582823105635,80.0,0.5,0.39375000000000004,16,15,0.9568705480396748,0.5369473214285713,1.0,0.7605595332246677,0.9328697368259704,905.378517078164,0,1000,0,0.0,1,0
20260517_001713,261,e1,PPO+Fuzzy+OP-CBRS-w/o-OSD-Source-e1,proxy,1,79.92,1,0.977977977977978,4.6712736530854,79.92,0.5,0.39375000000000004,16,7,0.9568835715273837,0.5367581867581867,1.0,0.15297450503646828,0.9341880881461693,909.7534807571719,0,999,0,0.0,1,0
20260517_001713,262,e1,PPO+Fuzzy+OP-CBRS-w/o-OSD-Source-e1,proxy,1,79.84,2,0.9929859719438878,4.667291593793155,79.84,0.5,0.39375000000000004,16,22,0.9574672326535165,0.5371645075866017,1.0,0.46737304772773003,0.9341350909498717,906.3640381026271,0,998,0,0.0,1,0
20260517_001713,263,e1,PPO+Fuzzy+OP-CBRS-w/o-OSD-Source-e1,proxy,1,79.92,1,0.955955955955956,4.671167870657497,79.92,0.5,0.39375000000000004,16,47,0.9568054195161577,0.5367581867581867,1.0,0.17427361395533564,0.9341760976565547,909.2174134348583,0,999,0,0.0,1,0
20260517_001713,264,e1,PPO+Fuzzy+OP-CBRS-w/o-OSD-Source-e1,proxy,1,79.84,0,0.9789579158316634,4.667306437412861,79.84,0.5,0.39375000000000004,16,12,0.9574846470045423,0.5373720655596905,1.0,0.4462155379530242,0.9341548655653232,907.1742776209899,0,998,0,0.0,1,0
20260517_001713,265,e1,PPO+Fuzzy+OP-CBRS-w/o-OSD-Source-e1,proxy,1,79.92,0,0.9529529529529529,4.670968781509846,79.92,0.48500000000000004,0.376875,16,16,0.9566633670299022,0.5373712998712997,0.7999999999999888,0.2053795915586321,0.9341681734908154,912.6190300261832,0,999,0,0.0,1,0
20260517_001713,266,e1,PPO+Fuzzy+OP-CBRS-w/o-OSD-Source-e1,proxy,1,79.92,2,0.986986986986987,4.6716073629001444,79.92,0.5,0.39375000000000004,16,25,0.957120416042683,0.536670599170599,1.0,0.8019099148245988,0.934204654372444,903.9423612022707,0,999,0,0.0,1,0
20260517_001713,267,e1,PPO+Fuzzy+OP-CBRS-w/o-OSD-Source-e1,proxy,1,79.92,5,0.975975975975976,4.671476980862223,79.92,0.5,0.39375000000000004,16,39,0.9570282451264016,0.5367143929643927,1.0,0.49474016301820806,0.9341939768015441,905.4141047226311,0,999,0,0.0,1,0
20260517_001713,268,e1,PPO+Fuzzy+OP-CBRS-w/o-OSD-Source-e1,proxy,1,79.92,1,0.9579579579579579,4.67111972346592,79.92,0.5,0.39375000000000004,16,35,0.9567606723583019,0.5369771557271554,1.0,0.20032352597083736,0.9341692919090111,908.9562461040048,0,999,0,0.0,1,0
20260517_001713,269,e1,PPO+Fuzzy+OP-CBRS-w/o-OSD-Source-e1,proxy,1,79.92,1,0.995995995995996,4.6716073629001444,79.92,0.5,0.39375000000000004,16,28,0.957120416042683,0.536670599170599,1.0,1.0,0.934204654372444,902.9574901003848,0,999,0,0.0,1,0
20260517_001713,270,e1,PPO+Fuzzy+OP-CBRS-w/o-OSD-Source-e1,proxy,1,79.92,2,0.985985985985986,4.67092632748761,79.92,0.5,0.39375000000000004,16,26,0.9566356618483145,0.5372747747747745,1.0,0.7877673530281651,0.9341648911491246,904.0214615625614,0,999,0,0.0,1,0
20260517_001713,271,e1,PPO+Fuzzy+OP-CBRS-w/o-OSD-Source-e1,proxy,1,79.84,2,0.9629258517034068,4.667767095771216,79.84,0.5,0.39375000000000004,16,13,0.9578411598841031,0.5374713713140566,1.0,0.2529896967365007,0.9341771305168076,908.2508364629314,0,998,0,0.0,1,0
20260517_001713,272,e1,PPO+Fuzzy+OP-CBRS-w/o-OSD-Source-e1,proxy,1,79.84,2,0.9408817635270541,4.667182707935599,79.84,0.5,0.39375000000000004,16,28,0.9574238335441253,0.5362501789292871,1.0,0.5055741660370918,0.933476616616493,905.1589988295933,0,998,0,0.0,1,0
20260517_001713,273,e1,PPO+Fuzzy+OP-CBRS-w/o-OSD-Source-e1,proxy,1,79.84,1,0.9899799599198397,4.667361466497201,79.84,0.5,0.39375000000000004,16,34,0.9575484597491836,0.5374042728313768,1.0,0.6248996176872285,0.9341507792819207,905.396899988664,0,998,0,0.0,1,0
20260517_001713,274,e1,PPO+Fuzzy+OP-CBRS-w/o-OSD-Source-e1,proxy,1,79.92,2,0.972972972972973,4.671449106778306,79.92,0.5,0.39375000000000004,16,11,0.9569921244133461,0.536670599170599,1.0,0.07245948471996601,0.9342420335474818,909.9783999538122,0,999,0,0.0,1,0
20260517_001713,275,e1,PPO+Fuzzy+OP-CBRS-w/o-OSD-Source-e1,proxy,1,79.92,2,0.982982982982983,4.671477638318919,79.92,0.488630057549019,0.38095881474264637,16,27,0.9570288724966116,0.536670599170599,0.8484007673202669,0.6450677512368769,0.9341983169782283,907.9429648072037,0,999,0,0.0,1,0
20260517_001713,276,e1,PPO+Fuzzy+OP-CBRS-w/o-OSD-Source-e1,proxy,1,79.84,1,0.969939879759519,4.66762378884225,79.84,0.5,0.39375000000000004,16,18,0.9577181049004824,0.5372843902089892,1.0,0.8821234943972311,0.9341540023982046,903.3382736375721,0,998,0,0.0,1,0
20260517_001713,277,e1,PPO+Fuzzy+OP-CBRS-w/o-OSD-Source-e1,proxy,1,79.84,1,0.9909819639278558,4.667661133328661,79.84,0.5,0.39375000000000004,16,32,0.9577464129857883,0.5375152089894072,1.0,0.9541830023249818,0.9341640641548715,902.8361252423394,0,998,0,0.0,1,0
20260517_001713,278,e1,PPO+Fuzzy+OP-CBRS-w/o-OSD-Source-e1,proxy,1,79.92,2,0.985985985985986,4.671537554980045,79.92,0.5,0.39375000000000004,16,26,0.9570667459084107,0.5367143929643927,1.0,0.47154119003062084,0.934202534580027,906.8525586708541,0,999,0,0.0,1,0
20260517_001713,279,e1,PPO+Fuzzy+OP-CBRS-w/o-OSD-Source-e1,proxy,1,79.92,3,0.9819819819819819,4.671078780099287,79.92,0.5,0.39375000000000004,16,54,0.956743260940632,0.537044187044187,1.0,0.7505349912735253,0.9341895524925903,904.1135698103323,0,999,0,0.0,1,0
20260517_001713,280,e1,PPO+Fuzzy+OP-CBRS-w/o-OSD-Source-e1,proxy,1,79.92,1,0.9629629629629629,4.67126558689912,79.92,0.48631994761851044,0.3783599410708242,16,19,0.9568769307107897,0.5367143929643928,0.8175993015801253,0.329007708811105,0.9341841354745692,911.0019124569899,0,999,0,0.0,1,0
20260517_001713,281,e1,PPO+Fuzzy+OP-CBRS-w/o-OSD-Source-e1,proxy,1,79.92,1,0.985985985985986,4.671591918764717,79.92,0.5,0.39375000000000004,16,35,0.9571094186575683,0.536670599170599,1.0,0.26711962182482624,0.9342031412151801,908.8286596275897,0,999,0,0.0,1,0
20260517_001713,282,e1,PPO+Fuzzy+OP-CBRS-w/o-OSD-Source-e1,proxy,1,79.92,1,0.98998998998999,4.6716037454835275,79.92,0.5,0.39375000000000004,16,30,0.9571178801902183,0.536670599170599,1.0,0.9526182870796678,0.9342040815375885,903.1694895342868,0,999,0,0.0,1,0
20260517_001713,283,e1,PPO+Fuzzy+OP-CBRS-w/o-OSD-Source-e1,proxy,1,79.84,0,0.9839679358717435,4.6667495085371025,79.84,0.5,0.39375000000000004,16,21,0.9571132217953822,0.5377898654451759,1.0,0.7004559928175234,0.9341017969279896,905.0612001798678,0,998,0,0.0,1,0
20260517_001713,284,e1,PPO+Fuzzy+OP-CBRS-w/o-OSD-Source-e1,proxy,1,79.92,0,0.984984984984985,4.671443502230213,79.92,0.5,0.39375000000000004,16,6,0.9570042876390604,0.5367581867581865,1.0,0.7408931656917638,0.9341898918260476,905.3206746382057,0,999,0,0.0,1,0
20260517_001713,285,e1,PPO+Fuzzy+OP-CBRS-w/o-OSD-Source-e1,proxy,1,79.92,3,0.973973973973974,4.6716073629001444,79.92,0.5,0.39375000000000004,16,32,0.957120416042683,0.536670599170599,1.0,0.10672211720263654,0.934204654372444,909.3838908260847,0,999,0,0.0,1,0
20260517_001713,286,e1,PPO+Fuzzy+OP-CBRS-w/o-OSD-Source-e1,proxy,1,79.84,0,0.9849699398797596,4.66753705998044,79.84,0.5,0.39375000000000004,16,18,0.9576791810368249,0.5371412467792727,1.0,0.5804302700938714,0.9341821610847798,906.4975293444213,0,998,0,0.0,1,0
20260517_001713,287,e1,PPO+Fuzzy+OP-CBRS-w/o-OSD-Source-e1,proxy,1,79.92,2,0.987987987987988,4.670892512045486,79.92,0.5,0.39375000000000004,16,30,0.956581105639388,0.5374177749177748,1.0,0.8371949227189623,0.9341669159438434,903.7422842595914,0,999,0,0.0,1,0
20260517_001713,288,e1,PPO+Fuzzy+OP-CBRS-w/o-OSD-Source-e1,proxy,1,79.92,1,0.977977977977978,4.671249016642305,79.92,0.5,0.39375000000000004,16,17,0.9568583378801355,0.5365713928213928,1.0,0.7418703951508774,0.9341661514805876,904.7401338495747,0,999,0,0.0,1,0
20260517_001713,289,e1,PPO+Fuzzy+OP-CBRS-w/o-OSD-Source-e1,proxy,1,79.84,0,0.9859719438877755,4.667490622734758,79.84,0.5,0.39375000000000004,16,11,0.9576399381867869,0.5372289221299743,1.0,0.6422121492021206,0.9341717268598944,905.5931548885892,0,998,0,0.0,1,0
20260517_001713,290,e1,PPO+Fuzzy+OP-CBRS-w/o-OSD-Source-e1,proxy,1,79.92,1,0.988988988988989,4.6712858963514226,79.92,0.5,0.39375000000000004,16,24,0.956892528631785,0.5368019805519804,1.0,1.0,0.9341787550714763,903.0439047186408,0,999,0,0.0,1,0
20260517_001713,291,e1,PPO+Fuzzy+OP-CBRS-w/o-OSD-Source-e1,proxy,1,79.84,2,0.969939879759519,4.667627671436082,79.84,0.5,0.39375000000000004,16,56,0.9577416625911582,0.537097409103922,1.0,0.40137171782083664,0.9341688417351627,907.0597387261014,0,998,0,0.0,1,0
20260517_001713,292,e1,PPO+Fuzzy+OP-CBRS-w/o-OSD-Source-e1,proxy,1,79.92,1,0.986986986986987,4.670755196398052,79.92,0.5,0.39375000000000004,16,35,0.9564827597654378,0.5369887744887742,1.0,0.919084780303478,0.9341500349724897,903.43804874096,0,999,0,0.0,1,0
20260517_001713,293,e1,PPO+Fuzzy+OP-CBRS-w/o-OSD-Source-e1,proxy,1,80.24,1,0.9900299102691924,4.687604116010447,80.24,0.5,0.39375000000000004,16,33,0.95536261196745,0.5389225181598061,1.0,0.7222105923861645,0.929888299762371,906.1616948318617,0,1003,0,0.0,1,0
20260517_001713,294,e1,PPO+Fuzzy+OP-CBRS-w/o-OSD-Source-e1,proxy,1,79.92,0,0.978978978978979,4.671291377674345,79.92,0.5,0.39375000000000004,16,17,0.9568938077749075,0.5365713928213928,1.0,0.39110261559305504,0.9341957683821515,907.955509152541,0,999,0,0.0,1,0
20260517_001713,295,e1,PPO+Fuzzy+OP-CBRS-w/o-OSD-Source-e1,proxy,1,79.92,0,0.991991991991992,4.671525568852013,79.92,0.5,0.39375000000000004,16,16,0.9570627321113456,0.5367143929643927,1.0,0.6424915472300207,0.9341983342717121,906.2337266917554,0,999,0,0.0,1,0
20260517_001713,296,e1,PPO+Fuzzy+OP-CBRS-w/o-OSD-Source-e1,proxy,1,79.92,2,0.980980980980981,4.6713863864153105,79.92,0.5,0.39375000000000004,16,34,0.956962207535485,0.536527599027599,1.0,0.5304419831393783,0.9341938492619357,906.136659337191,0,999,0,0.0,1,0
20260517_001713,297,e1,PPO+Fuzzy+OP-CBRS-w/o-OSD-Source-e1,proxy,1,79.92,1,0.973973973973974,4.671038359396411,79.92,0.5,0.39375000000000004,16,28,0.9567290935907755,0.537187187187187,1.0,0.37786609438887353,0.9341617875211508,907.4882058494377,0,999,0,0.0,1,0
20260517_001713,298,e1,PPO+Fuzzy+OP-CBRS-w/o-OSD-Source-e1,proxy,1,79.84,0,0.9899799599198397,4.667819293450192,79.84,0.5,0.39375000000000004,16,14,0.9578779359200674,0.5368111222444889,1.0,0.7333605149982227,0.9323004334406028,904.8505987721794,0,998,0,0.0,1,0
20260517_001713,299,e1,PPO+Fuzzy+OP-CBRS-w/o-OSD-Source-e1,proxy,1,79.92,2,0.980980980980981,4.671386893922664,79.92,0.5,0.39375000000000004,16,20,0.956962731030133,0.536670599170599,1.0,0.5495349104226609,0.934201095135844,906.0439120629396,0,999,0,0.0,1,0
20260517_001713,300,e1,PPO+Fuzzy+OP-CBRS-w/o-OSD-Source-e1,proxy,1,79.84,0,0.9889779559118237,4.667568817318585,79.84,0.5,0.39375000000000004,16,16,0.9576926948670634,0.5370419410249069,1.0,0.6829067313113889,0.9341680783536254,905.4928625273743,0,998,0,0.0,1,0
20260517_001713,301,e1,PPO+Fuzzy+OP-CBRS-w/o-OSD-Source-e1,proxy,1,79.76,1,0.9648946840521565,4.663237586877371,79.76,0.5,0.39375000000000004,16,21,0.9580609824138515,0.5365659478435305,1.0,0.2530223989671398,0.9339672871941612,907.7035553488115,0,997,0,0.0,1,0
20260517_001713,302,e1,PPO+Fuzzy+OP-CBRS-w/o-OSD-Source-e1,proxy,1,79.84,0,0.9849699398797596,4.6670308603576585,79.84,0.5,0.39375000000000004,16,19,0.9573508183917923,0.5377021900944745,1.0,0.5511594140385769,0.9331990225734721,906.3620300441844,0,998,0,0.0,1,0
20260517_001713,303,e1,PPO+Fuzzy+OP-CBRS-w/o-OSD-Source-e1,proxy,1,79.92,3,0.9769769769769769,4.669511051280863,79.92,0.5,0.39375000000000004,16,42,0.9555974613438856,0.537140712140712,1.0,0.44899150005363786,0.934137866000668,905.9400317674317,0,999,0,0.0,1,0
20260517_001713,304,e1,PPO+Fuzzy+OP-CBRS-w/o-OSD-Source-e1,proxy,1,79.84,0,0.9929859719438878,4.665373572519939,79.84,0.5,0.39375000000000004,16,8,0.956276280965977,0.5361392427712566,1.0,0.582115428576003,0.933704672865142,905.5309875937139,0,998,0,0.0,1,0
20260517_001713,305,e1,PPO+Fuzzy+OP-CBRS-w/o-OSD-Source-e1,proxy,1,79.92,1,0.990990990990991,4.6684864730908435,79.92,0.5,0.39375000000000004,16,25,0.9550268173635423,0.5374615687115686,1.0,0.8403544055839884,0.9274911175818041,902.3849580033695,0,999,0,0.0,1,0
20260517_001713,306,e1,PPO+Fuzzy+OP-CBRS-w/o-OSD-Source-e1,proxy,1,79.84,1,0.9929859719438878,4.666344575754963,79.84,0.5,0.39375000000000004,16,32,0.9568179753834833,0.5372405525336386,1.0,0.8173908536918174,0.93395108231659,903.6815379577071,0,998,0,0.0,1,0
20260517_001713,307,e1,PPO+Fuzzy+OP-CBRS-w/o-OSD-Source-e1,proxy,1,80.08,1,0.949050949050949,4.675905056589234,80.08,0.5,0.39375000000000004,16,0,0.9536356410899244,0.5377711574140144,1.0,0.6405176346867856,0.9337602032170499,905.1363524012049,0,1001,0,0.0,1,0
20260517_001713,308,e1,PPO+Fuzzy+OP-CBRS-w/o-OSD-Source-e1,proxy,1,79.92,0,0.983983983983984,4.669127846444467,79.92,0.5,0.39375000000000004,16,21,0.955518878377355,0.5378673316173314,1.0,0.6619804157392785,0.933946899612987,905.2183744128902,0,999,0,0.0,1,0
20260517_001713,309,e1,PPO+Fuzzy+OP-CBRS-w/o-OSD-Source-e1,proxy,1,80.0,1,0.987,4.672966717555987,80.0,0.5,0.39375000000000004,16,32,0.9547782802581787,0.5386267857142855,1.0,0.430283607294654,0.9336518617097755,906.7969801787442,0,1000,0,0.0,1,0
20260517_001713,310,e1,PPO+Fuzzy+OP-CBRS-w/o-OSD-Source-e1,proxy,1,79.84,0,0.9629258517034068,4.665426178334527,79.84,0.5,0.39375000000000004,16,28,0.9562642599991663,0.5374159032350414,1.0,0.4323661046313418,0.9338139365816802,906.5936440749913,0,998,0,0.0,1,0
20260517_001713,311,e1,PPO+Fuzzy+OP-CBRS-w/o-OSD-Source-e1,proxy,1,79.92,3,0.9819819819819819,4.66914065056567,79.92,0.5,0.39375000000000004,16,12,0.9554675774531322,0.5385733948233947,1.0,0.7419241674789343,0.9336958506272314,903.6205665191516,0,999,0,0.0,1,0
20260517_001713,312,e1,PPO+Fuzzy+OP-CBRS-w/o-OSD-Source-e1,proxy,1,79.84,0,0.9779559118236473,4.666132764747203,79.84,0.5,0.39375000000000004,16,31,0.9569313630670727,0.5380734683653019,1.0,0.6469545230970646,0.9337993064485749,905.2122497911681,0,998,0,0.0,1,0
20260517_001713,313,e1,PPO+Fuzzy+OP-CBRS-w/o-OSD-Source-e1,proxy,1,79.92,1,0.9719719719719719,4.670411494598451,79.92,0.5,0.39375000000000004,16,31,0.9563232506359661,0.5379316816816816,1.0,0.35865735933377413,0.9340870864893659,907.6237854721584,0,999,0,0.0,1,0
20260517_001713,314,e1,PPO+Fuzzy+OP-CBRS-w/o-OSD-Source-e1,proxy,1,79.84,1,0.9659318637274549,4.666651833340144,79.84,0.5,0.39375000000000004,16,29,0.9571895555169405,0.5375679931291153,1.0,0.3616163693798736,0.93410341734956,906.9867013729646,0,998,0,0.0,1,0
20260517_001713,315,e1,PPO+Fuzzy+OP-CBRS-w/o-OSD-Source-e1,proxy,1,79.84,3,0.9859719438877755,4.66647628646736,79.84,0.5,0.39375000000000004,16,25,0.9568747575870735,0.5367762310334955,1.0,0.3521135552343666,0.9336791503116865,906.5146180518408,0,998,0,0.0,1,0
20260517_001713,316,e1,PPO+Fuzzy+OP-CBRS-w/o-OSD-Source-e1,proxy,1,79.92,1,0.990990990990991,4.669890891761275,79.92,0.5,0.39375000000000004,16,20,0.9560236499474213,0.5384947447447447,1.0,1.0,0.9340068082046104,902.5266118335745,0,999,0,0.0,1,0
20260517_001713,317,e1,PPO+Fuzzy+OP-CBRS-w/o-OSD-Source-e1,proxy,1,80.0,0,0.989,4.673267852103142,80.0,0.5,0.39375000000000004,16,17,0.9550485108494758,0.5382071428571427,1.0,0.5516120676440978,0.9338521248809206,906.6515611689335,0,1000,0,0.0,1,0
20260517_001713,318,e1,PPO+Fuzzy+OP-CBRS-w/o-OSD-Source-e1,proxy,1,79.84,1,0.9529058116232465,4.6662977977707145,79.84,0.5,0.39375000000000004,16,29,0.9567714160931612,0.5368782207271685,1.0,0.5826299755025375,0.9341089204813829,905.3040774978273,0,998,0,0.0,1,0
20260517_001713,319,e1,PPO+Fuzzy+OP-CBRS-w/o-OSD-Source-e1,proxy,1,79.92,3,0.968968968968969,4.67045433930969,79.92,0.5,0.39375000000000004,16,37,0.9563982953896394,0.5371639496639495,1.0,0.532118512556095,0.9341874656856818,905.3016104466843,0,999,0,0.0,1,0
20260517_001713,320,e1,PPO+Fuzzy+OP-CBRS-w/o-OSD-Source-e1,proxy,1,79.92,4,0.96996996996997,4.668701120124267,79.92,0.5,0.39375000000000004,16,16,0.955113334877713,0.5383955383955383,1.0,0.6158276107648056,0.9339226184174022,903.9131542136961,0,999,0,0.0,1,0
20260517_001713,321,e1,PPO+Fuzzy+OP-CBRS-w/o-OSD-Source-e1,proxy,1,79.92,2,0.990990990990991,4.670314062261261,79.92,0.5,0.39375000000000004,16,33,0.9563055055754798,0.5371961246961245,1.0,0.8538544740746101,0.9341541605115602,903.4724024848832,0,999,0,0.0,1,0
20260517_001713,322,e1,PPO+Fuzzy+OP-CBRS-w/o-OSD-Source-e1,proxy,1,79.92,2,0.953953953953954,4.670960961894153,79.92,0.4889986854299462,0.38137352110868944,16,25,0.9567221276633613,0.5374910624910623,0.8533158057325972,0.3146055822389312,0.9341778033244393,909.9160715851854,0,999,0,0.0,1,0
20260517_001713,323,e1,PPO+Fuzzy+OP-CBRS-w/o-OSD-Source-e1,proxy,1,79.92,0,0.990990990990991,4.669910090063726,79.92,0.5,0.39375000000000004,16,14,0.9560200958041934,0.537108537108537,1.0,0.7335714960389642,0.9340111303803074,904.9990595130305,0,999,0,0.0,1,0
20260517_001713,324,e1,PPO+Fuzzy+OP-CBRS-w/o-OSD-Source-e1,proxy,1,79.92,1,0.975975975975976,4.67014588966052,79.92,0.5,0.39375000000000004,16,24,0.9561900090168904,0.5373855998855999,1.0,0.5357275852538808,0.9340362474511882,906.128904269689,0,999,0,0.0,1,0
20260517_001713,325,e1,PPO+Fuzzy+OP-CBRS-w/o-OSD-Source-e1,proxy,1,79.84,3,0.9799599198396793,4.666871272132474,79.84,0.5,0.39375000000000004,16,31,0.9571642782501801,0.5368665903235041,1.0,0.612296343399474,0.934182592530538,904.7322185019493,0,998,0,0.0,1,0
20260517_001713,326,e1,PPO+Fuzzy+OP-CBRS-w/o-OSD-Source-e1,proxy,1,79.84,2,0.9859719438877755,4.667728785793945,79.84,0.5,0.39375000000000004,16,38,0.9578928648828265,0.5374159032350413,1.0,0.4903920841056641,0.9339395402248667,906.4805406557243,0,998,0,0.0,1,0
20260517_001713,327,e1,PPO+Fuzzy+OP-CBRS-w/o-OSD-Source-e1,proxy,1,80.0,3,0.979,4.674667486067434,80.0,0.5,0.39375000000000004,16,22,0.9558725545406341,0.5360348214285713,1.0,0.5251173124038472,0.9343792312560447,905.9335346283776,0,1000,0,0.0,1,0
20260517_001713,328,e1,PPO+Fuzzy+OP-CBRS-w/o-OSD-Source-e1,proxy,1,79.92,5,0.955955955955956,4.670206880177529,79.92,0.5,0.39375000000000004,16,20,0.9561583831742242,0.5373623623623622,1.0,0.4925283283613451,0.9341328250448429,904.771745171229,0,999,0,0.0,1,0
20260517_001713,329,e1,PPO+Fuzzy+OP-CBRS-w/o-OSD-Source-e1,proxy,1,79.92,2,0.9719719719719719,4.671066724206306,79.92,0.5,0.39375000000000004,16,38,0.9567199632212207,0.5374293936793936,1.0,0.6218686713981096,0.9341571235074946,905.1654282997748,0,999,0,0.0,1,0
20260517_001713,330,e1,PPO+Fuzzy+OP-CBRS-w/o-OSD-Source-e1,proxy,1,79.92,0,0.980980980980981,4.671275776710686,79.92,0.5,0.39375000000000004,16,16,0.9568865224644467,0.5368019805519804,1.0,0.8295590296391658,0.9341824967831325,904.2720865308236,0,999,0,0.0,1,0
20260517_001713,331,e1,PPO+Fuzzy+OP-CBRS-w/o-OSD-Source-e1,proxy,1,79.92,0,0.963963963963964,4.671478875386469,79.92,0.5,0.39375000000000004,16,12,0.957028997075689,0.5367581867581868,1.0,0.5708779606396878,0.9341974323243302,906.301154304201,0,999,0,0.0,1,0
20260517_001713,332,e1,PPO+Fuzzy+OP-CBRS-w/o-OSD-Source-e1,proxy,1,79.84,2,0.9929859719438878,4.667309809138749,79.84,0.5,0.39375000000000004,16,32,0.957571007206827,0.537097409103922,1.0,0.9141024148408147,0.9341362423167676,902.9201968293683,0,998,0,0.0,1,0
20260517_001713,333,e1,PPO+Fuzzy+OP-CBRS-w/o-OSD-Source-e1,proxy,1,79.92,3,0.977977977977978,4.67110272993128,79.92,0.5,0.39375000000000004,16,57,0.9566639754865263,0.5376483626483624,1.0,0.3944715443048449,0.9342332291021392,906.9692660486105,0,999,0,0.0,1,0
20260517_001713,334,e1,PPO+Fuzzy+OP-CBRS-w/o-OSD-Source-e1,proxy,1,79.76,2,0.9739217652958877,4.6634506111830065,79.76,0.5,0.39375000000000004,16,35,0.9582196169774774,0.5381071786788937,1.0,0.25585982496526194,0.9341287941304328,907.5447687594344,0,997,0,0.0,1,0
20260517_001713,335,e1,PPO+Fuzzy+OP-CBRS-w/o-OSD-Source-e1,proxy,1,79.84,3,0.9679358717434869,4.6675303513692095,79.84,0.5,0.39375000000000004,16,18,0.9577287751472068,0.5376467220154594,1.0,0.4814766981267562,0.9341309529322629,906.0091749436496,0,998,0,0.0,1,0
20260517_001713,336,e1,PPO+Fuzzy+OP-CBRS-w/o-OSD-Source-e1,proxy,1,79.92,1,0.980980980980981,4.670551369544486,79.92,0.5,0.39375000000000004,16,23,0.9563902012698047,0.5375723938223936,1.0,0.5191516523132124,0.9340841334017475,906.4485758054905,0,999,0,0.0,1,0
20260517_001713,337,e1,PPO+Fuzzy+OP-CBRS-w/o-OSD-Source-e1,proxy,1,79.76,2,0.9759277833500501,4.66254691693586,79.76,0.5,0.39375000000000004,16,20,0.9576105205202055,0.537943294168219,1.0,0.3012118202976623,0.934103879879487,907.3067757880774,0,997,0,0.0,1,0
20260517_001713,338,e1,PPO+Fuzzy+OP-CBRS-w/o-OSD-Source-e1,proxy,1,79.92,1,0.991991991991992,4.670696518639814,79.92,0.5,0.39375000000000004,16,19,0.9565314812225861,0.5368341555841556,1.0,0.7697077091919855,0.9341392834890077,904.6902391411197,0,999,0,0.0,1,0
20260517_022857,2,e2,PPO+Fuzzy+OP-CBRS-w/o-OSD-Sim2Sim-Transfer-e2,proxy,1,88.32000000000001,2,0.9990942028985508,5.184127780667104,88.32000000000001,0.4166666666666667,0.3179166666666667,12,11,0.9701706966844158,0.9337771739130434,1.0,0.405311594862196,0.893858730515177,938.4525804303511,0,1104,0,0.0,1,0
20260517_022857,3,e2,PPO+Fuzzy+OP-CBRS-w/o-OSD-Sim2Sim-Transfer-e2,proxy,1,88.32000000000001,0,0.9990942028985508,5.184450493110358,88.32000000000001,0.4166666666666667,0.3179166666666667,12,0,0.9703829560590826,0.9338405797101448,1.0,0.4093453610987002,0.8939549175267113,939.3522288779818,0,1104,0,0.0,1,0
20260517_022857,4,e2,PPO+Fuzzy+OP-CBRS-w/o-OSD-Sim2Sim-Transfer-e2,proxy,1,88.24,0,0.99909338168631,5.180928839466885,88.24,0.4166666666666667,0.3179166666666667,12,4,0.9711842122449728,0.9341160471441522,1.0,0.4278596256503949,0.8938679033068522,938.7640504522324,0,1103,0,0.0,1,0
20260517_022857,5,e2,PPO+Fuzzy+OP-CBRS-w/o-OSD-Sim2Sim-Transfer-e2,proxy,1,88.4,2,0.9945701357466064,5.188112680609405,88.4,0.4166666666666667,0.3179166666666667,12,17,0.9696260973878575,0.933647058823529,1.0,0.4889131554573395,0.8941007000325334,937.9596411028131,0,1105,0,0.0,1,0
20260517_022857,6,e2,PPO+Fuzzy+OP-CBRS-w/o-OSD-Sim2Sim-Transfer-e2,proxy,1,88.4,2,0.9963800904977376,5.188045382574564,88.4,0.4166666666666667,0.3179166666666667,12,0,0.9696596242723422,0.9337647058823527,1.0,0.17124504485973555,0.894031302506443,940.7350161660742,0,1105,0,0.0,1,0
20260517_022857,7,e2,PPO+Fuzzy+OP-CBRS-w/o-OSD-Sim2Sim-Transfer-e2,proxy,1,88.08,0,0.9927338782924614,5.173042877494128,88.08,0.4166666666666667,0.3179166666666667,12,3,0.9722256645844483,0.934532243415077,1.0,0.19085145032359965,0.8937297313700537,940.1005263171107,0,1101,0,0.0,1,0
20260517_022857,8,e2,PPO+Fuzzy+OP-CBRS-w/o-OSD-Sim2Sim-Transfer-e2,proxy,1,88.08,1,0.9945504087193461,5.172616942738351,88.08,0.4166666666666667,0.3179166666666667,12,5,0.971926771706608,0.9342143505903722,1.0,0.22182883234893183,0.893708561491555,939.474355054257,0,1101,0,0.0,1,0
20260517_022857,9,e2,PPO+Fuzzy+OP-CBRS-w/o-OSD-Sim2Sim-Transfer-e2,proxy,1,88.24,2,0.9981867633726201,5.180380099517663,88.24,0.4166666666666667,0.3179166666666667,12,0,0.9708147052462709,0.9344333635539435,1.0,0.4876075459560627,0.8937883310033475,937.464227512663,0,1103,0,0.0,1,0
20260517_022857,10,e2,PPO+Fuzzy+OP-CBRS-w/o-OSD-Sim2Sim-Transfer-e2,proxy,1,88.16,0,0.9945553539019963,5.176555161676389,88.16,0.4166666666666667,0.3179166666666667,12,0,0.9714081367433829,0.9340562613430125,1.0,0.02445806004945769,0.8937684282738233,941.5882895543781,0,1102,0,0.0,1,0
20260517_022857,11,e2,PPO+Fuzzy+OP-CBRS-w/o-OSD-Sim2Sim-Transfer-e2,proxy,1,88.32000000000001,0,0.9927536231884058,5.183345253819188,88.32000000000001,0.4166666666666667,0.3179166666666667,12,0,0.9695390554117984,0.9341032608695649,1.0,0.5769359306245154,0.8890123162188034,936.218263045387,0,1104,0,0.0,1,0
20260517_022857,12,e2,PPO+Fuzzy+OP-CBRS-w/o-OSD-Sim2Sim-Transfer-e2,proxy,1,88.24,1,0.9927470534904805,5.180058234947964,88.24,0.3854166666666667,0.2866666666666667,12,6,0.9705689310054831,0.9341795104261102,0.5,0.19676352722461043,0.8939220128349017,949.2373451424402,0,1103,0,0.0,1,0
20260517_022857,13,e2,PPO+Fuzzy+OP-CBRS-w/o-OSD-Sim2Sim-Transfer-e2,proxy,1,88.16,0,1.0,5.17705915130008,88.16,0.4166666666666667,0.3179166666666667,12,0,0.9717853643716788,0.9345916515426496,1.0,0.6407257870943446,0.8938651439957485,936.7463781777036,0,1102,0,0.0,1,0
20260517_022857,14,e2,PPO+Fuzzy+OP-CBRS-w/o-OSD-Sim2Sim-Transfer-e2,proxy,1,88.32000000000001,0,0.9981884057971014,5.184468847844571,88.32000000000001,0.4166666666666667,0.3179166666666667,12,0,0.9703642512685147,0.9335778985507245,1.0,0.6709641313713813,0.8940711007785318,936.8639391622321,0,1104,0,0.0,1,0
20260517_022857,15,e2,PPO+Fuzzy+OP-CBRS-w/o-OSD-Sim2Sim-Transfer-e2,proxy,1,88.08,0,0.9918256130790191,5.172865718384575,88.08,0.4166666666666667,0.3179166666666667,12,5,0.9721784299335947,0.9343505903723885,1.0,0.45496874510246516,0.8935619262494024,937.457737707899,0,1101,0,0.0,1,0
20260517_022857,16,e2,PPO+Fuzzy+OP-CBRS-w/o-OSD-Sim2Sim-Transfer-e2,proxy,1,88.16,4,0.9927404718693285,5.175812798980322,88.16,0.4166666666666667,0.3179166666666667,12,2,0.9709141633579822,0.9335027223230489,1.0,0.36547844060329776,0.8937052907146117,937.0457751455664,0,1102,0,0.0,1,0
20260517_022857,17,e2,PPO+Fuzzy+OP-CBRS-w/o-OSD-Sim2Sim-Transfer-e2,proxy,1,88.24,2,0.99909338168631,5.180584878110666,88.24,0.4166666666666667,0.3179166666666667,12,1,0.9709004263173204,0.9341160471441522,1.0,0.6595519456545083,0.8940055805280125,936.0383161109489,0,1103,0,0.0,1,0
20260517_022857,18,e2,PPO+Fuzzy+OP-CBRS-w/o-OSD-Sim2Sim-Transfer-e2,proxy,1,88.16,1,0.984573502722323,5.176547201903849,88.16,0.4166666666666667,0.3179166666666667,12,3,0.9713924417911121,0.9347731397459165,1.0,0.19009810491286114,0.8938217704247451,939.4914624108536,0,1102,0,0.0,1,0
20260517_022857,19,e2,PPO+Fuzzy+OP-CBRS-w/o-OSD-Sim2Sim-Transfer-e2,proxy,1,88.24,1,0.99909338168631,5.180502745928432,88.24,0.4166666666666667,0.3179166666666667,12,0,0.9709024952955929,0.9336446056210332,1.0,0.44478962210776263,0.8937992600261944,938.2065991032041,0,1103,0,0.0,1,0
20260517_022857,20,e2,PPO+Fuzzy+OP-CBRS-w/o-OSD-Sim2Sim-Transfer-e2,proxy,1,88.32000000000001,2,0.9990942028985508,5.184242959699977,88.32000000000001,0.4136601111807047,0.31491011118070467,12,2,0.9702663835192072,0.933695652173913,0.9518951122246239,0.5482944787461322,0.8938915079509043,938.03069624858,0,1104,0,0.0,1,0
20260517_022857,21,e2,PPO+Fuzzy+OP-CBRS-w/o-OSD-Sim2Sim-Transfer-e2,proxy,1,88.32000000000001,2,0.9972826086956522,5.183809010237209,88.32000000000001,0.4166666666666667,0.3179166666666667,12,0,0.9698918480696022,0.9344927536231883,1.0,0.36640760439301784,0.894007209942627,938.6748114691839,0,1104,0,0.0,1,0
20260517_022857,22,e2,PPO+Fuzzy+OP-CBRS-w/o-OSD-Sim2Sim-Transfer-e2,proxy,1,88.88,3,0.9981998199819982,5.212964876164896,88.88,0.4166666666666667,0.3179166666666667,12,5,0.9672851812506881,0.9341584158415839,1.0,0.45923763601177753,0.8844708234817525,938.5577192285693,0,1111,0,0.0,1,0
20260517_022857,23,e2,PPO+Fuzzy+OP-CBRS-w/o-OSD-Sim2Sim-Transfer-e2,proxy,1,88.16,2,0.9972776769509982,5.176488070793993,88.16,0.4166666666666667,0.3179166666666667,12,4,0.9713362868057188,0.9345281306715061,1.0,0.17180107189782726,0.8937447970883471,939.7854065493535,0,1102,0,0.0,1,0
20260517_022857,24,e2,PPO+Fuzzy+OP-CBRS-w/o-OSD-Sim2Sim-Transfer-e2,proxy,1,88.08,0,0.9990917347865577,5.171633962581474,88.08,0.4166666666666667,0.3179166666666667,12,3,0.971270424089683,0.9345231607629426,1.0,0.28272648193972805,0.8935893802025844,939.2113797990492,0,1101,0,0.0,1,0
20260517_022857,25,e2,PPO+Fuzzy+OP-CBRS-w/o-OSD-Sim2Sim-Transfer-e2,proxy,1,88.08,0,0.9981834695731153,5.173091698737291,88.08,0.4166666666666667,0.3179166666666667,12,0,0.9722569644938373,0.934232515894641,1.0,0.48447818449021524,0.8937303097588725,937.5243393397226,0,1101,0,0.0,1,0
20260517_022857,26,e2,PPO+Fuzzy+OP-CBRS-w/o-OSD-Sim2Sim-Transfer-e2,proxy,1,88.08,1,0.9936421435059037,5.173086070476253,88.08,0.4166666666666667,0.3179166666666667,12,0,0.9722530886760957,0.9339237057220706,1.0,0.37667926589527667,0.8937313643806059,938.0028095951747,0,1101,0,0.0,1,0
20260517_022857,27,e2,PPO+Fuzzy+OP-CBRS-w/o-OSD-Sim2Sim-Transfer-e2,proxy,1,88.08,1,0.9954586739327884,5.173059570999036,88.08,0.41083023836508326,0.31208023836508325,12,1,0.9722341825808318,0.934532243415077,0.9066171471746497,0.1257619853795872,0.8937397306376708,941.7949043840536,0,1101,0,0.0,1,0
20260517_022857,28,e2,PPO+Fuzzy+OP-CBRS-w/o-OSD-Sim2Sim-Transfer-e2,proxy,1,88.08,1,0.9990917347865577,5.1730425458304135,88.08,0.4166666666666667,0.3179166666666667,12,0,0.9722212896251765,0.9344141689373294,1.0,0.13958899047065346,0.8937488115876763,940.1385472063719,0,1101,0,0.0,1,0
20260517_022857,29,e2,PPO+Fuzzy+OP-CBRS-w/o-OSD-Sim2Sim-Transfer-e2,proxy,1,88.16,0,0.9981851179673321,5.176843320546382,88.16,0.4166666666666667,0.3179166666666667,12,5,0.9715867517431505,0.9339382940108889,1.0,0.3316489195819002,0.8938669299200301,939.1723055798261,0,1102,0,0.0,1,0
20260517_022857,30,e2,PPO+Fuzzy+OP-CBRS-w/o-OSD-Sim2Sim-Transfer-e2,proxy,1,88.08,2,0.9981834695731153,5.172812073787981,88.08,0.4156277712289019,0.3168777712289018,12,4,0.9720805166636024,0.9341689373297001,0.983377672995755,0.5033819200052282,0.8936183128938479,936.8726575088295,0,1101,0,0.0,1,0
20260517_022857,31,e2,PPO+Fuzzy+OP-CBRS-w/o-OSD-Sim2Sim-Transfer-e2,proxy,1,88.08,1,0.9981834695731153,5.17298908206846,88.08,0.4166666666666667,0.3179166666666667,12,9,0.972196417489342,0.9339237057220706,1.0,0.8135882250100198,0.8936647198487511,934.2753296264964,0,1101,0,0.0,1,0
20260517_022857,32,e2,PPO+Fuzzy+OP-CBRS-w/o-OSD-Sim2Sim-Transfer-e2,proxy,1,88.08,0,0.9936421435059037,5.17251210047141,88.08,0.40104166666666674,0.3022916666666667,12,0,0.9718502541762065,0.9337965485921889,0.75,0.6403531348384955,0.8936967527617331,940.1604727699488,0,1101,0,0.0,1,0
20260517_022857,33,e2,PPO+Fuzzy+OP-CBRS-w/o-OSD-Sim2Sim-Transfer-e2,proxy,1,88.16,4,0.9954627949183303,5.176311176946874,88.16,0.4166666666666667,0.3179166666666667,12,0,0.9712408918975269,0.934419237749546,1.0,0.7067412605661142,0.893773535717531,934.4988076597922,0,1102,0,0.0,1,0
20260517_022857,34,e2,PPO+Fuzzy+OP-CBRS-w/o-OSD-Sim2Sim-Transfer-e2,proxy,1,88.16,1,0.9990925589836661,5.176685726726098,88.16,0.4166666666666667,0.3179166666666667,12,6,0.9715176973823194,0.9338747731397458,1.0,0.6372897373027028,0.8936833023753956,936.2738885519923,0,1102,0,0.0,1,0
20260517_022857,35,e2,PPO+Fuzzy+OP-CBRS-w/o-OSD-Sim2Sim-Transfer-e2,proxy,1,88.08,2,0.9918256130790191,5.173167189405124,88.08,0.4166666666666667,0.3179166666666667,12,3,0.9722996056350549,0.9343505903723885,1.0,0.4723917161820744,0.8937250683848251,936.3422119438769,0,1101,0,0.0,1,0
20260517_022857,36,e2,PPO+Fuzzy+OP-CBRS-w/o-OSD-Sim2Sim-Transfer-e2,proxy,1,88.08,1,0.9936421435059037,5.17303633470304,88.08,0.4166666666666667,0.3179166666666667,12,2,0.972217790545603,0.934532243415077,1.0,0.36959167061111825,0.8937439719240986,938.0147656756234,0,1101,0,0.0,1,0
20260517_022857,37,e2,PPO+Fuzzy+OP-CBRS-w/o-OSD-Sim2Sim-Transfer-e2,proxy,1,88.24,0,0.9972801450589301,5.180692623161338,88.24,0.4166666666666667,0.3179166666666667,12,0,0.9709868426768216,0.9340072529465091,1.0,0.41219430251423916,0.8938754865402629,938.831580845657,0,1103,0,0.0,1,0
20260517_022857,38,e2,PPO+Fuzzy+OP-CBRS-w/o-OSD-Sim2Sim-Transfer-e2,proxy,1,88.16,3,0.9936479128856625,5.175917141774884,88.16,0.4166666666666667,0.3179166666666667,12,0,0.9709679276129728,0.934228675136116,1.0,0.0,0.8933278071616328,940.6749021269891,0,1102,0,0.0,1,0
20260517_022857,39,e2,PPO+Fuzzy+OP-CBRS-w/o-OSD-Sim2Sim-Transfer-e2,proxy,1,88.08,0,0.9981834695731153,5.172763950989777,88.08,0.4166666666666667,0.3179166666666667,12,0,0.9720331772038548,0.933732970027248,1.0,0.21942086188923282,0.8937292989307307,939.8555521642162,0,1101,0,0.0,1,0
20260517_022857,40,e2,PPO+Fuzzy+OP-CBRS-w/o-OSD-Sim2Sim-Transfer-e2,proxy,1,88.24,2,0.99909338168631,5.180913098842867,88.24,0.4166666666666667,0.3179166666666667,12,6,0.9711435237799789,0.9338893925657296,1.0,0.3382654735869388,0.8939220770615397,938.8228171359511,0,1103,0,0.0,1,0
20260517_022857,41,e2,PPO+Fuzzy+OP-CBRS-w/o-OSD-Sim2Sim-Transfer-e2,proxy,1,88.08,2,0.997275204359673,5.173079543472882,88.08,0.4166666666666667,0.3179166666666667,12,5,0.9722475777096796,0.934232515894641,1.0,0.6736734851714322,0.8937542484565674,935.1375757089188,0,1101,0,0.0,1,0
20260517_022857,42,e2,PPO+Fuzzy+OP-CBRS-w/o-OSD-Sim2Sim-Transfer-e2,proxy,1,88.08,1,0.9963669391462306,5.173065383316095,88.08,0.41627267843850146,0.3175226784385014,12,3,0.9722388513947919,0.934105358764759,0.9936961883493303,0.0526705714733144,0.893739108169915,941.167169844329,0,1101,0,0.0,1,0
20260517_022857,43,e2,PPO+Fuzzy+OP-CBRS-w/o-OSD-Sim2Sim-Transfer-e2,proxy,1,88.16,2,0.9990925589836661,5.176950890712121,88.16,0.4166666666666667,0.3179166666666667,12,3,0.9716542180350385,0.9341107078039924,1.0,0.6404921689686411,0.8938913123194225,935.9690369602134,0,1102,0,0.0,1,0
20260517_022857,44,e2,PPO+Fuzzy+OP-CBRS-w/o-OSD-Sim2Sim-Transfer-e2,proxy,1,88.64,2,0.9963898916967509,5.198348180583816,88.64,0.39067086876861973,0.2919208687686197,12,0,0.966855225876135,0.9348826714801441,0.5840672336312396,0.6588059258056467,0.8786140098037585,941.3203324420396,0,1108,0,0.0,1,0
20260517_022857,45,e2,PPO+Fuzzy+OP-CBRS-w/o-OSD-Sim2Sim-Transfer-e2,proxy,1,88.16,0,0.9981851179673321,5.177023696171581,88.16,0.4166666666666667,0.3179166666666667,12,3,0.9717026880778332,0.9339382940108889,1.0,0.3755026734811508,0.8938627549569946,938.9230181884581,0,1102,0,0.0,1,0
20260517_022857,46,e2,PPO+Fuzzy+OP-CBRS-w/o-OSD-Sim2Sim-Transfer-e2,proxy,1,88.08,0,0.9936421435059037,5.173144237404547,88.08,0.4166666666666667,0.3179166666666667,12,10,0.9722856345986584,0.934232515894641,1.0,0.11924185610228924,0.8937667135074249,940.8479906487224,0,1101,0,0.0,1,0
20260517_022857,47,e2,PPO+Fuzzy+OP-CBRS-w/o-OSD-Sim2Sim-Transfer-e2,proxy,1,88.16,1,0.9963702359346642,5.17721593550828,88.16,0.4166666666666667,0.3179166666666667,12,0,0.9718580618095052,0.9338747731397458,1.0,0.061200981340591765,0.8938083287226503,941.1042398930394,0,1102,0,0.0,1,0
20260517_022857,48,e2,PPO+Fuzzy+OP-CBRS-w/o-OSD-Sim2Sim-Transfer-e2,proxy,1,88.16,3,0.9963702359346642,5.177197324811818,88.16,0.4166666666666667,0.3179166666666667,12,14,0.9717609358785806,0.9343012704174226,1.0,0.3996641273423051,0.8938496168595781,937.563672617188,0,1102,0,0.0,1,0
20260517_022857,49,e2,PPO+Fuzzy+OP-CBRS-w/o-OSD-Sim2Sim-Transfer-e2,proxy,1,88.08,0,0.9954586739327884,5.173140657925303,88.08,0.40869074122766547,0.3099407412276654,12,0,0.9722823517415655,0.9339237057220706,0.8723851929759973,0.49166476369513934,0.8937263543394153,939.6921062798608,0,1101,0,0.0,1,0
20260517_022857,50,e2,PPO+Fuzzy+OP-CBRS-w/o-OSD-Sim2Sim-Transfer-e2,proxy,1,88.16,1,0.9972776769509982,5.176768622937022,88.16,0.4166666666666667,0.3179166666666667,12,0,0.9715357541280736,0.9345916515426496,1.0,0.18126368585362412,0.8938923803779564,940.3711821358556,0,1102,0,0.0,1,0
20260517_022857,51,e2,PPO+Fuzzy+OP-CBRS-w/o-OSD-Sim2Sim-Transfer-e2,proxy,1,88.08,2,0.9936421435059037,5.173117681995678,88.08,0.4166666666666667,0.3179166666666667,12,6,0.9722718868225299,0.9339237057220706,1.0,0.32997310086312365,0.8937494810027735,937.9026598814854,0,1101,0,0.0,1,0
20260517_022857,52,e2,PPO+Fuzzy+OP-CBRS-w/o-OSD-Sim2Sim-Transfer-e2,proxy,1,88.08,0,0.997275204359673,5.173270219566296,88.08,0.40251280969374337,0.3037628096937433,12,0,0.9723716850285092,0.9341689373297001,0.7735382884332096,0.43649826984028245,0.893750155533802,941.744416118907,0,1101,0,0.0,1,0
20260517_022857,53,e2,PPO+Fuzzy+OP-CBRS-w/o-OSD-Sim2Sim-Transfer-e2,proxy,1,88.08,1,0.9936421435059037,5.173338698780433,88.08,0.4166666666666667,0.3179166666666667,12,6,0.9724157643686306,0.9341689373297001,1.0,0.487542450937494,0.8937599983930824,936.8548637679854,0,1101,0,0.0,1,0
20260517_022857,54,e2,PPO+Fuzzy+OP-CBRS-w/o-OSD-Sim2Sim-Transfer-e2,proxy,1,88.08,0,0.9963669391462306,5.172703656418862,88.08,0.4166666666666667,0.3179166666666667,12,0,0.9720040604702241,0.9341689373297001,1.0,0.46992019501640175,0.8937031861624167,937.4554493550736,0,1101,0,0.0,1,0
20260517_022857,55,e2,PPO+Fuzzy+OP-CBRS-w/o-OSD-Sim2Sim-Transfer-e2,proxy,1,88.08,5,0.9981834695731153,5.172833525581548,88.08,0.4166666666666667,0.3179166666666667,12,0,0.972087969842767,0.9347138964577656,1.0,0.2838409191310422,0.8936592879215367,937.2320582067591,0,1101,0,0.0,1,0
20260517_022857,56,e2,PPO+Fuzzy+OP-CBRS-w/o-OSD-Sim2Sim-Transfer-e2,proxy,1,88.08,0,0.9981834695731153,5.173349600355769,88.08,0.4068431928316557,0.3080931928316557,12,0,0.9724227385993008,0.9341689373297001,0.8428244186398169,0.7846569130684816,0.893761643028388,937.6190442821007,0,1101,0,0.0,1,0
20260517_022857,57,e2,PPO+Fuzzy+OP-CBRS-w/o-OSD-Sim2Sim-Transfer-e2,proxy,1,88.08,1,0.9990917347865577,5.173257377381681,88.08,0.4166666666666667,0.3179166666666667,12,0,0.9723635212493744,0.9341689373297001,1.0,0.839928529230294,0.8937469818608186,934.0978174585225,0,1101,0,0.0,1,0
20260517_022857,58,e2,PPO+Fuzzy+OP-CBRS-w/o-OSD-Sim2Sim-Transfer-e2,proxy,1,88.08,3,0.9990917347865577,5.173043232919921,88.08,0.4166666666666667,0.3179166666666667,12,0,0.972229907774687,0.9339872842870115,1.0,0.4873200204405034,0.8936592822425282,936.3180724860648,0,1101,0,0.0,1,0
20260517_022857,59,e2,PPO+Fuzzy+OP-CBRS-w/o-OSD-Sim2Sim-Transfer-e2,proxy,1,88.16,1,0.9918330308529946,5.176939631173661,88.16,0.4166666666666667,0.3179166666666667,12,0,0.9716489575735671,0.9345281306715061,1.0,0.3464022103586485,0.8938971309806018,938.8350594483866,0,1102,0,0.0,1,0
20260517_022857,60,e2,PPO+Fuzzy+OP-CBRS-w/o-OSD-Sim2Sim-Transfer-e2,proxy,1,88.08,2,0.9981834695731153,5.173304723053906,88.08,0.4166666666666667,0.3179166666666667,12,2,0.9723940352544689,0.9341689373297001,1.0,0.4541852859391187,0.8937581717398982,937.074037212983,0,1101,0,0.0,1,0
20260517_022857,61,e2,PPO+Fuzzy+OP-CBRS-w/o-OSD-Sim2Sim-Transfer-e2,proxy,1,88.08,2,0.9981834695731153,5.173268459182873,88.08,0.4166666666666667,0.3179166666666667,12,4,0.9723615426566794,0.9341689373297001,1.0,0.5619918955959055,0.8937566665898148,936.3630317521715,0,1101,0,0.0,1,0
20260517_022857,62,e2,PPO+Fuzzy+OP-CBRS-w/o-OSD-Sim2Sim-Transfer-e2,proxy,1,88.08,1,0.9981834695731153,5.173228731816041,88.08,0.4166666666666667,0.3179166666666667,12,7,0.9723450416981578,0.9341689373297001,1.0,0.5225361452846347,0.8937541853022951,937.0835891439222,0,1101,0,0.0,1,0
20260517_022857,63,e2,PPO+Fuzzy+OP-CBRS-w/o-OSD-Sim2Sim-Transfer-e2,proxy,1,88.08,1,0.9954586739327884,5.173315542907432,88.08,0.4166666666666667,0.3179166666666667,12,4,0.9724009563769134,0.9341689373297001,1.0,0.3020840350140073,0.8937602031850795,938.8838906240951,0,1101,0,0.0,1,0
20260517_022857,64,e2,PPO+Fuzzy+OP-CBRS-w/o-OSD-Sim2Sim-Transfer-e2,proxy,1,88.08,2,0.9963669391462306,5.173154785011474,88.08,0.399329331902811,0.300579331902811,12,7,0.9722910448705793,0.9339237057220706,0.7226026437782954,0.21593865193597175,0.8937683268166833,944.1356364216247,0,1101,0,0.0,1,0
20260517_022857,65,e2,PPO+Fuzzy+OP-CBRS-w/o-OSD-Sim2Sim-Transfer-e2,proxy,1,88.16,0,0.9981851179673321,5.177190339783741,88.16,0.4166666666666667,0.3179166666666667,12,5,0.971838177278124,0.9338747731397458,1.0,0.5958485864976377,0.8938092364159432,936.914479491522,0,1102,0,0.0,1,0
20260517_022857,66,e2,PPO+Fuzzy+OP-CBRS-w/o-OSD-Sim2Sim-Transfer-e2,proxy,1,88.08,1,0.9990917347865577,5.172692180942977,88.08,0.4166666666666667,0.3179166666666667,12,0,0.9719986632452782,0.9344141689373294,1.0,0.34720133202296327,0.8935370336757886,938.3898728481835,0,1101,0,0.0,1,0
20260517_022857,67,e2,PPO+Fuzzy+OP-CBRS-w/o-OSD-Sim2Sim-Transfer-e2,proxy,1,88.08,0,0.9981834695731153,5.17325670984778,88.08,0.4166666666666667,0.3179166666666667,12,4,0.972362707735299,0.9339237057220706,1.0,0.5178635312760079,0.8937524993315471,937.405260208243,0,1101,0,0.0,1,0
20260517_022857,68,e2,PPO+Fuzzy+OP-CBRS-w/o-OSD-Sim2Sim-Transfer-e2,proxy,1,88.16,1,0.9981851179673321,5.177015698081664,88.16,0.4166666666666667,0.3179166666666667,12,13,0.9717032630300781,0.9345916515426496,1.0,0.9093777354877607,0.8938259014775842,934.0924471745986,0,1102,0,0.0,1,0
20260517_022857,69,e2,PPO+Fuzzy+OP-CBRS-w/o-OSD-Sim2Sim-Transfer-e2,proxy,1,88.16,3,1.0,5.176228020377792,88.16,0.4166666666666667,0.3179166666666667,12,0,0.9711740961308488,0.9342377495462793,1.0,0.6779176454991036,0.8938171326549571,935.1197595128152,0,1102,0,0.0,1,0
20260517_024212,2,e2,Eval-PPO+Fuzzy+OP-CBRS-w/o-OSD-e2,proxy,1,88.08,1,1.0,5.173349406316853,88.08,0.4166666666666667,0.3179166666666667,12,10,0.9724226124063607,0.9341689373297001,1.0,0.4053115948621959,0.8937587978934695,937.9311208448528,0,1101,0,0.0,1,0
20260517_024212,4,e2,Eval-PPO+Fuzzy+OP-CBRS-w/o-OSD-e2,proxy,1,88.08,1,0.997275204359673,5.173349600355769,88.08,0.4166666666666667,0.3179166666666667,12,3,0.9724227385993008,0.9341689373297001,1.0,0.07333906958878872,0.893761643028388,940.7017759339119,0,1101,0,0.0,1,0
20260517_024212,6,e2,Eval-PPO+Fuzzy+OP-CBRS-w/o-OSD-e2,proxy,1,88.08,2,0.997275204359673,5.173349600355769,88.08,0.40928236524597145,0.3105323652459714,12,6,0.9724227385993008,0.9341689373297001,0.8818511772688895,0.37576613547516036,0.893761643028388,939.5828097534727,0,1101,0,0.0,1,0
20260517_024212,8,e2,Eval-PPO+Fuzzy+OP-CBRS-w/o-OSD-e2,proxy,1,88.08,0,0.997275204359673,5.173349600355769,88.08,0.4166666666666667,0.3179166666666667,12,0,0.9724227385993008,0.9341689373297001,1.0,0.48181657498770913,0.893761643028388,937.5478376054314,0,1101,0,0.0,1,0
20260517_024212,10,e2,Eval-PPO+Fuzzy+OP-CBRS-w/o-OSD-e2,proxy,1,88.08,1,0.9990917347865577,5.173349600355769,88.08,0.4166666666666667,0.3179166666666667,12,0,0.9724227385993008,0.9341689373297001,1.0,0.33644639814441796,0.893761643028388,938.3175519746048,0,1101,0,0.0,1,0
20260517_024212,12,e2,Eval-PPO+Fuzzy+OP-CBRS-w/o-OSD-e2,proxy,1,88.08,0,0.9981834695731153,5.173349600355769,88.08,0.41442327961657227,0.31567327961657227,12,3,0.9724227385993008,0.9341689373297001,0.9641058071984977,0.7114570591280728,0.893761643028388,936.3690664811506,0,1101,0,0.0,1,0
20260517_024212,14,e2,Eval-PPO+Fuzzy+OP-CBRS-w/o-OSD-e2,proxy,1,88.08,1,0.997275204359673,5.173349600355769,88.08,0.4166666666666667,0.3179166666666667,12,0,0.9724227385993008,0.9341689373297001,1.0,0.5406474660885676,0.893761643028388,936.6293665489253,0,1101,0,0.0,1,0
20260517_024212,16,e2,Eval-PPO+Fuzzy+OP-CBRS-w/o-OSD-e2,proxy,1,88.08,2,0.9927338782924614,5.173349600355769,88.08,0.4070076003353289,0.30825760033532884,12,0,0.9724227385993008,0.9341689373297001,0.8454549386985947,0.4162681013012846,0.893761643028388,939.6513364841243,0,1101,0,0.0,1,0
20260517_024212,18,e2,Eval-PPO+Fuzzy+OP-CBRS-w/o-OSD-e2,proxy,1,88.08,2,0.9918256130790191,5.173349600355769,88.08,0.38913527141757204,0.290385271417572,12,0,0.9724227385993008,0.9341689373297001,0.5594976760144856,0.23309832761833568,0.893761643028388,946.4920923772588,0,1101,0,0.0,1,0
20260517_024212,20,e2,Eval-PPO+Fuzzy+OP-CBRS-w/o-OSD-e2,proxy,1,88.08,0,0.9900090826521344,5.173349600355769,88.08,0.4085470293021996,0.30979702930219954,12,5,0.9724227385993008,0.9341689373297001,0.87008580216854,0.4775043723520145,0.893761643028388,939.5962622484842,0,1101,0,0.0,1,0
20260517_024212,22,e2,Eval-PPO+Fuzzy+OP-CBRS-w/o-OSD-e2,proxy,1,88.08,1,0.9990917347865577,5.173349600355769,88.08,0.4166666666666667,0.3179166666666667,12,0,0.9724227385993008,0.9341689373297001,1.0,0.8479772722779697,0.893761643028388,934.0118819873187,0,1101,0,0.0,1,0
20260517_024212,24,e2,Eval-PPO+Fuzzy+OP-CBRS-w/o-OSD-e2,proxy,1,88.08,1,0.997275204359673,5.173349600355769,88.08,0.4166666666666667,0.3179166666666667,12,6,0.9724227385993008,0.9341689373297001,1.0,0.6578324559130423,0.893761643028388,935.5245727131519,0,1101,0,0.0,1,0
20260517_024212,26,e2,Eval-PPO+Fuzzy+OP-CBRS-w/o-OSD-e2,proxy,1,88.08,0,1.0,5.173349600355769,88.08,0.4166666666666667,0.3179166666666667,12,0,0.9724227385993008,0.9341689373297001,1.0,0.161175423313523,0.893761643028388,940.5317003746196,0,1101,0,0.0,1,0
20260517_024212,28,e2,Eval-PPO+Fuzzy+OP-CBRS-w/o-OSD-e2,proxy,1,88.08,0,0.9945504087193461,5.173349600355769,88.08,0.4166666666666667,0.3179166666666667,12,4,0.9724227385993008,0.9341689373297001,1.0,0.7394096208853113,0.893761643028388,935.192428328064,0,1101,0,0.0,1,0
20260517_024212,30,e2,Eval-PPO+Fuzzy+OP-CBRS-w/o-OSD-e2,proxy,1,88.08,2,1.0,5.173349600355769,88.08,0.4166666666666667,0.3179166666666667,12,4,0.9724227385993008,0.9341689373297001,1.0,0.8467474161263845,0.893761643028388,933.7193163104585,0,1101,0,0.0,1,0
20260517_024212,32,e2,Eval-PPO+Fuzzy+OP-CBRS-w/o-OSD-e2,proxy,1,88.08,0,0.9963669391462306,5.173349600355769,88.08,0.4166666666666667,0.3179166666666667,12,12,0.9724227385993008,0.9341689373297001,1.0,0.3010183983751632,0.893761643028388,939.1591084038216,0,1101,0,0.0,1,0
20260517_024212,34,e2,Eval-PPO+Fuzzy+OP-CBRS-w/o-OSD-e2,proxy,1,88.08,0,0.9872842870118075,5.173349600355769,88.08,0.4166666666666667,0.3179166666666667,12,0,0.9724227385993008,0.9341689373297001,1.0,0.44659392140260845,0.893761643028388,937.3412902127582,0,1101,0,0.0,1,0
20260517_024212,36,e2,Eval-PPO+Fuzzy+OP-CBRS-w/o-OSD-e2,proxy,1,88.08,0,0.9963669391462306,5.173349600355769,88.08,0.4166666666666667,0.3179166666666667,12,0,0.9724227385993008,0.9341689373297001,1.0,0.3106045186760471,0.893761643028388,938.9337438036326,0,1101,0,0.0,1,0
20260517_024212,38,e2,Eval-PPO+Fuzzy+OP-CBRS-w/o-OSD-e2,proxy,1,88.08,2,0.9945504087193461,5.173349600355769,88.08,0.4166666666666667,0.3179166666666667,12,0,0.9724227385993008,0.9341689373297001,1.0,0.15684756724021798,0.893761643028388,939.8133769053734,0,1101,0,0.0,1,0
20260517_024212,40,e2,Eval-PPO+Fuzzy+OP-CBRS-w/o-OSD-e2,proxy,1,88.08,0,0.9990917347865577,5.173349600355769,88.08,0.4166666666666667,0.3179166666666667,12,0,0.9724227385993008,0.9341689373297001,1.0,0.37676916393046234,0.893761643028388,938.5062069210871,0,1101,0,0.0,1,0
20260517_024212,42,e2,Eval-PPO+Fuzzy+OP-CBRS-w/o-OSD-e2,proxy,1,88.08,0,0.997275204359673,5.173349600355769,88.08,0.4166666666666667,0.3179166666666667,12,4,0.9724227385993008,0.9341689373297001,1.0,0.0,0.893761643028388,941.9528727845034,0,1101,0,0.0,1,0
20260517_024212,44,e2,Eval-PPO+Fuzzy+OP-CBRS-w/o-OSD-e2,proxy,1,88.08,2,0.9954586739327884,5.173349600355769,88.08,0.4163126856139185,0.3175626856139185,12,0,0.9724227385993008,0.9341689373297001,0.9943363031560339,0.19571323660567713,0.893761643028388,939.22156487498,0,1101,0,0.0,1,0
20260517_024212,46,e2,Eval-PPO+Fuzzy+OP-CBRS-w/o-OSD-e2,proxy,1,88.08,1,0.9981834695731153,5.173349600355769,88.08,0.4166666666666667,0.3179166666666667,12,5,0.9724227385993008,0.9341689373297001,1.0,0.4310821598830899,0.893761643028388,937.683202942777,0,1101,0,0.0,1,0
20260517_024212,48,e2,Eval-PPO+Fuzzy+OP-CBRS-w/o-OSD-e2,proxy,1,88.08,0,0.997275204359673,5.173349600355769,88.08,0.4166666666666667,0.3179166666666667,12,5,0.9724227385993008,0.9341689373297001,1.0,0.5864617244593991,0.893761643028388,936.6046747561508,0,1101,0,0.0,1,0
20260517_024212,50,e2,Eval-PPO+Fuzzy+OP-CBRS-w/o-OSD-e2,proxy,1,88.08,1,0.9990917347865577,5.173349600355769,88.08,0.41440953669745534,0.31565953669745533,12,0,0.9724227385993008,0.9341689373297001,0.9638859204926352,0.6598871020003877,0.893761643028388,936.4814953182467,0,1101,0,0.0,1,0
20260517_024212,52,e2,Eval-PPO+Fuzzy+OP-CBRS-w/o-OSD-e2,proxy,1,88.08,1,0.9981834695731153,5.173349600355769,88.08,0.4166666666666667,0.3179166666666667,12,3,0.9724227385993008,0.9341689373297001,1.0,0.23370711332048574,0.893761643028388,939.4010357845999,0,1101,0,0.0,1,0
20260517_024212,54,e2,Eval-PPO+Fuzzy+OP-CBRS-w/o-OSD-e2,proxy,1,88.08,1,0.9990917347865577,5.173349600355769,88.08,0.4096736234250666,0.3109236234250665,12,0,0.9724227385993008,0.9341689373297001,0.8881113081343982,0.22289874268048676,0.893761643028388,941.4694879212307,0,1101,0,0.0,1,0
20260517_024212,56,e2,Eval-PPO+Fuzzy+OP-CBRS-w/o-OSD-e2,proxy,1,88.08,2,0.9945504087193461,5.173349600355769,88.08,0.4166666666666667,0.3179166666666667,12,7,0.9724227385993008,0.9341689373297001,1.0,0.531853728125458,0.893761643028388,936.0784710362722,0,1101,0,0.0,1,0
20260517_024212,58,e2,Eval-PPO+Fuzzy+OP-CBRS-w/o-OSD-e2,proxy,1,88.08,1,0.9963669391462306,5.173349600355769,88.08,0.4166666666666667,0.3179166666666667,12,3,0.9724227385993008,0.9341689373297001,1.0,0.6288743999064398,0.893761643028388,935.9482658026837,0,1101,0,0.0,1,0
20260517_024212,60,e2,Eval-PPO+Fuzzy+OP-CBRS-w/o-OSD-e2,proxy,1,88.08,0,0.9990917347865577,5.173349600355769,88.08,0.41288176882905697,0.3141317688290569,12,0,0.9724227385993008,0.9341689373297001,0.9394416345982335,0.37375915677730004,0.893761643028388,939.5343661745479,0,1101,0,0.0,1,0
20260517_024212,62,e2,Eval-PPO+Fuzzy+OP-CBRS-w/o-OSD-e2,proxy,1,88.08,0,0.9981834695731153,5.173349600355769,88.08,0.4122060117068286,0.3134560117068285,12,0,0.9724227385993008,0.9341689373297001,0.9286295206426073,0.5202590900645416,0.893761643028388,938.5626819884918,0,1101,0,0.0,1,0
20260517_024212,64,e2,Eval-PPO+Fuzzy+OP-CBRS-w/o-OSD-e2,proxy,1,88.08,0,0.9981834695731153,5.173298810480759,88.08,0.4166666666666667,0.3179166666666667,12,0,0.9723899513347706,0.9339237057220706,1.0,0.11547840595475736,0.8935961443341558,940.8056618052248,0,1101,0,0.0,1,0
20260517_024212,66,e2,Eval-PPO+Fuzzy+OP-CBRS-w/o-OSD-e2,proxy,1,88.08,0,1.0,5.173349600355769,88.08,0.4166666666666667,0.3179166666666667,12,0,0.9724227385993008,0.9341689373297001,1.0,0.45073481330906556,0.893761643028388,937.9943378455483,0,1101,0,0.0,1,0
20260517_024212,68,e2,Eval-PPO+Fuzzy+OP-CBRS-w/o-OSD-e2,proxy,1,88.08,0,0.9990917347865577,5.173349600355769,88.08,0.4166666666666667,0.3179166666666667,12,0,0.9724227385993008,0.9341689373297001,1.0,0.624495502795301,0.893761643028388,936.4183859791652,0,1101,0,0.0,1,0
20260517_024212,70,e2,Eval-PPO+Fuzzy+OP-CBRS-w/o-OSD-e2,proxy,1,88.08,1,0.9945504087193461,5.173349600355769,88.08,0.4166666666666667,0.3179166666666667,12,3,0.9724227385993008,0.9341689373297001,1.0,0.419470183788133,0.893761643028388,937.698659777495,0,1101,0,0.0,1,0
20260517_024212,72,e2,Eval-PPO+Fuzzy+OP-CBRS-w/o-OSD-e2,proxy,1,88.08,1,0.9981834695731153,5.173349600355769,88.08,0.4085964622268739,0.3098464622268739,12,0,0.9724227385993008,0.9341689373297001,0.870876728963337,0.48452825545108497,0.893761643028388,939.5383523225294,0,1101,0,0.0,1,0
20260517_024212,74,e2,Eval-PPO+Fuzzy+OP-CBRS-w/o-OSD-e2,proxy,1,88.08,2,0.997275204359673,5.173349600355769,88.08,0.4166666666666667,0.3179166666666667,12,0,0.9724227385993008,0.9341689373297001,1.0,0.49464709006787844,0.893761643028388,936.7987170110018,0,1101,0,0.0,1,0
20260517_024212,76,e2,Eval-PPO+Fuzzy+OP-CBRS-w/o-OSD-e2,proxy,1,88.08,1,0.9990917347865577,5.173349600355769,88.08,0.4166666666666667,0.3179166666666667,12,0,0.9724227385993008,0.9341689373297001,1.0,0.50296919981867,0.893761643028388,937.1103421894398,0,1101,0,0.0,1,0
20260517_024212,78,e2,Eval-PPO+Fuzzy+OP-CBRS-w/o-OSD-e2,proxy,1,88.08,1,0.9990917347865577,5.173349600355769,88.08,0.4166666666666667,0.3179166666666667,12,2,0.9724227385993008,0.9341689373297001,1.0,0.4531029954953285,0.893761643028388,937.7274070745343,0,1101,0,0.0,1,0
20260517_024212,80,e2,Eval-PPO+Fuzzy+OP-CBRS-w/o-OSD-e2,proxy,1,88.08,0,0.9963669391462306,5.173349600355769,88.08,0.4166666666666667,0.3179166666666667,12,11,0.9724227385993008,0.9341689373297001,1.0,0.5796168137820381,0.893761643028388,936.6172368133421,0,1101,0,0.0,1,0
20260517_024212,82,e2,Eval-PPO+Fuzzy+OP-CBRS-w/o-OSD-e2,proxy,1,88.08,0,0.997275204359673,5.173349600355769,88.08,0.4166666666666667,0.3179166666666667,12,0,0.9724227385993008,0.9341689373297001,1.0,0.444768551630674,0.893761643028388,938.0930194292303,0,1101,0,0.0,1,0
20260517_024212,84,e2,Eval-PPO+Fuzzy+OP-CBRS-w/o-OSD-e2,proxy,1,88.08,2,0.9990917347865577,5.173349600355769,88.08,0.4166666666666667,0.3179166666666667,12,2,0.9724227385993008,0.9341689373297001,1.0,0.9339985103679549,0.893761643028388,933.2399611449533,0,1101,0,0.0,1,0
20260517_024212,86,e2,Eval-PPO+Fuzzy+OP-CBRS-w/o-OSD-e2,proxy,1,88.08,1,0.9963669391462306,5.173349600355769,88.08,0.4166666666666667,0.3179166666666667,12,3,0.9724227385993008,0.9341689373297001,1.0,0.279173429860146,0.893761643028388,939.1042065350229,0,1101,0,0.0,1,0
20260517_024212,88,e2,Eval-PPO+Fuzzy+OP-CBRS-w/o-OSD-e2,proxy,1,88.08,2,1.0,5.173349600355769,88.08,0.4166666666666667,0.3179166666666667,12,0,0.9724227385993008,0.9341689373297001,1.0,0.6064330783682321,0.893761643028388,935.967392145326,0,1101,0,0.0,1,0
20260517_024212,90,e2,Eval-PPO+Fuzzy+OP-CBRS-w/o-OSD-e2,proxy,1,88.08,3,0.9936421435059037,5.173349600355769,88.08,0.3966455472303345,0.29789554723033446,12,9,0.9724227385993008,0.9341689373297001,0.6796620890186958,0.3014931355340313,0.893761643028388,943.6841908315345,0,1101,0,0.0,1,0
20260517_024212,92,e2,Eval-PPO+Fuzzy+OP-CBRS-w/o-OSD-e2,proxy,1,88.08,1,0.9954586739327884,5.173349600355769,88.08,0.4094870737666946,0.3107370737666945,12,4,0.9724227385993008,0.9341689373297001,0.8851265136004319,0.15169574663419277,0.893761643028388,942.090653148996,0,1101,0,0.0,1,0
20260517_024212,94,e2,Eval-PPO+Fuzzy+OP-CBRS-w/o-OSD-e2,proxy,1,88.08,1,0.9936421435059037,5.173349600355769,88.08,0.4166666666666667,0.3179166666666667,12,3,0.9724227385993008,0.9341689373297001,1.0,0.5140034671472183,0.893761643028388,936.614401200654,0,1101,0,0.0,1,0
20260517_024212,96,e2,Eval-PPO+Fuzzy+OP-CBRS-w/o-OSD-e2,proxy,1,88.08,2,0.9990917347865577,5.173349600355769,88.08,0.4166666666666667,0.3179166666666667,12,10,0.9724227385993008,0.9341689373297001,1.0,0.24773883626493853,0.893761643028388,938.7542554812749,0,1101,0,0.0,1,0
20260517_024212,98,e2,Eval-PPO+Fuzzy+OP-CBRS-w/o-OSD-e2,proxy,1,88.08,0,0.9990917347865577,5.173349600355769,88.08,0.4166666666666667,0.3179166666666667,12,5,0.9724227385993008,0.9341689373297001,1.0,0.48870674236560446,0.893761643028388,937.7589604710336,0,1101,0,0.0,1,0
20260517_024212,100,e2,Eval-PPO+Fuzzy+OP-CBRS-w/o-OSD-e2,proxy,1,88.08,3,0.997275204359673,5.173349600355769,88.08,0.4166666666666667,0.3179166666666667,12,11,0.9724227385993008,0.9341689373297001,1.0,0.3714546682825075,0.893761643028388,937.5300812096723,0,1101,0,0.0,1,0
